ISO-10303-21;
HEADER;
FILE_DESCRIPTION(('FreeCAD Model'),'2;1');
FILE_NAME('Open CASCADE Shape Model','2026-03-16T20:27:29',(''),(''),
  'Open CASCADE STEP processor 7.8','FreeCAD','Unknown');
FILE_SCHEMA(('AUTOMOTIVE_DESIGN { 1 0 10303 214 1 1 1 1 }'));
ENDSEC;
DATA;
#1 = APPLICATION_PROTOCOL_DEFINITION('international standard',
  'automotive_design',2000,#2);
#2 = APPLICATION_CONTEXT(
  'core data for automotive mechanical design processes');
#3 = SHAPE_DEFINITION_REPRESENTATION(#4,#10);
#4 = PRODUCT_DEFINITION_SHAPE('','',#5);
#5 = PRODUCT_DEFINITION('design','',#6,#9);
#6 = PRODUCT_DEFINITION_FORMATION('','',#7);
#7 = PRODUCT('Baseplate','Baseplate','',(#8));
#8 = PRODUCT_CONTEXT('',#2,'mechanical');
#9 = PRODUCT_DEFINITION_CONTEXT('part definition',#2,'design');
#10 = ADVANCED_BREP_SHAPE_REPRESENTATION('',(#11,#15),#3542);
#11 = AXIS2_PLACEMENT_3D('',#12,#13,#14);
#12 = CARTESIAN_POINT('',(0.,0.,0.));
#13 = DIRECTION('',(0.,0.,1.));
#14 = DIRECTION('',(1.,0.,-0.));
#15 = MANIFOLD_SOLID_BREP('',#16);
#16 = CLOSED_SHELL('',(#17,#320,#346,#379,#404,#429,#454,#479,#574,#669,
    #694,#719,#744,#769,#794,#819,#914,#1009,#1034,#1059,#1084,#1109,
    #1134,#1159,#1254,#1349,#1374,#1399,#1424,#1449,#1474,#1499,#1559,
    #1585,#1611,#1637,#1663,#1688,#1719,#1743,#1767,#1791,#1815,#1856,
    #1883,#1924,#1951,#1975,#1999,#2023,#2047,#2071,#2095,#2136,#2163,
    #2204,#2231,#2255,#2279,#2303,#2327,#2351,#2375,#2416,#2443,#2484,
    #2511,#2535,#2559,#2583,#2607,#2631,#2664,#2704,#2721,#2746,#2770,
    #2788,#2813,#2838,#2863,#2888,#2913,#2955,#3032,#3072,#3112,#3138,
    #3147,#3156,#3165,#3174,#3199,#3224,#3249,#3266,#3355,#3372,#3389,
    #3406,#3431,#3456,#3481,#3506,#3515,#3524,#3533));
#17 = ADVANCED_FACE('',(#18,#29,#271,#282,#293,#304),#315,.T.);
#18 = FACE_BOUND('',#19,.T.);
#19 = EDGE_LOOP('',(#20));
#20 = ORIENTED_EDGE('',*,*,#21,.F.);
#21 = EDGE_CURVE('',#22,#22,#24,.T.);
#22 = VERTEX_POINT('',#23);
#23 = CARTESIAN_POINT('',(90.00000000001,125.,3.));
#24 = CIRCLE('',#25,20.);
#25 = AXIS2_PLACEMENT_3D('',#26,#27,#28);
#26 = CARTESIAN_POINT('',(70.00000000001,125.,3.));
#27 = DIRECTION('',(0.,0.,1.));
#28 = DIRECTION('',(1.,0.,0.));
#29 = FACE_BOUND('',#30,.T.);
#30 = EDGE_LOOP('',(#31,#41,#49,#57,#65,#73,#81,#89,#97,#105,#113,#121,
    #129,#137,#145,#153,#161,#169,#177,#185,#193,#201,#209,#217,#225,
    #233,#241,#249,#257,#265));
#31 = ORIENTED_EDGE('',*,*,#32,.F.);
#32 = EDGE_CURVE('',#33,#35,#37,.T.);
#33 = VERTEX_POINT('',#34);
#34 = CARTESIAN_POINT('',(135.,5.,3.));
#35 = VERTEX_POINT('',#36);
#36 = CARTESIAN_POINT('',(5.,5.,3.));
#37 = LINE('',#38,#39);
#38 = CARTESIAN_POINT('',(138.,5.,3.));
#39 = VECTOR('',#40,1.);
#40 = DIRECTION('',(-1.,0.,0.));
#41 = ORIENTED_EDGE('',*,*,#42,.F.);
#42 = EDGE_CURVE('',#43,#33,#45,.T.);
#43 = VERTEX_POINT('',#44);
#44 = CARTESIAN_POINT('',(135.,9.,3.));
#45 = LINE('',#46,#47);
#46 = CARTESIAN_POINT('',(135.,12.,3.));
#47 = VECTOR('',#48,1.);
#48 = DIRECTION('',(0.,-1.,0.));
#49 = ORIENTED_EDGE('',*,*,#50,.F.);
#50 = EDGE_CURVE('',#51,#43,#53,.T.);
#51 = VERTEX_POINT('',#52);
#52 = CARTESIAN_POINT('',(127.,9.,3.));
#53 = LINE('',#54,#55);
#54 = CARTESIAN_POINT('',(130.,9.,3.));
#55 = VECTOR('',#56,1.);
#56 = DIRECTION('',(1.,0.,0.));
#57 = ORIENTED_EDGE('',*,*,#58,.F.);
#58 = EDGE_CURVE('',#59,#51,#61,.T.);
#59 = VERTEX_POINT('',#60);
#60 = CARTESIAN_POINT('',(127.,23.,3.));
#61 = LINE('',#62,#63);
#62 = CARTESIAN_POINT('',(127.,20.,3.));
#63 = VECTOR('',#64,1.);
#64 = DIRECTION('',(0.,-1.,0.));
#65 = ORIENTED_EDGE('',*,*,#66,.F.);
#66 = EDGE_CURVE('',#67,#59,#69,.T.);
#67 = VERTEX_POINT('',#68);
#68 = CARTESIAN_POINT('',(135.,23.,3.));
#69 = LINE('',#70,#71);
#70 = CARTESIAN_POINT('',(138.,23.,3.));
#71 = VECTOR('',#72,1.);
#72 = DIRECTION('',(-1.,0.,0.));
#73 = ORIENTED_EDGE('',*,*,#74,.F.);
#74 = EDGE_CURVE('',#75,#67,#77,.T.);
#75 = VERTEX_POINT('',#76);
#76 = CARTESIAN_POINT('',(135.,90.5,3.));
#77 = LINE('',#78,#79);
#78 = CARTESIAN_POINT('',(135.,93.5,3.));
#79 = VECTOR('',#80,1.);
#80 = DIRECTION('',(0.,-1.,0.));
#81 = ORIENTED_EDGE('',*,*,#82,.F.);
#82 = EDGE_CURVE('',#83,#75,#85,.T.);
#83 = VERTEX_POINT('',#84);
#84 = CARTESIAN_POINT('',(127.,90.5,3.));
#85 = LINE('',#86,#87);
#86 = CARTESIAN_POINT('',(130.,90.5,3.));
#87 = VECTOR('',#88,1.);
#88 = DIRECTION('',(1.,0.,0.));
#89 = ORIENTED_EDGE('',*,*,#90,.F.);
#90 = EDGE_CURVE('',#91,#83,#93,.T.);
#91 = VERTEX_POINT('',#92);
#92 = CARTESIAN_POINT('',(127.,104.5,3.));
#93 = LINE('',#94,#95);
#94 = CARTESIAN_POINT('',(127.,101.5,3.));
#95 = VECTOR('',#96,1.);
#96 = DIRECTION('',(0.,-1.,0.));
#97 = ORIENTED_EDGE('',*,*,#98,.F.);
#98 = EDGE_CURVE('',#99,#91,#101,.T.);
#99 = VERTEX_POINT('',#100);
#100 = CARTESIAN_POINT('',(135.,104.5,3.));
#101 = LINE('',#102,#103);
#102 = CARTESIAN_POINT('',(137.99999999998,104.5,3.));
#103 = VECTOR('',#104,1.);
#104 = DIRECTION('',(-1.,0.,0.));
#105 = ORIENTED_EDGE('',*,*,#106,.F.);
#106 = EDGE_CURVE('',#107,#99,#109,.T.);
#107 = VERTEX_POINT('',#108);
#108 = CARTESIAN_POINT('',(135.,172.,3.));
#109 = LINE('',#110,#111);
#110 = CARTESIAN_POINT('',(135.,175.,3.));
#111 = VECTOR('',#112,1.);
#112 = DIRECTION('',(0.,-1.,0.));
#113 = ORIENTED_EDGE('',*,*,#114,.F.);
#114 = EDGE_CURVE('',#115,#107,#117,.T.);
#115 = VERTEX_POINT('',#116);
#116 = CARTESIAN_POINT('',(127.,172.,3.));
#117 = LINE('',#118,#119);
#118 = CARTESIAN_POINT('',(130.,172.,3.));
#119 = VECTOR('',#120,1.);
#120 = DIRECTION('',(1.,0.,0.));
#121 = ORIENTED_EDGE('',*,*,#122,.F.);
#122 = EDGE_CURVE('',#123,#115,#125,.T.);
#123 = VERTEX_POINT('',#124);
#124 = CARTESIAN_POINT('',(127.,186.,3.));
#125 = LINE('',#126,#127);
#126 = CARTESIAN_POINT('',(127.,183.,3.));
#127 = VECTOR('',#128,1.);
#128 = DIRECTION('',(0.,-1.,0.));
#129 = ORIENTED_EDGE('',*,*,#130,.F.);
#130 = EDGE_CURVE('',#131,#123,#133,.T.);
#131 = VERTEX_POINT('',#132);
#132 = CARTESIAN_POINT('',(135.,186.,3.));
#133 = LINE('',#134,#135);
#134 = CARTESIAN_POINT('',(137.99999999998,186.,3.));
#135 = VECTOR('',#136,1.);
#136 = DIRECTION('',(-1.,0.,0.));
#137 = ORIENTED_EDGE('',*,*,#138,.F.);
#138 = EDGE_CURVE('',#139,#131,#141,.T.);
#139 = VERTEX_POINT('',#140);
#140 = CARTESIAN_POINT('',(135.,190.,3.));
#141 = LINE('',#142,#143);
#142 = CARTESIAN_POINT('',(135.,193.,3.));
#143 = VECTOR('',#144,1.);
#144 = DIRECTION('',(0.,-1.,0.));
#145 = ORIENTED_EDGE('',*,*,#146,.F.);
#146 = EDGE_CURVE('',#147,#139,#149,.T.);
#147 = VERTEX_POINT('',#148);
#148 = CARTESIAN_POINT('',(35.,190.,3.));
#149 = LINE('',#150,#151);
#150 = CARTESIAN_POINT('',(2.,190.,3.));
#151 = VECTOR('',#152,1.);
#152 = DIRECTION('',(1.,0.,0.));
#153 = ORIENTED_EDGE('',*,*,#154,.F.);
#154 = EDGE_CURVE('',#155,#147,#157,.T.);
#155 = VERTEX_POINT('',#156);
#156 = CARTESIAN_POINT('',(15.,190.,3.));
#157 = LINE('',#158,#159);
#158 = CARTESIAN_POINT('',(2.,190.,3.));
#159 = VECTOR('',#160,1.);
#160 = DIRECTION('',(1.,0.,0.));
#161 = ORIENTED_EDGE('',*,*,#162,.F.);
#162 = EDGE_CURVE('',#163,#155,#165,.T.);
#163 = VERTEX_POINT('',#164);
#164 = CARTESIAN_POINT('',(5.,190.,3.));
#165 = LINE('',#166,#167);
#166 = CARTESIAN_POINT('',(2.,190.,3.));
#167 = VECTOR('',#168,1.);
#168 = DIRECTION('',(1.,0.,0.));
#169 = ORIENTED_EDGE('',*,*,#170,.F.);
#170 = EDGE_CURVE('',#171,#163,#173,.T.);
#171 = VERTEX_POINT('',#172);
#172 = CARTESIAN_POINT('',(5.,186.,3.));
#173 = LINE('',#174,#175);
#174 = CARTESIAN_POINT('',(5.,183.,3.));
#175 = VECTOR('',#176,1.);
#176 = DIRECTION('',(0.,1.,0.));
#177 = ORIENTED_EDGE('',*,*,#178,.F.);
#178 = EDGE_CURVE('',#179,#171,#181,.T.);
#179 = VERTEX_POINT('',#180);
#180 = CARTESIAN_POINT('',(13.,186.,3.));
#181 = LINE('',#182,#183);
#182 = CARTESIAN_POINT('',(10.,186.,3.));
#183 = VECTOR('',#184,1.);
#184 = DIRECTION('',(-1.,0.,0.));
#185 = ORIENTED_EDGE('',*,*,#186,.F.);
#186 = EDGE_CURVE('',#187,#179,#189,.T.);
#187 = VERTEX_POINT('',#188);
#188 = CARTESIAN_POINT('',(13.,172.,3.));
#189 = LINE('',#190,#191);
#190 = CARTESIAN_POINT('',(13.,175.,3.));
#191 = VECTOR('',#192,1.);
#192 = DIRECTION('',(0.,1.,0.));
#193 = ORIENTED_EDGE('',*,*,#194,.F.);
#194 = EDGE_CURVE('',#195,#187,#197,.T.);
#195 = VERTEX_POINT('',#196);
#196 = CARTESIAN_POINT('',(5.,172.,3.));
#197 = LINE('',#198,#199);
#198 = CARTESIAN_POINT('',(2.000000000015,172.,3.));
#199 = VECTOR('',#200,1.);
#200 = DIRECTION('',(1.,0.,0.));
#201 = ORIENTED_EDGE('',*,*,#202,.F.);
#202 = EDGE_CURVE('',#203,#195,#205,.T.);
#203 = VERTEX_POINT('',#204);
#204 = CARTESIAN_POINT('',(5.,104.5,3.));
#205 = LINE('',#206,#207);
#206 = CARTESIAN_POINT('',(5.,101.5,3.));
#207 = VECTOR('',#208,1.);
#208 = DIRECTION('',(0.,1.,0.));
#209 = ORIENTED_EDGE('',*,*,#210,.F.);
#210 = EDGE_CURVE('',#211,#203,#213,.T.);
#211 = VERTEX_POINT('',#212);
#212 = CARTESIAN_POINT('',(13.,104.5,3.));
#213 = LINE('',#214,#215);
#214 = CARTESIAN_POINT('',(10.,104.5,3.));
#215 = VECTOR('',#216,1.);
#216 = DIRECTION('',(-1.,0.,0.));
#217 = ORIENTED_EDGE('',*,*,#218,.F.);
#218 = EDGE_CURVE('',#219,#211,#221,.T.);
#219 = VERTEX_POINT('',#220);
#220 = CARTESIAN_POINT('',(13.,90.5,3.));
#221 = LINE('',#222,#223);
#222 = CARTESIAN_POINT('',(13.,93.5,3.));
#223 = VECTOR('',#224,1.);
#224 = DIRECTION('',(0.,1.,0.));
#225 = ORIENTED_EDGE('',*,*,#226,.F.);
#226 = EDGE_CURVE('',#227,#219,#229,.T.);
#227 = VERTEX_POINT('',#228);
#228 = CARTESIAN_POINT('',(5.,90.5,3.));
#229 = LINE('',#230,#231);
#230 = CARTESIAN_POINT('',(2.000000000015,90.5,3.));
#231 = VECTOR('',#232,1.);
#232 = DIRECTION('',(1.,0.,0.));
#233 = ORIENTED_EDGE('',*,*,#234,.F.);
#234 = EDGE_CURVE('',#235,#227,#237,.T.);
#235 = VERTEX_POINT('',#236);
#236 = CARTESIAN_POINT('',(5.,23.,3.));
#237 = LINE('',#238,#239);
#238 = CARTESIAN_POINT('',(5.,20.,3.));
#239 = VECTOR('',#240,1.);
#240 = DIRECTION('',(0.,1.,0.));
#241 = ORIENTED_EDGE('',*,*,#242,.F.);
#242 = EDGE_CURVE('',#243,#235,#245,.T.);
#243 = VERTEX_POINT('',#244);
#244 = CARTESIAN_POINT('',(13.,23.,3.));
#245 = LINE('',#246,#247);
#246 = CARTESIAN_POINT('',(10.,23.,3.));
#247 = VECTOR('',#248,1.);
#248 = DIRECTION('',(-1.,0.,0.));
#249 = ORIENTED_EDGE('',*,*,#250,.F.);
#250 = EDGE_CURVE('',#251,#243,#253,.T.);
#251 = VERTEX_POINT('',#252);
#252 = CARTESIAN_POINT('',(13.,9.,3.));
#253 = LINE('',#254,#255);
#254 = CARTESIAN_POINT('',(13.,12.,3.));
#255 = VECTOR('',#256,1.);
#256 = DIRECTION('',(0.,1.,0.));
#257 = ORIENTED_EDGE('',*,*,#258,.F.);
#258 = EDGE_CURVE('',#259,#251,#261,.T.);
#259 = VERTEX_POINT('',#260);
#260 = CARTESIAN_POINT('',(5.,9.,3.));
#261 = LINE('',#262,#263);
#262 = CARTESIAN_POINT('',(2.,9.,3.));
#263 = VECTOR('',#264,1.);
#264 = DIRECTION('',(1.,0.,0.));
#265 = ORIENTED_EDGE('',*,*,#266,.F.);
#266 = EDGE_CURVE('',#35,#259,#267,.T.);
#267 = LINE('',#268,#269);
#268 = CARTESIAN_POINT('',(5.,2.,3.));
#269 = VECTOR('',#270,1.);
#270 = DIRECTION('',(0.,1.,0.));
#271 = FACE_BOUND('',#272,.T.);
#272 = EDGE_LOOP('',(#273));
#273 = ORIENTED_EDGE('',*,*,#274,.F.);
#274 = EDGE_CURVE('',#275,#275,#277,.T.);
#275 = VERTEX_POINT('',#276);
#276 = CARTESIAN_POINT('',(80.00000000001,85.402020253553,3.));
#277 = CIRCLE('',#278,10.);
#278 = AXIS2_PLACEMENT_3D('',#279,#280,#281);
#279 = CARTESIAN_POINT('',(70.00000000001,85.402020253553,3.));
#280 = DIRECTION('',(0.,0.,1.));
#281 = DIRECTION('',(1.,0.,0.));
#282 = FACE_BOUND('',#283,.T.);
#283 = EDGE_LOOP('',(#284));
#284 = ORIENTED_EDGE('',*,*,#285,.F.);
#285 = EDGE_CURVE('',#286,#286,#288,.T.);
#286 = VERTEX_POINT('',#287);
#287 = CARTESIAN_POINT('',(40.402020253563,125.,3.));
#288 = CIRCLE('',#289,10.);
#289 = AXIS2_PLACEMENT_3D('',#290,#291,#292);
#290 = CARTESIAN_POINT('',(30.402020253563,125.,3.));
#291 = DIRECTION('',(0.,0.,1.));
#292 = DIRECTION('',(1.,0.,0.));
#293 = FACE_BOUND('',#294,.T.);
#294 = EDGE_LOOP('',(#295));
#295 = ORIENTED_EDGE('',*,*,#296,.F.);
#296 = EDGE_CURVE('',#297,#297,#299,.T.);
#297 = VERTEX_POINT('',#298);
#298 = CARTESIAN_POINT('',(80.00000000001,164.59797974644,3.));
#299 = CIRCLE('',#300,10.);
#300 = AXIS2_PLACEMENT_3D('',#301,#302,#303);
#301 = CARTESIAN_POINT('',(70.00000000001,164.59797974644,3.));
#302 = DIRECTION('',(0.,0.,1.));
#303 = DIRECTION('',(1.,0.,0.));
#304 = FACE_BOUND('',#305,.T.);
#305 = EDGE_LOOP('',(#306));
#306 = ORIENTED_EDGE('',*,*,#307,.F.);
#307 = EDGE_CURVE('',#308,#308,#310,.T.);
#308 = VERTEX_POINT('',#309);
#309 = CARTESIAN_POINT('',(119.59797974645,125.,3.));
#310 = CIRCLE('',#311,10.);
#311 = AXIS2_PLACEMENT_3D('',#312,#313,#314);
#312 = CARTESIAN_POINT('',(109.59797974645,125.,3.));
#313 = DIRECTION('',(0.,0.,1.));
#314 = DIRECTION('',(1.,0.,0.));
#315 = PLANE('',#316);
#316 = AXIS2_PLACEMENT_3D('',#317,#318,#319);
#317 = CARTESIAN_POINT('',(70.,97.5,3.));
#318 = DIRECTION('',(0.,0.,1.));
#319 = DIRECTION('',(1.,0.,0.));
#320 = ADVANCED_FACE('',(#321),#341,.F.);
#321 = FACE_BOUND('',#322,.T.);
#322 = EDGE_LOOP('',(#323,#332,#333,#334));
#323 = ORIENTED_EDGE('',*,*,#324,.F.);
#324 = EDGE_CURVE('',#22,#325,#327,.T.);
#325 = VERTEX_POINT('',#326);
#326 = CARTESIAN_POINT('',(88.00000000001,125.,5.));
#327 = CIRCLE('',#328,2.);
#328 = AXIS2_PLACEMENT_3D('',#329,#330,#331);
#329 = CARTESIAN_POINT('',(90.00000000001,125.,5.));
#330 = DIRECTION('',(-0.,1.,0.));
#331 = DIRECTION('',(1.,0.,0.));
#332 = ORIENTED_EDGE('',*,*,#21,.F.);
#333 = ORIENTED_EDGE('',*,*,#324,.T.);
#334 = ORIENTED_EDGE('',*,*,#335,.T.);
#335 = EDGE_CURVE('',#325,#325,#336,.T.);
#336 = CIRCLE('',#337,18.);
#337 = AXIS2_PLACEMENT_3D('',#338,#339,#340);
#338 = CARTESIAN_POINT('',(70.00000000001,125.,5.));
#339 = DIRECTION('',(0.,0.,1.));
#340 = DIRECTION('',(1.,0.,0.));
#341 = TOROIDAL_SURFACE('',#342,20.,2.);
#342 = AXIS2_PLACEMENT_3D('',#343,#344,#345);
#343 = CARTESIAN_POINT('',(70.00000000001,125.,5.));
#344 = DIRECTION('',(-0.,-0.,-1.));
#345 = DIRECTION('',(1.,0.,0.));
#346 = ADVANCED_FACE('',(#347),#374,.F.);
#347 = FACE_BOUND('',#348,.T.);
#348 = EDGE_LOOP('',(#349,#358,#359,#368));
#349 = ORIENTED_EDGE('',*,*,#350,.T.);
#350 = EDGE_CURVE('',#351,#33,#353,.T.);
#351 = VERTEX_POINT('',#352);
#352 = CARTESIAN_POINT('',(138.,2.,6.));
#353 = ELLIPSE('',#354,4.242640687119,3.);
#354 = AXIS2_PLACEMENT_3D('',#355,#356,#357);
#355 = CARTESIAN_POINT('',(135.,5.,6.));
#356 = DIRECTION('',(0.707106781187,0.707106781187,-0.));
#357 = DIRECTION('',(-0.707106781187,0.707106781187,0.));
#358 = ORIENTED_EDGE('',*,*,#32,.T.);
#359 = ORIENTED_EDGE('',*,*,#360,.F.);
#360 = EDGE_CURVE('',#361,#35,#363,.T.);
#361 = VERTEX_POINT('',#362);
#362 = CARTESIAN_POINT('',(2.,2.,6.));
#363 = ELLIPSE('',#364,4.242640687119,3.);
#364 = AXIS2_PLACEMENT_3D('',#365,#366,#367);
#365 = CARTESIAN_POINT('',(5.,5.,6.));
#366 = DIRECTION('',(0.707106781187,-0.707106781187,0.));
#367 = DIRECTION('',(-0.707106781187,-0.707106781187,0.));
#368 = ORIENTED_EDGE('',*,*,#369,.F.);
#369 = EDGE_CURVE('',#351,#361,#370,.T.);
#370 = LINE('',#371,#372);
#371 = CARTESIAN_POINT('',(138.,2.,6.));
#372 = VECTOR('',#373,1.);
#373 = DIRECTION('',(-1.,0.,0.));
#374 = CYLINDRICAL_SURFACE('',#375,3.);
#375 = AXIS2_PLACEMENT_3D('',#376,#377,#378);
#376 = CARTESIAN_POINT('',(138.,5.,6.));
#377 = DIRECTION('',(-1.,0.,0.));
#378 = DIRECTION('',(0.,-1.,0.));
#379 = ADVANCED_FACE('',(#380),#399,.F.);
#380 = FACE_BOUND('',#381,.T.);
#381 = EDGE_LOOP('',(#382,#391,#392,#393));
#382 = ORIENTED_EDGE('',*,*,#383,.F.);
#383 = EDGE_CURVE('',#43,#384,#386,.T.);
#384 = VERTEX_POINT('',#385);
#385 = CARTESIAN_POINT('',(138.,12.,6.));
#386 = ELLIPSE('',#387,4.242640687119,3.);
#387 = AXIS2_PLACEMENT_3D('',#388,#389,#390);
#388 = CARTESIAN_POINT('',(135.,9.,6.));
#389 = DIRECTION('',(0.707106781187,-0.707106781187,0.));
#390 = DIRECTION('',(0.707106781187,0.707106781187,0.));
#391 = ORIENTED_EDGE('',*,*,#42,.T.);
#392 = ORIENTED_EDGE('',*,*,#350,.F.);
#393 = ORIENTED_EDGE('',*,*,#394,.F.);
#394 = EDGE_CURVE('',#384,#351,#395,.T.);
#395 = LINE('',#396,#397);
#396 = CARTESIAN_POINT('',(138.,12.,6.));
#397 = VECTOR('',#398,1.);
#398 = DIRECTION('',(0.,-1.,0.));
#399 = CYLINDRICAL_SURFACE('',#400,3.);
#400 = AXIS2_PLACEMENT_3D('',#401,#402,#403);
#401 = CARTESIAN_POINT('',(135.,12.,6.));
#402 = DIRECTION('',(0.,-1.,0.));
#403 = DIRECTION('',(1.,0.,0.));
#404 = ADVANCED_FACE('',(#405),#424,.F.);
#405 = FACE_BOUND('',#406,.T.);
#406 = EDGE_LOOP('',(#407,#408,#409,#418));
#407 = ORIENTED_EDGE('',*,*,#360,.T.);
#408 = ORIENTED_EDGE('',*,*,#266,.T.);
#409 = ORIENTED_EDGE('',*,*,#410,.F.);
#410 = EDGE_CURVE('',#411,#259,#413,.T.);
#411 = VERTEX_POINT('',#412);
#412 = CARTESIAN_POINT('',(2.,12.,6.));
#413 = ELLIPSE('',#414,4.242640687119,3.);
#414 = AXIS2_PLACEMENT_3D('',#415,#416,#417);
#415 = CARTESIAN_POINT('',(5.,9.,6.));
#416 = DIRECTION('',(-0.707106781187,-0.707106781187,-0.));
#417 = DIRECTION('',(-0.707106781187,0.707106781187,0.));
#418 = ORIENTED_EDGE('',*,*,#419,.F.);
#419 = EDGE_CURVE('',#361,#411,#420,.T.);
#420 = LINE('',#421,#422);
#421 = CARTESIAN_POINT('',(2.,2.,6.));
#422 = VECTOR('',#423,1.);
#423 = DIRECTION('',(0.,1.,0.));
#424 = CYLINDRICAL_SURFACE('',#425,3.);
#425 = AXIS2_PLACEMENT_3D('',#426,#427,#428);
#426 = CARTESIAN_POINT('',(5.,2.,6.));
#427 = DIRECTION('',(0.,1.,0.));
#428 = DIRECTION('',(-1.,0.,0.));
#429 = ADVANCED_FACE('',(#430),#449,.F.);
#430 = FACE_BOUND('',#431,.F.);
#431 = EDGE_LOOP('',(#432,#441,#447,#448));
#432 = ORIENTED_EDGE('',*,*,#433,.T.);
#433 = EDGE_CURVE('',#51,#434,#436,.T.);
#434 = VERTEX_POINT('',#435);
#435 = CARTESIAN_POINT('',(130.,12.,6.));
#436 = ELLIPSE('',#437,4.242640687119,3.);
#437 = AXIS2_PLACEMENT_3D('',#438,#439,#440);
#438 = CARTESIAN_POINT('',(127.,9.,6.));
#439 = DIRECTION('',(0.707106781187,-0.707106781187,0.));
#440 = DIRECTION('',(-0.707106781187,-0.707106781187,0.));
#441 = ORIENTED_EDGE('',*,*,#442,.T.);
#442 = EDGE_CURVE('',#434,#384,#443,.T.);
#443 = LINE('',#444,#445);
#444 = CARTESIAN_POINT('',(130.,12.,6.));
#445 = VECTOR('',#446,1.);
#446 = DIRECTION('',(1.,0.,0.));
#447 = ORIENTED_EDGE('',*,*,#383,.F.);
#448 = ORIENTED_EDGE('',*,*,#50,.F.);
#449 = CYLINDRICAL_SURFACE('',#450,3.);
#450 = AXIS2_PLACEMENT_3D('',#451,#452,#453);
#451 = CARTESIAN_POINT('',(130.,9.,6.));
#452 = DIRECTION('',(1.,0.,0.));
#453 = DIRECTION('',(0.,0.,-1.));
#454 = ADVANCED_FACE('',(#455),#474,.F.);
#455 = FACE_BOUND('',#456,.F.);
#456 = EDGE_LOOP('',(#457,#458,#466,#473));
#457 = ORIENTED_EDGE('',*,*,#410,.F.);
#458 = ORIENTED_EDGE('',*,*,#459,.T.);
#459 = EDGE_CURVE('',#411,#460,#462,.T.);
#460 = VERTEX_POINT('',#461);
#461 = CARTESIAN_POINT('',(10.,12.,6.));
#462 = LINE('',#463,#464);
#463 = CARTESIAN_POINT('',(2.,12.,6.));
#464 = VECTOR('',#465,1.);
#465 = DIRECTION('',(1.,0.,0.));
#466 = ORIENTED_EDGE('',*,*,#467,.F.);
#467 = EDGE_CURVE('',#251,#460,#468,.T.);
#468 = ELLIPSE('',#469,4.242640687119,3.);
#469 = AXIS2_PLACEMENT_3D('',#470,#471,#472);
#470 = CARTESIAN_POINT('',(13.,9.,6.));
#471 = DIRECTION('',(0.707106781187,0.707106781187,0.));
#472 = DIRECTION('',(0.707106781187,-0.707106781187,0.));
#473 = ORIENTED_EDGE('',*,*,#258,.F.);
#474 = CYLINDRICAL_SURFACE('',#475,3.);
#475 = AXIS2_PLACEMENT_3D('',#476,#477,#478);
#476 = CARTESIAN_POINT('',(2.,9.,6.));
#477 = DIRECTION('',(1.,0.,0.));
#478 = DIRECTION('',(0.,0.,-1.));
#479 = ADVANCED_FACE('',(#480),#569,.F.);
#480 = FACE_BOUND('',#481,.F.);
#481 = EDGE_LOOP('',(#482,#483,#492,#500,#562,#568));
#482 = ORIENTED_EDGE('',*,*,#58,.F.);
#483 = ORIENTED_EDGE('',*,*,#484,.T.);
#484 = EDGE_CURVE('',#59,#485,#487,.T.);
#485 = VERTEX_POINT('',#486);
#486 = CARTESIAN_POINT('',(130.,20.,6.));
#487 = ELLIPSE('',#488,4.242640687119,3.);
#488 = AXIS2_PLACEMENT_3D('',#489,#490,#491);
#489 = CARTESIAN_POINT('',(127.,23.,6.));
#490 = DIRECTION('',(-0.707106781187,-0.707106781187,-0.));
#491 = DIRECTION('',(-0.707106781187,0.707106781187,0.));
#492 = ORIENTED_EDGE('',*,*,#493,.T.);
#493 = EDGE_CURVE('',#485,#494,#496,.T.);
#494 = VERTEX_POINT('',#495);
#495 = CARTESIAN_POINT('',(130.,18.,6.));
#496 = LINE('',#497,#498);
#497 = CARTESIAN_POINT('',(130.,20.,6.));
#498 = VECTOR('',#499,1.);
#499 = DIRECTION('',(0.,-1.,0.));
#500 = ORIENTED_EDGE('',*,*,#501,.T.);
#501 = EDGE_CURVE('',#494,#502,#504,.T.);
#502 = VERTEX_POINT('',#503);
#503 = CARTESIAN_POINT('',(130.,14.,6.));
#504 = B_SPLINE_CURVE_WITH_KNOTS('',6,(#505,#506,#507,#508,#509,#510,
    #511,#512,#513,#514,#515,#516,#517,#518,#519,#520,#521,#522,#523,
    #524,#525,#526,#527,#528,#529,#530,#531,#532,#533,#534,#535,#536,
    #537,#538,#539,#540,#541,#542,#543,#544,#545,#546,#547,#548,#549,
    #550,#551,#552,#553,#554,#555,#556,#557,#558,#559,#560,#561),
  .UNSPECIFIED.,.F.,.F.,(7,5,5,5,5,5,5,5,5,5,5,7),(0.,0.115973605256,
    0.16758712277,0.289109340995,0.399679109038,0.500301582178,
    0.567580299444,0.601347931639,0.711185646627,0.836862257741,
    0.885583197034,1.),.UNSPECIFIED.);
#505 = CARTESIAN_POINT('',(130.,18.,6.));
#506 = CARTESIAN_POINT('',(130.,18.,5.85404567713));
#507 = CARTESIAN_POINT('',(129.99147867612,17.987218335826,
    5.709199793893));
#508 = CARTESIAN_POINT('',(129.9746804353,17.962019438767,5.567620081058
    ));
#509 = CARTESIAN_POINT('',(129.95049745794,17.925408499389,
    5.431403410156));
#510 = CARTESIAN_POINT('',(129.92044678019,17.879027254714,
    5.302469387508));
#511 = CARTESIAN_POINT('',(129.8713274408,17.801350805159,5.129046328068
    ));
#512 = CARTESIAN_POINT('',(129.85535721354,17.77587015517,5.077184589109
    ));
#513 = CARTESIAN_POINT('',(129.83865612977,17.748947099882,
    5.026879727357));
#514 = CARTESIAN_POINT('',(129.82133171437,17.720689335485,
    4.978134539904));
#515 = CARTESIAN_POINT('',(129.80348743094,17.691196819032,
    4.930946875287));
#516 = CARTESIAN_POINT('',(129.74221896978,17.588432615412,
    4.777858347008));
#517 = CARTESIAN_POINT('',(129.6968668586,17.509941433598,4.678959656442
    ));
#518 = CARTESIAN_POINT('',(129.65036587735,17.426129359087,
    4.588307387206));
#519 = CARTESIAN_POINT('',(129.60373765169,17.33769869462,4.505550729813
    ));
#520 = CARTESIAN_POINT('',(129.55790181372,17.245086233957,
    4.430390870905));
#521 = CARTESIAN_POINT('',(129.47364023979,17.060662097383,
    4.301025698496));
#522 = CARTESIAN_POINT('',(129.43488658203,16.96945980882,4.245492712003
    ));
#523 = CARTESIAN_POINT('',(129.39829983744,16.875249377288,
    4.196065235231));
#524 = CARTESIAN_POINT('',(129.36466106305,16.778298893099,
    4.152780690988));
#525 = CARTESIAN_POINT('',(129.33474854453,16.678810557635,
    4.115712510782));
#526 = CARTESIAN_POINT('',(129.286130385,16.484203137756,4.057083446037)
  );
#527 = CARTESIAN_POINT('',(129.26663949892,16.38941934679,4.034404391833
    ));
#528 = CARTESIAN_POINT('',(129.25150298493,16.293145279154,
    4.017256797635));
#529 = CARTESIAN_POINT('',(129.24122355367,16.195867335115,
    4.005764127692));
#530 = CARTESIAN_POINT('',(129.2360679775,16.098015131805,4.));
#531 = CARTESIAN_POINT('',(129.2360679775,15.934464616752,4.));
#532 = CARTESIAN_POINT('',(129.23837265523,15.868955905211,
    4.002576971485));
#533 = CARTESIAN_POINT('',(129.24297946278,15.803617206113,
    4.007726796808));
#534 = CARTESIAN_POINT('',(129.24983152326,15.738600605922,
    4.015433208043));
#535 = CARTESIAN_POINT('',(129.2588209145,15.674066855699,4.025662240439
    ));
#536 = CARTESIAN_POINT('',(129.27529838904,15.57812271057,4.044728111814
    ));
#537 = CARTESIAN_POINT('',(129.28130569021,15.546215732008,
    4.051722386374));
#538 = CARTESIAN_POINT('',(129.28779543326,15.514479974455,
    4.059333853845));
#539 = CARTESIAN_POINT('',(129.29474793823,15.482929516907,
    4.067556902762));
#540 = CARTESIAN_POINT('',(129.30214226804,15.451576897199,
    4.076385965905));
#541 = CARTESIAN_POINT('',(129.33537309986,15.319130119189,
    4.116487517125));
#542 = CARTESIAN_POINT('',(129.36518903079,15.220204625386,
    4.153462858145));
#543 = CARTESIAN_POINT('',(129.39868249344,15.123794015397,
    4.196588259444));
#544 = CARTESIAN_POINT('',(129.43508752414,15.030097087407,
    4.245791723549));
#545 = CARTESIAN_POINT('',(129.4736356758,14.939377149318,4.301036850751
    ));
#546 = CARTESIAN_POINT('',(129.55924491548,14.751940802883,
    4.432432238916));
#547 = CARTESIAN_POINT('',(129.60677158105,14.656159752036,4.51050885663
    ));
#548 = CARTESIAN_POINT('',(129.65511634868,14.564869568347,
    4.596738755442));
#549 = CARTESIAN_POINT('',(129.70325909044,14.478562885826,
    4.691460097194));
#550 = CARTESIAN_POINT('',(129.75005586031,14.398041642219,
    4.795066058578));
#551 = CARTESIAN_POINT('',(129.81124753638,14.295994950784,
    4.951623893373));
#552 = CARTESIAN_POINT('',(129.82793896426,14.268532311434,
    4.996751409959));
#553 = CARTESIAN_POINT('',(129.84414115991,14.242196498411,
    5.043272871798));
#554 = CARTESIAN_POINT('',(129.85976539782,14.21707429077,5.091187698223
    ));
#555 = CARTESIAN_POINT('',(129.87471994553,14.193258270014,
    5.140491189702));
#556 = CARTESIAN_POINT('',(129.92223429681,14.118215518491,
    5.310199850348));
#557 = CARTESIAN_POINT('',(129.95164699074,14.072851052843,5.43791937858
    ));
#558 = CARTESIAN_POINT('',(129.97528463051,14.037074136515,
    5.572716615063));
#559 = CARTESIAN_POINT('',(129.99168668925,14.012469683197,
    5.712707099472));
#560 = CARTESIAN_POINT('',(130.,14.,5.855837955065));
#561 = CARTESIAN_POINT('',(130.,14.,6.));
#562 = ORIENTED_EDGE('',*,*,#563,.T.);
#563 = EDGE_CURVE('',#502,#434,#564,.T.);
#564 = LINE('',#565,#566);
#565 = CARTESIAN_POINT('',(130.,20.,6.));
#566 = VECTOR('',#567,1.);
#567 = DIRECTION('',(0.,-1.,0.));
#568 = ORIENTED_EDGE('',*,*,#433,.F.);
#569 = CYLINDRICAL_SURFACE('',#570,3.);
#570 = AXIS2_PLACEMENT_3D('',#571,#572,#573);
#571 = CARTESIAN_POINT('',(127.,20.,6.));
#572 = DIRECTION('',(0.,-1.,0.));
#573 = DIRECTION('',(-0.,-0.,-1.));
#574 = ADVANCED_FACE('',(#575),#664,.F.);
#575 = FACE_BOUND('',#576,.F.);
#576 = EDGE_LOOP('',(#577,#578,#579,#587,#649,#657));
#577 = ORIENTED_EDGE('',*,*,#250,.F.);
#578 = ORIENTED_EDGE('',*,*,#467,.T.);
#579 = ORIENTED_EDGE('',*,*,#580,.T.);
#580 = EDGE_CURVE('',#460,#581,#583,.T.);
#581 = VERTEX_POINT('',#582);
#582 = CARTESIAN_POINT('',(10.,14.,6.));
#583 = LINE('',#584,#585);
#584 = CARTESIAN_POINT('',(10.,12.,6.));
#585 = VECTOR('',#586,1.);
#586 = DIRECTION('',(0.,1.,0.));
#587 = ORIENTED_EDGE('',*,*,#588,.F.);
#588 = EDGE_CURVE('',#589,#581,#591,.T.);
#589 = VERTEX_POINT('',#590);
#590 = CARTESIAN_POINT('',(10.,18.,6.));
#591 = B_SPLINE_CURVE_WITH_KNOTS('',6,(#592,#593,#594,#595,#596,#597,
    #598,#599,#600,#601,#602,#603,#604,#605,#606,#607,#608,#609,#610,
    #611,#612,#613,#614,#615,#616,#617,#618,#619,#620,#621,#622,#623,
    #624,#625,#626,#627,#628,#629,#630,#631,#632,#633,#634,#635,#636,
    #637,#638,#639,#640,#641,#642,#643,#644,#645,#646,#647,#648),
  .UNSPECIFIED.,.F.,.F.,(7,5,5,5,5,5,5,5,5,5,5,7),(0.,0.115973598239,
    0.167587112631,0.289109323536,0.399679084893,0.500301551948,
    0.567580265146,0.601347895299,0.711185603646,0.836862207161,
    0.885583153795,1.),.UNSPECIFIED.);
#592 = CARTESIAN_POINT('',(10.,18.,6.));
#593 = CARTESIAN_POINT('',(10.,18.,5.85404567713));
#594 = CARTESIAN_POINT('',(10.008521323877,17.987218335826,
    5.709199793893));
#595 = CARTESIAN_POINT('',(10.025319564691,17.962019438767,
    5.567620081058));
#596 = CARTESIAN_POINT('',(10.049502542058,17.925408499389,
    5.431403410156));
#597 = CARTESIAN_POINT('',(10.079553219809,17.879027254714,
    5.302469387508));
#598 = CARTESIAN_POINT('',(10.128672559198,17.801350805159,
    5.129046328068));
#599 = CARTESIAN_POINT('',(10.144642786454,17.77587015517,5.077184589109
    ));
#600 = CARTESIAN_POINT('',(10.161343870227,17.748947099882,
    5.026879727357));
#601 = CARTESIAN_POINT('',(10.178668285622,17.720689335485,
    4.978134539904));
#602 = CARTESIAN_POINT('',(10.196512569059,17.691196819032,
    4.930946875287));
#603 = CARTESIAN_POINT('',(10.25778103023,17.588432615393,4.77785834698)
  );
#604 = CARTESIAN_POINT('',(10.303133141377,17.509941433623,
    4.678959656488));
#605 = CARTESIAN_POINT('',(10.34963412264,17.426129359098,4.588307387193
    ));
#606 = CARTESIAN_POINT('',(10.396262348319,17.337698694581,
    4.505550729791));
#607 = CARTESIAN_POINT('',(10.442098186264,17.245086233979,4.43039087092
    ));
#608 = CARTESIAN_POINT('',(10.526359760203,17.060662097383,
    4.301025698496));
#609 = CARTESIAN_POINT('',(10.565113417963,16.969459808821,
    4.245492712003));
#610 = CARTESIAN_POINT('',(10.601700162553,16.875249377288,
    4.196065235231));
#611 = CARTESIAN_POINT('',(10.635338936944,16.778298893099,
    4.152780690988));
#612 = CARTESIAN_POINT('',(10.665251455468,16.678810557635,
    4.115712510782));
#613 = CARTESIAN_POINT('',(10.713869614997,16.484203137756,
    4.057083446037));
#614 = CARTESIAN_POINT('',(10.733360501075,16.38941934679,4.034404391834
    ));
#615 = CARTESIAN_POINT('',(10.748497015061,16.293145279154,
    4.017256797635));
#616 = CARTESIAN_POINT('',(10.758776446324,16.195867335115,
    4.005764127692));
#617 = CARTESIAN_POINT('',(10.7639320225,16.098015131805,4.));
#618 = CARTESIAN_POINT('',(10.7639320225,15.934464616752,4.));
#619 = CARTESIAN_POINT('',(10.761627344763,15.868955905211,
    4.002576971485));
#620 = CARTESIAN_POINT('',(10.757020537215,15.803617206113,
    4.007726796808));
#621 = CARTESIAN_POINT('',(10.750168476731,15.738600605922,
    4.015433208043));
#622 = CARTESIAN_POINT('',(10.741179085498,15.674066855699,
    4.025662240439));
#623 = CARTESIAN_POINT('',(10.724701610957,15.57812271057,4.044728111814
    ));
#624 = CARTESIAN_POINT('',(10.718694309789,15.546215732008,
    4.051722386374));
#625 = CARTESIAN_POINT('',(10.712204566738,15.514479974455,
    4.059333853845));
#626 = CARTESIAN_POINT('',(10.70525206177,15.482929516907,4.067556902762
    ));
#627 = CARTESIAN_POINT('',(10.697857731957,15.451576897199,
    4.076385965905));
#628 = CARTESIAN_POINT('',(10.664626900131,15.319130119189,
    4.116487517125));
#629 = CARTESIAN_POINT('',(10.634810969202,15.220204625386,
    4.153462858145));
#630 = CARTESIAN_POINT('',(10.601317506554,15.123794015396,
    4.196588259445));
#631 = CARTESIAN_POINT('',(10.56491247586,15.030097087407,4.245791723549
    ));
#632 = CARTESIAN_POINT('',(10.526364324194,14.939377149318,
    4.301036850751));
#633 = CARTESIAN_POINT('',(10.440755084517,14.751940802883,
    4.432432238916));
#634 = CARTESIAN_POINT('',(10.393228418948,14.656159752036,4.51050885663
    ));
#635 = CARTESIAN_POINT('',(10.344883651314,14.564869568346,
    4.596738755442));
#636 = CARTESIAN_POINT('',(10.296740909555,14.478562885826,
    4.691460097194));
#637 = CARTESIAN_POINT('',(10.249944139685,14.398041642219,
    4.795066058578));
#638 = CARTESIAN_POINT('',(10.188752460005,14.295994944765,
    4.951623902608));
#639 = CARTESIAN_POINT('',(10.172061036504,14.268532312571,
    4.996751406333));
#640 = CARTESIAN_POINT('',(10.155858843523,14.242196504005,
    5.043272861502));
#641 = CARTESIAN_POINT('',(10.140234603254,14.217074292648,
    5.091187696423));
#642 = CARTESIAN_POINT('',(10.125280051244,14.193258264922,
    5.140491201219));
#643 = CARTESIAN_POINT('',(10.077765703189,14.118215518491,
    5.310199850348));
#644 = CARTESIAN_POINT('',(10.048353009254,14.072851052843,5.43791937858
    ));
#645 = CARTESIAN_POINT('',(10.024715369482,14.037074136515,
    5.572716615063));
#646 = CARTESIAN_POINT('',(10.008313310747,14.012469683197,
    5.712707099472));
#647 = CARTESIAN_POINT('',(10.,14.,5.855837955065));
#648 = CARTESIAN_POINT('',(10.,14.,6.));
#649 = ORIENTED_EDGE('',*,*,#650,.T.);
#650 = EDGE_CURVE('',#589,#651,#653,.T.);
#651 = VERTEX_POINT('',#652);
#652 = CARTESIAN_POINT('',(10.,20.,6.));
#653 = LINE('',#654,#655);
#654 = CARTESIAN_POINT('',(10.,12.,6.));
#655 = VECTOR('',#656,1.);
#656 = DIRECTION('',(0.,1.,0.));
#657 = ORIENTED_EDGE('',*,*,#658,.F.);
#658 = EDGE_CURVE('',#243,#651,#659,.T.);
#659 = ELLIPSE('',#660,4.242640687119,3.);
#660 = AXIS2_PLACEMENT_3D('',#661,#662,#663);
#661 = CARTESIAN_POINT('',(13.,23.,6.));
#662 = DIRECTION('',(-0.707106781187,0.707106781187,0.));
#663 = DIRECTION('',(0.707106781187,0.707106781187,0.));
#664 = CYLINDRICAL_SURFACE('',#665,3.);
#665 = AXIS2_PLACEMENT_3D('',#666,#667,#668);
#666 = CARTESIAN_POINT('',(13.,12.,6.));
#667 = DIRECTION('',(0.,1.,0.));
#668 = DIRECTION('',(0.,0.,-1.));
#669 = ADVANCED_FACE('',(#670),#689,.F.);
#670 = FACE_BOUND('',#671,.F.);
#671 = EDGE_LOOP('',(#672,#681,#687,#688));
#672 = ORIENTED_EDGE('',*,*,#673,.T.);
#673 = EDGE_CURVE('',#67,#674,#676,.T.);
#674 = VERTEX_POINT('',#675);
#675 = CARTESIAN_POINT('',(138.,20.,6.));
#676 = ELLIPSE('',#677,4.242640687119,3.);
#677 = AXIS2_PLACEMENT_3D('',#678,#679,#680);
#678 = CARTESIAN_POINT('',(135.,23.,6.));
#679 = DIRECTION('',(-0.707106781187,-0.707106781187,0.));
#680 = DIRECTION('',(0.707106781187,-0.707106781187,0.));
#681 = ORIENTED_EDGE('',*,*,#682,.T.);
#682 = EDGE_CURVE('',#674,#485,#683,.T.);
#683 = LINE('',#684,#685);
#684 = CARTESIAN_POINT('',(138.,20.,6.));
#685 = VECTOR('',#686,1.);
#686 = DIRECTION('',(-1.,0.,0.));
#687 = ORIENTED_EDGE('',*,*,#484,.F.);
#688 = ORIENTED_EDGE('',*,*,#66,.F.);
#689 = CYLINDRICAL_SURFACE('',#690,3.);
#690 = AXIS2_PLACEMENT_3D('',#691,#692,#693);
#691 = CARTESIAN_POINT('',(138.,23.,6.));
#692 = DIRECTION('',(-1.,0.,0.));
#693 = DIRECTION('',(0.,0.,-1.));
#694 = ADVANCED_FACE('',(#695),#714,.F.);
#695 = FACE_BOUND('',#696,.F.);
#696 = EDGE_LOOP('',(#697,#698,#706,#713));
#697 = ORIENTED_EDGE('',*,*,#658,.T.);
#698 = ORIENTED_EDGE('',*,*,#699,.T.);
#699 = EDGE_CURVE('',#651,#700,#702,.T.);
#700 = VERTEX_POINT('',#701);
#701 = CARTESIAN_POINT('',(2.,20.,6.));
#702 = LINE('',#703,#704);
#703 = CARTESIAN_POINT('',(10.,20.,6.));
#704 = VECTOR('',#705,1.);
#705 = DIRECTION('',(-1.,0.,0.));
#706 = ORIENTED_EDGE('',*,*,#707,.F.);
#707 = EDGE_CURVE('',#235,#700,#708,.T.);
#708 = ELLIPSE('',#709,4.242640687119,3.);
#709 = AXIS2_PLACEMENT_3D('',#710,#711,#712);
#710 = CARTESIAN_POINT('',(5.,23.,6.));
#711 = DIRECTION('',(-0.707106781187,0.707106781187,0.));
#712 = DIRECTION('',(-0.707106781187,-0.707106781187,0.));
#713 = ORIENTED_EDGE('',*,*,#242,.F.);
#714 = CYLINDRICAL_SURFACE('',#715,3.);
#715 = AXIS2_PLACEMENT_3D('',#716,#717,#718);
#716 = CARTESIAN_POINT('',(10.,23.,6.));
#717 = DIRECTION('',(-1.,0.,0.));
#718 = DIRECTION('',(0.,0.,-1.));
#719 = ADVANCED_FACE('',(#720),#739,.F.);
#720 = FACE_BOUND('',#721,.F.);
#721 = EDGE_LOOP('',(#722,#731,#737,#738));
#722 = ORIENTED_EDGE('',*,*,#723,.T.);
#723 = EDGE_CURVE('',#75,#724,#726,.T.);
#724 = VERTEX_POINT('',#725);
#725 = CARTESIAN_POINT('',(137.99999999998,93.5,6.));
#726 = ELLIPSE('',#727,4.242640687119,3.);
#727 = AXIS2_PLACEMENT_3D('',#728,#729,#730);
#728 = CARTESIAN_POINT('',(135.,90.5,6.));
#729 = DIRECTION('',(0.707106781187,-0.707106781187,0.));
#730 = DIRECTION('',(0.707106781187,0.707106781187,0.));
#731 = ORIENTED_EDGE('',*,*,#732,.T.);
#732 = EDGE_CURVE('',#724,#674,#733,.T.);
#733 = LINE('',#734,#735);
#734 = CARTESIAN_POINT('',(138.,93.5,6.));
#735 = VECTOR('',#736,1.);
#736 = DIRECTION('',(0.,-1.,0.));
#737 = ORIENTED_EDGE('',*,*,#673,.F.);
#738 = ORIENTED_EDGE('',*,*,#74,.F.);
#739 = CYLINDRICAL_SURFACE('',#740,3.);
#740 = AXIS2_PLACEMENT_3D('',#741,#742,#743);
#741 = CARTESIAN_POINT('',(135.,93.5,6.));
#742 = DIRECTION('',(0.,-1.,0.));
#743 = DIRECTION('',(-0.,-0.,-1.));
#744 = ADVANCED_FACE('',(#745),#764,.F.);
#745 = FACE_BOUND('',#746,.F.);
#746 = EDGE_LOOP('',(#747,#748,#756,#763));
#747 = ORIENTED_EDGE('',*,*,#707,.T.);
#748 = ORIENTED_EDGE('',*,*,#749,.T.);
#749 = EDGE_CURVE('',#700,#750,#752,.T.);
#750 = VERTEX_POINT('',#751);
#751 = CARTESIAN_POINT('',(2.,93.5,6.));
#752 = LINE('',#753,#754);
#753 = CARTESIAN_POINT('',(2.,20.,6.));
#754 = VECTOR('',#755,1.);
#755 = DIRECTION('',(0.,1.,0.));
#756 = ORIENTED_EDGE('',*,*,#757,.F.);
#757 = EDGE_CURVE('',#227,#750,#758,.T.);
#758 = ELLIPSE('',#759,4.242640687119,3.);
#759 = AXIS2_PLACEMENT_3D('',#760,#761,#762);
#760 = CARTESIAN_POINT('',(5.,90.5,6.));
#761 = DIRECTION('',(0.707106781187,0.707106781187,-0.));
#762 = DIRECTION('',(-0.707106781187,0.707106781187,0.));
#763 = ORIENTED_EDGE('',*,*,#234,.F.);
#764 = CYLINDRICAL_SURFACE('',#765,3.);
#765 = AXIS2_PLACEMENT_3D('',#766,#767,#768);
#766 = CARTESIAN_POINT('',(5.,20.,6.));
#767 = DIRECTION('',(0.,1.,0.));
#768 = DIRECTION('',(0.,0.,-1.));
#769 = ADVANCED_FACE('',(#770),#789,.F.);
#770 = FACE_BOUND('',#771,.F.);
#771 = EDGE_LOOP('',(#772,#781,#787,#788));
#772 = ORIENTED_EDGE('',*,*,#773,.T.);
#773 = EDGE_CURVE('',#83,#774,#776,.T.);
#774 = VERTEX_POINT('',#775);
#775 = CARTESIAN_POINT('',(130.,93.5,6.));
#776 = ELLIPSE('',#777,4.242640687119,3.);
#777 = AXIS2_PLACEMENT_3D('',#778,#779,#780);
#778 = CARTESIAN_POINT('',(127.,90.5,6.));
#779 = DIRECTION('',(0.707106781187,-0.707106781187,0.));
#780 = DIRECTION('',(-0.707106781187,-0.707106781187,0.));
#781 = ORIENTED_EDGE('',*,*,#782,.T.);
#782 = EDGE_CURVE('',#774,#724,#783,.T.);
#783 = LINE('',#784,#785);
#784 = CARTESIAN_POINT('',(130.,93.5,6.));
#785 = VECTOR('',#786,1.);
#786 = DIRECTION('',(1.,0.,0.));
#787 = ORIENTED_EDGE('',*,*,#723,.F.);
#788 = ORIENTED_EDGE('',*,*,#82,.F.);
#789 = CYLINDRICAL_SURFACE('',#790,3.);
#790 = AXIS2_PLACEMENT_3D('',#791,#792,#793);
#791 = CARTESIAN_POINT('',(130.,90.5,6.));
#792 = DIRECTION('',(1.,0.,0.));
#793 = DIRECTION('',(0.,0.,-1.));
#794 = ADVANCED_FACE('',(#795),#814,.F.);
#795 = FACE_BOUND('',#796,.F.);
#796 = EDGE_LOOP('',(#797,#798,#806,#813));
#797 = ORIENTED_EDGE('',*,*,#757,.T.);
#798 = ORIENTED_EDGE('',*,*,#799,.T.);
#799 = EDGE_CURVE('',#750,#800,#802,.T.);
#800 = VERTEX_POINT('',#801);
#801 = CARTESIAN_POINT('',(10.,93.5,6.));
#802 = LINE('',#803,#804);
#803 = CARTESIAN_POINT('',(2.000000000015,93.5,6.));
#804 = VECTOR('',#805,1.);
#805 = DIRECTION('',(1.,0.,0.));
#806 = ORIENTED_EDGE('',*,*,#807,.F.);
#807 = EDGE_CURVE('',#219,#800,#808,.T.);
#808 = ELLIPSE('',#809,4.242640687119,3.);
#809 = AXIS2_PLACEMENT_3D('',#810,#811,#812);
#810 = CARTESIAN_POINT('',(13.,90.5,6.));
#811 = DIRECTION('',(0.707106781187,0.707106781187,0.));
#812 = DIRECTION('',(0.707106781187,-0.707106781187,0.));
#813 = ORIENTED_EDGE('',*,*,#226,.F.);
#814 = CYLINDRICAL_SURFACE('',#815,3.);
#815 = AXIS2_PLACEMENT_3D('',#816,#817,#818);
#816 = CARTESIAN_POINT('',(2.000000000015,90.5,6.));
#817 = DIRECTION('',(1.,0.,0.));
#818 = DIRECTION('',(0.,0.,-1.));
#819 = ADVANCED_FACE('',(#820),#909,.F.);
#820 = FACE_BOUND('',#821,.F.);
#821 = EDGE_LOOP('',(#822,#823,#832,#840,#902,#908));
#822 = ORIENTED_EDGE('',*,*,#90,.F.);
#823 = ORIENTED_EDGE('',*,*,#824,.T.);
#824 = EDGE_CURVE('',#91,#825,#827,.T.);
#825 = VERTEX_POINT('',#826);
#826 = CARTESIAN_POINT('',(130.,101.5,6.));
#827 = ELLIPSE('',#828,4.242640687119,3.);
#828 = AXIS2_PLACEMENT_3D('',#829,#830,#831);
#829 = CARTESIAN_POINT('',(127.,104.5,6.));
#830 = DIRECTION('',(-0.707106781187,-0.707106781187,-0.));
#831 = DIRECTION('',(-0.707106781187,0.707106781187,0.));
#832 = ORIENTED_EDGE('',*,*,#833,.T.);
#833 = EDGE_CURVE('',#825,#834,#836,.T.);
#834 = VERTEX_POINT('',#835);
#835 = CARTESIAN_POINT('',(130.,99.5,6.));
#836 = LINE('',#837,#838);
#837 = CARTESIAN_POINT('',(130.,101.5,6.));
#838 = VECTOR('',#839,1.);
#839 = DIRECTION('',(0.,-1.,0.));
#840 = ORIENTED_EDGE('',*,*,#841,.T.);
#841 = EDGE_CURVE('',#834,#842,#844,.T.);
#842 = VERTEX_POINT('',#843);
#843 = CARTESIAN_POINT('',(130.,95.5,6.));
#844 = B_SPLINE_CURVE_WITH_KNOTS('',6,(#845,#846,#847,#848,#849,#850,
    #851,#852,#853,#854,#855,#856,#857,#858,#859,#860,#861,#862,#863,
    #864,#865,#866,#867,#868,#869,#870,#871,#872,#873,#874,#875,#876,
    #877,#878,#879,#880,#881,#882,#883,#884,#885,#886,#887,#888,#889,
    #890,#891,#892,#893,#894,#895,#896,#897,#898,#899,#900,#901),
  .UNSPECIFIED.,.F.,.F.,(7,5,5,5,5,5,5,5,5,5,5,7),(0.,0.115973574451,
    0.16758708668,0.289109310178,0.399679083019,0.500301560524,
    0.567580280709,0.60134791437,0.711185634124,0.836862250655,
    0.885583192064,1.),.UNSPECIFIED.);
#845 = CARTESIAN_POINT('',(130.,99.5,6.));
#846 = CARTESIAN_POINT('',(130.,99.5,5.85404567713));
#847 = CARTESIAN_POINT('',(129.99147867612,99.487218335826,
    5.709199793893));
#848 = CARTESIAN_POINT('',(129.9746804353,99.462019438767,5.567620081058
    ));
#849 = CARTESIAN_POINT('',(129.95049745794,99.425408499389,
    5.431403410156));
#850 = CARTESIAN_POINT('',(129.92044678019,99.379027254714,
    5.302469387508));
#851 = CARTESIAN_POINT('',(129.87132743833,99.301350801255,
    5.129046319351));
#852 = CARTESIAN_POINT('',(129.85535721435,99.275870156592,
    5.077184590425));
#853 = CARTESIAN_POINT('',(129.83865613241,99.248947104189,
    5.026879735181));
#854 = CARTESIAN_POINT('',(129.82133171503,99.220689336457,
    4.978134542871));
#855 = CARTESIAN_POINT('',(129.80348742827,99.191196814566,
    4.930946868633));
#856 = CARTESIAN_POINT('',(129.74221896978,99.088432615412,
    4.777858347008));
#857 = CARTESIAN_POINT('',(129.6968668586,99.009941433598,4.678959656442
    ));
#858 = CARTESIAN_POINT('',(129.65036587735,98.926129359087,
    4.588307387206));
#859 = CARTESIAN_POINT('',(129.60373765169,98.83769869462,4.505550729813
    ));
#860 = CARTESIAN_POINT('',(129.55790181372,98.745086233956,
    4.430390870905));
#861 = CARTESIAN_POINT('',(129.47364023979,98.560662097383,
    4.301025698496));
#862 = CARTESIAN_POINT('',(129.43488658203,98.469459808821,
    4.245492712003));
#863 = CARTESIAN_POINT('',(129.39829983744,98.375249377288,
    4.196065235231));
#864 = CARTESIAN_POINT('',(129.36466106305,98.278298893099,
    4.152780690988));
#865 = CARTESIAN_POINT('',(129.33474854453,98.178810557635,
    4.115712510782));
#866 = CARTESIAN_POINT('',(129.286130385,97.984203137756,4.057083446037)
  );
#867 = CARTESIAN_POINT('',(129.26663949892,97.88941934679,4.034404391833
    ));
#868 = CARTESIAN_POINT('',(129.25150298493,97.793145279154,
    4.017256797635));
#869 = CARTESIAN_POINT('',(129.24122355367,97.695867335115,
    4.005764127692));
#870 = CARTESIAN_POINT('',(129.2360679775,97.598015131805,4.));
#871 = CARTESIAN_POINT('',(129.2360679775,97.434464616752,4.));
#872 = CARTESIAN_POINT('',(129.23837265523,97.368955905211,
    4.002576971485));
#873 = CARTESIAN_POINT('',(129.24297946278,97.303617206113,
    4.007726796808));
#874 = CARTESIAN_POINT('',(129.24983152326,97.238600605922,
    4.015433208043));
#875 = CARTESIAN_POINT('',(129.2588209145,97.174066855699,4.025662240439
    ));
#876 = CARTESIAN_POINT('',(129.27529838904,97.07812271057,4.044728111814
    ));
#877 = CARTESIAN_POINT('',(129.28130569021,97.046215732008,
    4.051722386374));
#878 = CARTESIAN_POINT('',(129.28779543326,97.014479974455,
    4.059333853845));
#879 = CARTESIAN_POINT('',(129.29474793823,96.982929516907,
    4.067556902762));
#880 = CARTESIAN_POINT('',(129.30214226804,96.951576897199,
    4.076385965905));
#881 = CARTESIAN_POINT('',(129.33537309986,96.819130119189,
    4.116487517125));
#882 = CARTESIAN_POINT('',(129.36518903079,96.720204625386,
    4.153462858145));
#883 = CARTESIAN_POINT('',(129.39868249344,96.623794015397,
    4.196588259444));
#884 = CARTESIAN_POINT('',(129.43508752414,96.530097087407,
    4.245791723549));
#885 = CARTESIAN_POINT('',(129.4736356758,96.439377149318,4.301036850751
    ));
#886 = CARTESIAN_POINT('',(129.55924491546,96.251940802912,
    4.432432238895));
#887 = CARTESIAN_POINT('',(129.60677158107,96.156159751983,4.51050885666
    ));
#888 = CARTESIAN_POINT('',(129.65511634868,96.064869568361,4.59673875546
    ));
#889 = CARTESIAN_POINT('',(129.70325909042,95.978562885859,
    4.691460097132));
#890 = CARTESIAN_POINT('',(129.75005586033,95.898041642194,
    4.795066058616));
#891 = CARTESIAN_POINT('',(129.81124753638,95.795994950784,
    4.951623893373));
#892 = CARTESIAN_POINT('',(129.82793896426,95.768532311434,
    4.996751409959));
#893 = CARTESIAN_POINT('',(129.84414115991,95.742196498411,
    5.043272871798));
#894 = CARTESIAN_POINT('',(129.85976539782,95.71707429077,5.091187698223
    ));
#895 = CARTESIAN_POINT('',(129.87471994553,95.693258270014,
    5.140491189702));
#896 = CARTESIAN_POINT('',(129.92223429681,95.618215518491,
    5.310199850348));
#897 = CARTESIAN_POINT('',(129.95164699074,95.572851052843,5.43791937858
    ));
#898 = CARTESIAN_POINT('',(129.97528463051,95.537074136515,
    5.572716615063));
#899 = CARTESIAN_POINT('',(129.99168668925,95.512469683197,
    5.712707099472));
#900 = CARTESIAN_POINT('',(130.,95.5,5.855837955066));
#901 = CARTESIAN_POINT('',(130.,95.5,6.));
#902 = ORIENTED_EDGE('',*,*,#903,.T.);
#903 = EDGE_CURVE('',#842,#774,#904,.T.);
#904 = LINE('',#905,#906);
#905 = CARTESIAN_POINT('',(130.,101.5,6.));
#906 = VECTOR('',#907,1.);
#907 = DIRECTION('',(0.,-1.,0.));
#908 = ORIENTED_EDGE('',*,*,#773,.F.);
#909 = CYLINDRICAL_SURFACE('',#910,3.);
#910 = AXIS2_PLACEMENT_3D('',#911,#912,#913);
#911 = CARTESIAN_POINT('',(127.,101.5,6.));
#912 = DIRECTION('',(0.,-1.,0.));
#913 = DIRECTION('',(-0.,-0.,-1.));
#914 = ADVANCED_FACE('',(#915),#1004,.F.);
#915 = FACE_BOUND('',#916,.F.);
#916 = EDGE_LOOP('',(#917,#918,#919,#927,#989,#997));
#917 = ORIENTED_EDGE('',*,*,#218,.F.);
#918 = ORIENTED_EDGE('',*,*,#807,.T.);
#919 = ORIENTED_EDGE('',*,*,#920,.T.);
#920 = EDGE_CURVE('',#800,#921,#923,.T.);
#921 = VERTEX_POINT('',#922);
#922 = CARTESIAN_POINT('',(10.,95.5,6.));
#923 = LINE('',#924,#925);
#924 = CARTESIAN_POINT('',(10.,93.5,6.));
#925 = VECTOR('',#926,1.);
#926 = DIRECTION('',(0.,1.,0.));
#927 = ORIENTED_EDGE('',*,*,#928,.F.);
#928 = EDGE_CURVE('',#929,#921,#931,.T.);
#929 = VERTEX_POINT('',#930);
#930 = CARTESIAN_POINT('',(10.,99.5,6.));
#931 = B_SPLINE_CURVE_WITH_KNOTS('',6,(#932,#933,#934,#935,#936,#937,
    #938,#939,#940,#941,#942,#943,#944,#945,#946,#947,#948,#949,#950,
    #951,#952,#953,#954,#955,#956,#957,#958,#959,#960,#961,#962,#963,
    #964,#965,#966,#967,#968,#969,#970,#971,#972,#973,#974,#975,#976,
    #977,#978,#979,#980,#981,#982,#983,#984,#985,#986,#987,#988),
  .UNSPECIFIED.,.F.,.F.,(7,5,5,5,5,5,5,5,5,5,5,7),(0.,0.115973574234,
    0.167587086426,0.289109309961,0.399679082836,0.500301560372,
    0.567580280578,0.601347914249,0.711185634036,0.836862250605,
    0.885583192029,1.),.UNSPECIFIED.);
#932 = CARTESIAN_POINT('',(10.,99.5,6.));
#933 = CARTESIAN_POINT('',(10.,99.5,5.85404567713));
#934 = CARTESIAN_POINT('',(10.008521323877,99.487218335826,
    5.709199793893));
#935 = CARTESIAN_POINT('',(10.025319564691,99.462019438767,
    5.567620081058));
#936 = CARTESIAN_POINT('',(10.049502542058,99.425408499389,
    5.431403410156));
#937 = CARTESIAN_POINT('',(10.079553219809,99.379027254714,
    5.302469387508));
#938 = CARTESIAN_POINT('',(10.128672561684,99.301350801227,5.12904631929
    ));
#939 = CARTESIAN_POINT('',(10.144642785638,99.275870156602,
    5.077184590434));
#940 = CARTESIAN_POINT('',(10.161343867569,99.24894710422,5.026879735236
    ));
#941 = CARTESIAN_POINT('',(10.178668284962,99.220689336464,
    4.978134542892));
#942 = CARTESIAN_POINT('',(10.196512571741,99.191196814534,
    4.930946868586));
#943 = CARTESIAN_POINT('',(10.257781030219,99.088432615412,
    4.777858347008));
#944 = CARTESIAN_POINT('',(10.303133141393,99.009941433598,
    4.678959656443));
#945 = CARTESIAN_POINT('',(10.349634122641,98.926129359087,
    4.588307387206));
#946 = CARTESIAN_POINT('',(10.396262348302,98.83769869462,4.505550729813
    ));
#947 = CARTESIAN_POINT('',(10.442098186274,98.745086233957,
    4.430390870905));
#948 = CARTESIAN_POINT('',(10.526359760203,98.560662097383,
    4.301025698496));
#949 = CARTESIAN_POINT('',(10.565113417963,98.469459808821,
    4.245492712004));
#950 = CARTESIAN_POINT('',(10.601700162553,98.375249377287,4.19606523523
    ));
#951 = CARTESIAN_POINT('',(10.635338936944,98.278298893099,
    4.152780690988));
#952 = CARTESIAN_POINT('',(10.665251455468,98.178810557635,
    4.115712510782));
#953 = CARTESIAN_POINT('',(10.713869614997,97.984203137756,
    4.057083446037));
#954 = CARTESIAN_POINT('',(10.733360501075,97.88941934679,4.034404391833
    ));
#955 = CARTESIAN_POINT('',(10.748497015061,97.793145279154,
    4.017256797635));
#956 = CARTESIAN_POINT('',(10.758776446324,97.695867335115,
    4.005764127692));
#957 = CARTESIAN_POINT('',(10.7639320225,97.598015131805,4.));
#958 = CARTESIAN_POINT('',(10.7639320225,97.434464616752,4.));
#959 = CARTESIAN_POINT('',(10.761627344763,97.368955905211,
    4.002576971485));
#960 = CARTESIAN_POINT('',(10.757020537215,97.303617206113,
    4.007726796808));
#961 = CARTESIAN_POINT('',(10.750168476731,97.238600605922,
    4.015433208043));
#962 = CARTESIAN_POINT('',(10.741179085498,97.174066855699,
    4.025662240439));
#963 = CARTESIAN_POINT('',(10.724701610957,97.07812271057,4.044728111814
    ));
#964 = CARTESIAN_POINT('',(10.718694309789,97.046215732008,
    4.051722386374));
#965 = CARTESIAN_POINT('',(10.712204566738,97.014479974455,
    4.059333853845));
#966 = CARTESIAN_POINT('',(10.70525206177,96.982929516907,4.067556902762
    ));
#967 = CARTESIAN_POINT('',(10.697857731957,96.951576897199,
    4.076385965905));
#968 = CARTESIAN_POINT('',(10.664626900131,96.819130119189,
    4.116487517125));
#969 = CARTESIAN_POINT('',(10.634810969202,96.720204625386,
    4.153462858145));
#970 = CARTESIAN_POINT('',(10.601317506554,96.623794015397,
    4.196588259444));
#971 = CARTESIAN_POINT('',(10.56491247586,96.530097087407,4.245791723549
    ));
#972 = CARTESIAN_POINT('',(10.526364324194,96.439377149318,
    4.301036850751));
#973 = CARTESIAN_POINT('',(10.440755084531,96.251940802912,
    4.432432238895));
#974 = CARTESIAN_POINT('',(10.393228418925,96.156159751984,4.51050885666
    ));
#975 = CARTESIAN_POINT('',(10.344883651316,96.064869568361,4.59673875546
    ));
#976 = CARTESIAN_POINT('',(10.296740909577,95.978562885859,
    4.691460097132));
#977 = CARTESIAN_POINT('',(10.24994413967,95.898041642194,4.795066058616
    ));
#978 = CARTESIAN_POINT('',(10.188752463615,95.795994950784,
    4.951623893373));
#979 = CARTESIAN_POINT('',(10.172061035734,95.768532311434,
    4.996751409959));
#980 = CARTESIAN_POINT('',(10.155858840086,95.742196498411,
    5.043272871798));
#981 = CARTESIAN_POINT('',(10.140234602175,95.71707429077,5.091187698223
    ));
#982 = CARTESIAN_POINT('',(10.125280054469,95.693258270014,
    5.140491189702));
#983 = CARTESIAN_POINT('',(10.077765703189,95.618215518491,
    5.310199850348));
#984 = CARTESIAN_POINT('',(10.048353009254,95.572851052843,5.43791937858
    ));
#985 = CARTESIAN_POINT('',(10.024715369482,95.537074136515,
    5.572716615063));
#986 = CARTESIAN_POINT('',(10.008313310747,95.512469683197,
    5.712707099472));
#987 = CARTESIAN_POINT('',(10.,95.5,5.855837955065));
#988 = CARTESIAN_POINT('',(10.,95.5,6.));
#989 = ORIENTED_EDGE('',*,*,#990,.T.);
#990 = EDGE_CURVE('',#929,#991,#993,.T.);
#991 = VERTEX_POINT('',#992);
#992 = CARTESIAN_POINT('',(10.,101.5,6.));
#993 = LINE('',#994,#995);
#994 = CARTESIAN_POINT('',(10.,93.5,6.));
#995 = VECTOR('',#996,1.);
#996 = DIRECTION('',(0.,1.,0.));
#997 = ORIENTED_EDGE('',*,*,#998,.F.);
#998 = EDGE_CURVE('',#211,#991,#999,.T.);
#999 = ELLIPSE('',#1000,4.242640687119,3.);
#1000 = AXIS2_PLACEMENT_3D('',#1001,#1002,#1003);
#1001 = CARTESIAN_POINT('',(13.,104.5,6.));
#1002 = DIRECTION('',(-0.707106781187,0.707106781187,0.));
#1003 = DIRECTION('',(0.707106781187,0.707106781187,0.));
#1004 = CYLINDRICAL_SURFACE('',#1005,3.);
#1005 = AXIS2_PLACEMENT_3D('',#1006,#1007,#1008);
#1006 = CARTESIAN_POINT('',(13.,93.5,6.));
#1007 = DIRECTION('',(0.,1.,0.));
#1008 = DIRECTION('',(0.,0.,-1.));
#1009 = ADVANCED_FACE('',(#1010),#1029,.F.);
#1010 = FACE_BOUND('',#1011,.F.);
#1011 = EDGE_LOOP('',(#1012,#1021,#1027,#1028));
#1012 = ORIENTED_EDGE('',*,*,#1013,.T.);
#1013 = EDGE_CURVE('',#99,#1014,#1016,.T.);
#1014 = VERTEX_POINT('',#1015);
#1015 = CARTESIAN_POINT('',(138.,101.5,6.));
#1016 = ELLIPSE('',#1017,4.242640687119,3.);
#1017 = AXIS2_PLACEMENT_3D('',#1018,#1019,#1020);
#1018 = CARTESIAN_POINT('',(135.,104.5,6.));
#1019 = DIRECTION('',(-0.707106781187,-0.707106781187,0.));
#1020 = DIRECTION('',(0.707106781187,-0.707106781187,0.));
#1021 = ORIENTED_EDGE('',*,*,#1022,.T.);
#1022 = EDGE_CURVE('',#1014,#825,#1023,.T.);
#1023 = LINE('',#1024,#1025);
#1024 = CARTESIAN_POINT('',(137.99999999998,101.5,6.));
#1025 = VECTOR('',#1026,1.);
#1026 = DIRECTION('',(-1.,0.,0.));
#1027 = ORIENTED_EDGE('',*,*,#824,.F.);
#1028 = ORIENTED_EDGE('',*,*,#98,.F.);
#1029 = CYLINDRICAL_SURFACE('',#1030,3.);
#1030 = AXIS2_PLACEMENT_3D('',#1031,#1032,#1033);
#1031 = CARTESIAN_POINT('',(137.99999999998,104.5,6.));
#1032 = DIRECTION('',(-1.,0.,0.));
#1033 = DIRECTION('',(0.,0.,-1.));
#1034 = ADVANCED_FACE('',(#1035),#1054,.F.);
#1035 = FACE_BOUND('',#1036,.F.);
#1036 = EDGE_LOOP('',(#1037,#1038,#1046,#1053));
#1037 = ORIENTED_EDGE('',*,*,#998,.T.);
#1038 = ORIENTED_EDGE('',*,*,#1039,.T.);
#1039 = EDGE_CURVE('',#991,#1040,#1042,.T.);
#1040 = VERTEX_POINT('',#1041);
#1041 = CARTESIAN_POINT('',(2.000000000015,101.5,6.));
#1042 = LINE('',#1043,#1044);
#1043 = CARTESIAN_POINT('',(10.,101.5,6.));
#1044 = VECTOR('',#1045,1.);
#1045 = DIRECTION('',(-1.,0.,0.));
#1046 = ORIENTED_EDGE('',*,*,#1047,.F.);
#1047 = EDGE_CURVE('',#203,#1040,#1048,.T.);
#1048 = ELLIPSE('',#1049,4.242640687119,3.);
#1049 = AXIS2_PLACEMENT_3D('',#1050,#1051,#1052);
#1050 = CARTESIAN_POINT('',(5.,104.5,6.));
#1051 = DIRECTION('',(-0.707106781187,0.707106781187,0.));
#1052 = DIRECTION('',(-0.707106781187,-0.707106781187,0.));
#1053 = ORIENTED_EDGE('',*,*,#210,.F.);
#1054 = CYLINDRICAL_SURFACE('',#1055,3.);
#1055 = AXIS2_PLACEMENT_3D('',#1056,#1057,#1058);
#1056 = CARTESIAN_POINT('',(10.,104.5,6.));
#1057 = DIRECTION('',(-1.,0.,0.));
#1058 = DIRECTION('',(0.,0.,-1.));
#1059 = ADVANCED_FACE('',(#1060),#1079,.F.);
#1060 = FACE_BOUND('',#1061,.F.);
#1061 = EDGE_LOOP('',(#1062,#1071,#1077,#1078));
#1062 = ORIENTED_EDGE('',*,*,#1063,.T.);
#1063 = EDGE_CURVE('',#107,#1064,#1066,.T.);
#1064 = VERTEX_POINT('',#1065);
#1065 = CARTESIAN_POINT('',(137.99999999998,175.,6.));
#1066 = ELLIPSE('',#1067,4.242640687119,3.);
#1067 = AXIS2_PLACEMENT_3D('',#1068,#1069,#1070);
#1068 = CARTESIAN_POINT('',(135.,172.,6.));
#1069 = DIRECTION('',(0.707106781187,-0.707106781187,0.));
#1070 = DIRECTION('',(0.707106781187,0.707106781187,0.));
#1071 = ORIENTED_EDGE('',*,*,#1072,.T.);
#1072 = EDGE_CURVE('',#1064,#1014,#1073,.T.);
#1073 = LINE('',#1074,#1075);
#1074 = CARTESIAN_POINT('',(138.,175.,6.));
#1075 = VECTOR('',#1076,1.);
#1076 = DIRECTION('',(0.,-1.,0.));
#1077 = ORIENTED_EDGE('',*,*,#1013,.F.);
#1078 = ORIENTED_EDGE('',*,*,#106,.F.);
#1079 = CYLINDRICAL_SURFACE('',#1080,3.);
#1080 = AXIS2_PLACEMENT_3D('',#1081,#1082,#1083);
#1081 = CARTESIAN_POINT('',(135.,175.,6.));
#1082 = DIRECTION('',(0.,-1.,0.));
#1083 = DIRECTION('',(-0.,-0.,-1.));
#1084 = ADVANCED_FACE('',(#1085),#1104,.F.);
#1085 = FACE_BOUND('',#1086,.F.);
#1086 = EDGE_LOOP('',(#1087,#1088,#1096,#1103));
#1087 = ORIENTED_EDGE('',*,*,#1047,.T.);
#1088 = ORIENTED_EDGE('',*,*,#1089,.T.);
#1089 = EDGE_CURVE('',#1040,#1090,#1092,.T.);
#1090 = VERTEX_POINT('',#1091);
#1091 = CARTESIAN_POINT('',(2.,175.,6.));
#1092 = LINE('',#1093,#1094);
#1093 = CARTESIAN_POINT('',(2.,101.5,6.));
#1094 = VECTOR('',#1095,1.);
#1095 = DIRECTION('',(0.,1.,0.));
#1096 = ORIENTED_EDGE('',*,*,#1097,.F.);
#1097 = EDGE_CURVE('',#195,#1090,#1098,.T.);
#1098 = ELLIPSE('',#1099,4.242640687119,3.);
#1099 = AXIS2_PLACEMENT_3D('',#1100,#1101,#1102);
#1100 = CARTESIAN_POINT('',(5.,172.,6.));
#1101 = DIRECTION('',(0.707106781187,0.707106781187,-0.));
#1102 = DIRECTION('',(-0.707106781187,0.707106781187,0.));
#1103 = ORIENTED_EDGE('',*,*,#202,.F.);
#1104 = CYLINDRICAL_SURFACE('',#1105,3.);
#1105 = AXIS2_PLACEMENT_3D('',#1106,#1107,#1108);
#1106 = CARTESIAN_POINT('',(5.,101.5,6.));
#1107 = DIRECTION('',(0.,1.,0.));
#1108 = DIRECTION('',(0.,0.,-1.));
#1109 = ADVANCED_FACE('',(#1110),#1129,.F.);
#1110 = FACE_BOUND('',#1111,.F.);
#1111 = EDGE_LOOP('',(#1112,#1121,#1127,#1128));
#1112 = ORIENTED_EDGE('',*,*,#1113,.T.);
#1113 = EDGE_CURVE('',#115,#1114,#1116,.T.);
#1114 = VERTEX_POINT('',#1115);
#1115 = CARTESIAN_POINT('',(130.,175.,6.));
#1116 = ELLIPSE('',#1117,4.242640687119,3.);
#1117 = AXIS2_PLACEMENT_3D('',#1118,#1119,#1120);
#1118 = CARTESIAN_POINT('',(127.,172.,6.));
#1119 = DIRECTION('',(0.707106781187,-0.707106781187,0.));
#1120 = DIRECTION('',(-0.707106781187,-0.707106781187,0.));
#1121 = ORIENTED_EDGE('',*,*,#1122,.T.);
#1122 = EDGE_CURVE('',#1114,#1064,#1123,.T.);
#1123 = LINE('',#1124,#1125);
#1124 = CARTESIAN_POINT('',(130.,175.,6.));
#1125 = VECTOR('',#1126,1.);
#1126 = DIRECTION('',(1.,0.,0.));
#1127 = ORIENTED_EDGE('',*,*,#1063,.F.);
#1128 = ORIENTED_EDGE('',*,*,#114,.F.);
#1129 = CYLINDRICAL_SURFACE('',#1130,3.);
#1130 = AXIS2_PLACEMENT_3D('',#1131,#1132,#1133);
#1131 = CARTESIAN_POINT('',(130.,172.,6.));
#1132 = DIRECTION('',(1.,0.,0.));
#1133 = DIRECTION('',(0.,0.,-1.));
#1134 = ADVANCED_FACE('',(#1135),#1154,.F.);
#1135 = FACE_BOUND('',#1136,.F.);
#1136 = EDGE_LOOP('',(#1137,#1138,#1146,#1153));
#1137 = ORIENTED_EDGE('',*,*,#1097,.T.);
#1138 = ORIENTED_EDGE('',*,*,#1139,.T.);
#1139 = EDGE_CURVE('',#1090,#1140,#1142,.T.);
#1140 = VERTEX_POINT('',#1141);
#1141 = CARTESIAN_POINT('',(10.,175.,6.));
#1142 = LINE('',#1143,#1144);
#1143 = CARTESIAN_POINT('',(2.000000000015,175.,6.));
#1144 = VECTOR('',#1145,1.);
#1145 = DIRECTION('',(1.,0.,0.));
#1146 = ORIENTED_EDGE('',*,*,#1147,.F.);
#1147 = EDGE_CURVE('',#187,#1140,#1148,.T.);
#1148 = ELLIPSE('',#1149,4.242640687119,3.);
#1149 = AXIS2_PLACEMENT_3D('',#1150,#1151,#1152);
#1150 = CARTESIAN_POINT('',(13.,172.,6.));
#1151 = DIRECTION('',(0.707106781187,0.707106781187,0.));
#1152 = DIRECTION('',(0.707106781187,-0.707106781187,0.));
#1153 = ORIENTED_EDGE('',*,*,#194,.F.);
#1154 = CYLINDRICAL_SURFACE('',#1155,3.);
#1155 = AXIS2_PLACEMENT_3D('',#1156,#1157,#1158);
#1156 = CARTESIAN_POINT('',(2.000000000015,172.,6.));
#1157 = DIRECTION('',(1.,0.,0.));
#1158 = DIRECTION('',(0.,0.,-1.));
#1159 = ADVANCED_FACE('',(#1160),#1249,.F.);
#1160 = FACE_BOUND('',#1161,.F.);
#1161 = EDGE_LOOP('',(#1162,#1163,#1172,#1180,#1242,#1248));
#1162 = ORIENTED_EDGE('',*,*,#122,.F.);
#1163 = ORIENTED_EDGE('',*,*,#1164,.T.);
#1164 = EDGE_CURVE('',#123,#1165,#1167,.T.);
#1165 = VERTEX_POINT('',#1166);
#1166 = CARTESIAN_POINT('',(130.,183.,6.));
#1167 = ELLIPSE('',#1168,4.242640687119,3.);
#1168 = AXIS2_PLACEMENT_3D('',#1169,#1170,#1171);
#1169 = CARTESIAN_POINT('',(127.,186.,6.));
#1170 = DIRECTION('',(-0.707106781187,-0.707106781187,-0.));
#1171 = DIRECTION('',(-0.707106781187,0.707106781187,0.));
#1172 = ORIENTED_EDGE('',*,*,#1173,.T.);
#1173 = EDGE_CURVE('',#1165,#1174,#1176,.T.);
#1174 = VERTEX_POINT('',#1175);
#1175 = CARTESIAN_POINT('',(130.,181.,6.));
#1176 = LINE('',#1177,#1178);
#1177 = CARTESIAN_POINT('',(130.,183.,6.));
#1178 = VECTOR('',#1179,1.);
#1179 = DIRECTION('',(0.,-1.,0.));
#1180 = ORIENTED_EDGE('',*,*,#1181,.T.);
#1181 = EDGE_CURVE('',#1174,#1182,#1184,.T.);
#1182 = VERTEX_POINT('',#1183);
#1183 = CARTESIAN_POINT('',(130.,177.00000000001,6.));
#1184 = B_SPLINE_CURVE_WITH_KNOTS('',6,(#1185,#1186,#1187,#1188,#1189,
    #1190,#1191,#1192,#1193,#1194,#1195,#1196,#1197,#1198,#1199,#1200,
    #1201,#1202,#1203,#1204,#1205,#1206,#1207,#1208,#1209,#1210,#1211,
    #1212,#1213,#1214,#1215,#1216,#1217,#1218,#1219,#1220,#1221,#1222,
    #1223,#1224,#1225,#1226,#1227,#1228,#1229,#1230,#1231,#1232,#1233,
    #1234,#1235,#1236,#1237,#1238,#1239,#1240,#1241),.UNSPECIFIED.,.F.,
  .F.,(7,5,5,5,5,5,5,5,5,5,5,7),(0.,0.115973567635,0.167587076776,
    0.289109292891,0.399679059015,0.500301530407,0.567580246506,
    0.601347878115,0.711185591196,0.836862200128,0.885583148863,1.),
  .UNSPECIFIED.);
#1185 = CARTESIAN_POINT('',(130.,181.,6.));
#1186 = CARTESIAN_POINT('',(130.,181.,5.85404567713));
#1187 = CARTESIAN_POINT('',(129.99147867612,180.98721833583,
    5.709199793893));
#1188 = CARTESIAN_POINT('',(129.9746804353,180.96201943877,
    5.567620081058));
#1189 = CARTESIAN_POINT('',(129.95049745794,180.92540849939,
    5.431403410156));
#1190 = CARTESIAN_POINT('',(129.92044678019,180.87902725472,
    5.302469387508));
#1191 = CARTESIAN_POINT('',(129.87132743834,180.80135080128,
    5.129046319407));
#1192 = CARTESIAN_POINT('',(129.85535721435,180.77587015659,
    5.077184590417));
#1193 = CARTESIAN_POINT('',(129.83865613239,180.74894710417,
    5.026879735131));
#1194 = CARTESIAN_POINT('',(129.82133171502,180.72068933645,
    4.978134542852));
#1195 = CARTESIAN_POINT('',(129.80348742829,180.6911968146,
    4.930946868675));
#1196 = CARTESIAN_POINT('',(129.74221896978,180.58843261542,
    4.777858347008));
#1197 = CARTESIAN_POINT('',(129.6968668586,180.5099414336,4.678959656442
    ));
#1198 = CARTESIAN_POINT('',(129.65036587735,180.42612935909,
    4.588307387206));
#1199 = CARTESIAN_POINT('',(129.60373765169,180.33769869462,
    4.505550729813));
#1200 = CARTESIAN_POINT('',(129.55790181372,180.24508623396,
    4.430390870905));
#1201 = CARTESIAN_POINT('',(129.47364023979,180.06066209739,
    4.301025698496));
#1202 = CARTESIAN_POINT('',(129.43488658203,179.96945980882,
    4.245492712003));
#1203 = CARTESIAN_POINT('',(129.39829983744,179.87524937729,
    4.196065235231));
#1204 = CARTESIAN_POINT('',(129.36466106305,179.7782988931,
    4.152780690988));
#1205 = CARTESIAN_POINT('',(129.33474854453,179.67881055764,
    4.115712510782));
#1206 = CARTESIAN_POINT('',(129.286130385,179.48420313776,4.057083446037
    ));
#1207 = CARTESIAN_POINT('',(129.26663949892,179.38941934679,
    4.034404391833));
#1208 = CARTESIAN_POINT('',(129.25150298493,179.29314527916,
    4.017256797635));
#1209 = CARTESIAN_POINT('',(129.24122355367,179.19586733512,
    4.005764127692));
#1210 = CARTESIAN_POINT('',(129.2360679775,179.09801513181,4.));
#1211 = CARTESIAN_POINT('',(129.2360679775,178.93446461676,4.));
#1212 = CARTESIAN_POINT('',(129.23837265523,178.86895590521,
    4.002576971485));
#1213 = CARTESIAN_POINT('',(129.24297946278,178.80361720612,
    4.007726796808));
#1214 = CARTESIAN_POINT('',(129.24983152326,178.73860060593,
    4.015433208043));
#1215 = CARTESIAN_POINT('',(129.2588209145,178.6740668557,4.025662240439
    ));
#1216 = CARTESIAN_POINT('',(129.27529838904,178.57812271057,
    4.044728111814));
#1217 = CARTESIAN_POINT('',(129.28130569021,178.54621573201,
    4.051722386374));
#1218 = CARTESIAN_POINT('',(129.28779543326,178.51447997446,
    4.059333853845));
#1219 = CARTESIAN_POINT('',(129.29474793823,178.48292951691,
    4.067556902762));
#1220 = CARTESIAN_POINT('',(129.30214226804,178.4515768972,
    4.076385965905));
#1221 = CARTESIAN_POINT('',(129.33537309986,178.31913011919,
    4.116487517125));
#1222 = CARTESIAN_POINT('',(129.36518903079,178.22020462539,
    4.153462858145));
#1223 = CARTESIAN_POINT('',(129.39868249344,178.1237940154,
    4.196588259444));
#1224 = CARTESIAN_POINT('',(129.43508752414,178.03009708741,
    4.245791723549));
#1225 = CARTESIAN_POINT('',(129.4736356758,177.93937714932,
    4.301036850751));
#1226 = CARTESIAN_POINT('',(129.55924491548,177.75194080289,
    4.432432238916));
#1227 = CARTESIAN_POINT('',(129.60677158105,177.65615975204,
    4.510508856631));
#1228 = CARTESIAN_POINT('',(129.65511634868,177.56486956835,
    4.596738755442));
#1229 = CARTESIAN_POINT('',(129.70325909044,177.47856288583,
    4.691460097194));
#1230 = CARTESIAN_POINT('',(129.75005586031,177.39804164222,
    4.795066058578));
#1231 = CARTESIAN_POINT('',(129.81124753999,177.29599494477,
    4.951623902608));
#1232 = CARTESIAN_POINT('',(129.82793896349,177.26853231257,
    4.996751406333));
#1233 = CARTESIAN_POINT('',(129.84414115647,177.24219650401,
    5.043272861502));
#1234 = CARTESIAN_POINT('',(129.85976539674,177.21707429265,
    5.091187696423));
#1235 = CARTESIAN_POINT('',(129.87471994875,177.19325826493,
    5.140491201219));
#1236 = CARTESIAN_POINT('',(129.92223429681,177.11821551849,
    5.310199850348));
#1237 = CARTESIAN_POINT('',(129.95164699074,177.07285105285,
    5.43791937858));
#1238 = CARTESIAN_POINT('',(129.97528463051,177.03707413652,
    5.572716615063));
#1239 = CARTESIAN_POINT('',(129.99168668925,177.0124696832,
    5.712707099472));
#1240 = CARTESIAN_POINT('',(130.,177.,5.855837955066));
#1241 = CARTESIAN_POINT('',(130.,177.,6.));
#1242 = ORIENTED_EDGE('',*,*,#1243,.T.);
#1243 = EDGE_CURVE('',#1182,#1114,#1244,.T.);
#1244 = LINE('',#1245,#1246);
#1245 = CARTESIAN_POINT('',(130.,183.,6.));
#1246 = VECTOR('',#1247,1.);
#1247 = DIRECTION('',(0.,-1.,0.));
#1248 = ORIENTED_EDGE('',*,*,#1113,.F.);
#1249 = CYLINDRICAL_SURFACE('',#1250,3.);
#1250 = AXIS2_PLACEMENT_3D('',#1251,#1252,#1253);
#1251 = CARTESIAN_POINT('',(127.,183.,6.));
#1252 = DIRECTION('',(0.,-1.,0.));
#1253 = DIRECTION('',(-0.,-0.,-1.));
#1254 = ADVANCED_FACE('',(#1255),#1344,.F.);
#1255 = FACE_BOUND('',#1256,.F.);
#1256 = EDGE_LOOP('',(#1257,#1258,#1259,#1267,#1329,#1337));
#1257 = ORIENTED_EDGE('',*,*,#186,.F.);
#1258 = ORIENTED_EDGE('',*,*,#1147,.T.);
#1259 = ORIENTED_EDGE('',*,*,#1260,.T.);
#1260 = EDGE_CURVE('',#1140,#1261,#1263,.T.);
#1261 = VERTEX_POINT('',#1262);
#1262 = CARTESIAN_POINT('',(10.,177.,6.));
#1263 = LINE('',#1264,#1265);
#1264 = CARTESIAN_POINT('',(10.,175.,6.));
#1265 = VECTOR('',#1266,1.);
#1266 = DIRECTION('',(0.,1.,0.));
#1267 = ORIENTED_EDGE('',*,*,#1268,.F.);
#1268 = EDGE_CURVE('',#1269,#1261,#1271,.T.);
#1269 = VERTEX_POINT('',#1270);
#1270 = CARTESIAN_POINT('',(10.,181.,6.));
#1271 = B_SPLINE_CURVE_WITH_KNOTS('',6,(#1272,#1273,#1274,#1275,#1276,
    #1277,#1278,#1279,#1280,#1281,#1282,#1283,#1284,#1285,#1286,#1287,
    #1288,#1289,#1290,#1291,#1292,#1293,#1294,#1295,#1296,#1297,#1298,
    #1299,#1300,#1301,#1302,#1303,#1304,#1305,#1306,#1307,#1308,#1309,
    #1310,#1311,#1312,#1313,#1314,#1315,#1316,#1317,#1318,#1319,#1320,
    #1321,#1322,#1323,#1324,#1325,#1326,#1327,#1328),.UNSPECIFIED.,.F.,
  .F.,(7,5,5,5,5,5,5,5,5,5,5,7),(0.,0.115973598266,0.167587112669,
    0.289109323601,0.399679084983,0.500301552061,0.567580265274,
    0.601347895435,0.711185603806,0.836862207312,0.88558315396,1.),
  .UNSPECIFIED.);
#1272 = CARTESIAN_POINT('',(10.,181.,6.));
#1273 = CARTESIAN_POINT('',(10.,181.,5.85404567713));
#1274 = CARTESIAN_POINT('',(10.008521323877,180.98721833583,
    5.709199793893));
#1275 = CARTESIAN_POINT('',(10.025319564691,180.96201943877,
    5.567620081058));
#1276 = CARTESIAN_POINT('',(10.049502542058,180.92540849939,
    5.431403410156));
#1277 = CARTESIAN_POINT('',(10.079553219809,180.87902725472,
    5.302469387508));
#1278 = CARTESIAN_POINT('',(10.128672559198,180.80135080516,
    5.129046328068));
#1279 = CARTESIAN_POINT('',(10.144642786454,180.77587015517,
    5.077184589109));
#1280 = CARTESIAN_POINT('',(10.161343870227,180.74894709989,
    5.026879727357));
#1281 = CARTESIAN_POINT('',(10.178668285622,180.72068933549,
    4.978134539904));
#1282 = CARTESIAN_POINT('',(10.196512569059,180.69119681904,
    4.930946875287));
#1283 = CARTESIAN_POINT('',(10.25778103023,180.5884326154,4.77785834698)
  );
#1284 = CARTESIAN_POINT('',(10.303133141377,180.50994143363,
    4.678959656488));
#1285 = CARTESIAN_POINT('',(10.34963412264,180.4261293591,4.588307387194
    ));
#1286 = CARTESIAN_POINT('',(10.396262348319,180.33769869458,
    4.505550729791));
#1287 = CARTESIAN_POINT('',(10.442098186264,180.24508623398,
    4.43039087092));
#1288 = CARTESIAN_POINT('',(10.526359760203,180.06066209739,
    4.301025698496));
#1289 = CARTESIAN_POINT('',(10.565113417964,179.96945980882,
    4.245492712003));
#1290 = CARTESIAN_POINT('',(10.601700162553,179.87524937729,
    4.196065235231));
#1291 = CARTESIAN_POINT('',(10.635338936944,179.7782988931,
    4.152780690988));
#1292 = CARTESIAN_POINT('',(10.665251455468,179.67881055764,
    4.115712510782));
#1293 = CARTESIAN_POINT('',(10.713869614997,179.48420313776,
    4.057083446037));
#1294 = CARTESIAN_POINT('',(10.733360501075,179.38941934679,
    4.034404391834));
#1295 = CARTESIAN_POINT('',(10.748497015061,179.29314527916,
    4.017256797635));
#1296 = CARTESIAN_POINT('',(10.758776446324,179.19586733512,
    4.005764127692));
#1297 = CARTESIAN_POINT('',(10.7639320225,179.09801513181,4.));
#1298 = CARTESIAN_POINT('',(10.7639320225,178.93446461676,4.));
#1299 = CARTESIAN_POINT('',(10.761627344763,178.86895590521,
    4.002576971485));
#1300 = CARTESIAN_POINT('',(10.757020537215,178.80361720612,
    4.007726796808));
#1301 = CARTESIAN_POINT('',(10.750168476731,178.73860060593,
    4.015433208043));
#1302 = CARTESIAN_POINT('',(10.741179085498,178.6740668557,
    4.025662240439));
#1303 = CARTESIAN_POINT('',(10.724701610957,178.57812271057,
    4.044728111814));
#1304 = CARTESIAN_POINT('',(10.718694309789,178.54621573201,
    4.051722386374));
#1305 = CARTESIAN_POINT('',(10.712204566738,178.51447997446,
    4.059333853845));
#1306 = CARTESIAN_POINT('',(10.70525206177,178.48292951691,
    4.067556902762));
#1307 = CARTESIAN_POINT('',(10.697857731957,178.4515768972,
    4.076385965905));
#1308 = CARTESIAN_POINT('',(10.664626900131,178.31913011919,
    4.116487517125));
#1309 = CARTESIAN_POINT('',(10.634810969202,178.22020462539,
    4.153462858145));
#1310 = CARTESIAN_POINT('',(10.601317506554,178.1237940154,
    4.196588259445));
#1311 = CARTESIAN_POINT('',(10.56491247586,178.03009708741,
    4.245791723549));
#1312 = CARTESIAN_POINT('',(10.526364324194,177.93937714932,
    4.301036850751));
#1313 = CARTESIAN_POINT('',(10.440755084531,177.75194080292,
    4.432432238895));
#1314 = CARTESIAN_POINT('',(10.393228418925,177.65615975199,
    4.51050885666));
#1315 = CARTESIAN_POINT('',(10.344883651316,177.56486956836,
    4.59673875546));
#1316 = CARTESIAN_POINT('',(10.296740909577,177.47856288586,
    4.691460097132));
#1317 = CARTESIAN_POINT('',(10.24994413967,177.3980416422,4.795066058616
    ));
#1318 = CARTESIAN_POINT('',(10.188752460005,177.29599494477,
    4.951623902608));
#1319 = CARTESIAN_POINT('',(10.172061036504,177.26853231257,
    4.996751406333));
#1320 = CARTESIAN_POINT('',(10.155858843523,177.24219650401,
    5.043272861502));
#1321 = CARTESIAN_POINT('',(10.140234603254,177.21707429265,
    5.091187696423));
#1322 = CARTESIAN_POINT('',(10.125280051244,177.19325826493,
    5.140491201219));
#1323 = CARTESIAN_POINT('',(10.077765703246,177.11821551858,
    5.310199850144));
#1324 = CARTESIAN_POINT('',(10.048353009218,177.07285105279,
    5.437919378631));
#1325 = CARTESIAN_POINT('',(10.024715369451,177.03707413648,
    5.572716615269));
#1326 = CARTESIAN_POINT('',(10.008313310771,177.01246968324,
    5.712707099525));
#1327 = CARTESIAN_POINT('',(10.,177.,5.855837954858));
#1328 = CARTESIAN_POINT('',(10.,177.,6.));
#1329 = ORIENTED_EDGE('',*,*,#1330,.T.);
#1330 = EDGE_CURVE('',#1269,#1331,#1333,.T.);
#1331 = VERTEX_POINT('',#1332);
#1332 = CARTESIAN_POINT('',(10.,183.,6.));
#1333 = LINE('',#1334,#1335);
#1334 = CARTESIAN_POINT('',(10.,175.,6.));
#1335 = VECTOR('',#1336,1.);
#1336 = DIRECTION('',(0.,1.,0.));
#1337 = ORIENTED_EDGE('',*,*,#1338,.F.);
#1338 = EDGE_CURVE('',#179,#1331,#1339,.T.);
#1339 = ELLIPSE('',#1340,4.242640687119,3.);
#1340 = AXIS2_PLACEMENT_3D('',#1341,#1342,#1343);
#1341 = CARTESIAN_POINT('',(13.,186.,6.));
#1342 = DIRECTION('',(-0.707106781187,0.707106781187,0.));
#1343 = DIRECTION('',(0.707106781187,0.707106781187,0.));
#1344 = CYLINDRICAL_SURFACE('',#1345,3.);
#1345 = AXIS2_PLACEMENT_3D('',#1346,#1347,#1348);
#1346 = CARTESIAN_POINT('',(13.,175.,6.));
#1347 = DIRECTION('',(0.,1.,0.));
#1348 = DIRECTION('',(0.,0.,-1.));
#1349 = ADVANCED_FACE('',(#1350),#1369,.F.);
#1350 = FACE_BOUND('',#1351,.F.);
#1351 = EDGE_LOOP('',(#1352,#1361,#1367,#1368));
#1352 = ORIENTED_EDGE('',*,*,#1353,.T.);
#1353 = EDGE_CURVE('',#131,#1354,#1356,.T.);
#1354 = VERTEX_POINT('',#1355);
#1355 = CARTESIAN_POINT('',(138.,183.,6.));
#1356 = ELLIPSE('',#1357,4.242640687119,3.);
#1357 = AXIS2_PLACEMENT_3D('',#1358,#1359,#1360);
#1358 = CARTESIAN_POINT('',(135.,186.,6.));
#1359 = DIRECTION('',(-0.707106781187,-0.707106781187,0.));
#1360 = DIRECTION('',(0.707106781187,-0.707106781187,0.));
#1361 = ORIENTED_EDGE('',*,*,#1362,.T.);
#1362 = EDGE_CURVE('',#1354,#1165,#1363,.T.);
#1363 = LINE('',#1364,#1365);
#1364 = CARTESIAN_POINT('',(137.99999999998,183.,6.));
#1365 = VECTOR('',#1366,1.);
#1366 = DIRECTION('',(-1.,0.,0.));
#1367 = ORIENTED_EDGE('',*,*,#1164,.F.);
#1368 = ORIENTED_EDGE('',*,*,#130,.F.);
#1369 = CYLINDRICAL_SURFACE('',#1370,3.);
#1370 = AXIS2_PLACEMENT_3D('',#1371,#1372,#1373);
#1371 = CARTESIAN_POINT('',(137.99999999998,186.,6.));
#1372 = DIRECTION('',(-1.,0.,0.));
#1373 = DIRECTION('',(0.,0.,-1.));
#1374 = ADVANCED_FACE('',(#1375),#1394,.F.);
#1375 = FACE_BOUND('',#1376,.F.);
#1376 = EDGE_LOOP('',(#1377,#1378,#1386,#1393));
#1377 = ORIENTED_EDGE('',*,*,#1338,.T.);
#1378 = ORIENTED_EDGE('',*,*,#1379,.T.);
#1379 = EDGE_CURVE('',#1331,#1380,#1382,.T.);
#1380 = VERTEX_POINT('',#1381);
#1381 = CARTESIAN_POINT('',(2.000000000015,183.,6.));
#1382 = LINE('',#1383,#1384);
#1383 = CARTESIAN_POINT('',(10.,183.,6.));
#1384 = VECTOR('',#1385,1.);
#1385 = DIRECTION('',(-1.,0.,0.));
#1386 = ORIENTED_EDGE('',*,*,#1387,.F.);
#1387 = EDGE_CURVE('',#171,#1380,#1388,.T.);
#1388 = ELLIPSE('',#1389,4.242640687119,3.);
#1389 = AXIS2_PLACEMENT_3D('',#1390,#1391,#1392);
#1390 = CARTESIAN_POINT('',(5.,186.,6.));
#1391 = DIRECTION('',(-0.707106781187,0.707106781187,0.));
#1392 = DIRECTION('',(-0.707106781187,-0.707106781187,0.));
#1393 = ORIENTED_EDGE('',*,*,#178,.F.);
#1394 = CYLINDRICAL_SURFACE('',#1395,3.);
#1395 = AXIS2_PLACEMENT_3D('',#1396,#1397,#1398);
#1396 = CARTESIAN_POINT('',(10.,186.,6.));
#1397 = DIRECTION('',(-1.,0.,0.));
#1398 = DIRECTION('',(0.,0.,-1.));
#1399 = ADVANCED_FACE('',(#1400),#1419,.F.);
#1400 = FACE_BOUND('',#1401,.F.);
#1401 = EDGE_LOOP('',(#1402,#1411,#1417,#1418));
#1402 = ORIENTED_EDGE('',*,*,#1403,.T.);
#1403 = EDGE_CURVE('',#139,#1404,#1406,.T.);
#1404 = VERTEX_POINT('',#1405);
#1405 = CARTESIAN_POINT('',(138.,193.,6.));
#1406 = ELLIPSE('',#1407,4.242640687119,3.);
#1407 = AXIS2_PLACEMENT_3D('',#1408,#1409,#1410);
#1408 = CARTESIAN_POINT('',(135.,190.,6.));
#1409 = DIRECTION('',(0.707106781187,-0.707106781187,0.));
#1410 = DIRECTION('',(0.707106781187,0.707106781187,0.));
#1411 = ORIENTED_EDGE('',*,*,#1412,.T.);
#1412 = EDGE_CURVE('',#1404,#1354,#1413,.T.);
#1413 = LINE('',#1414,#1415);
#1414 = CARTESIAN_POINT('',(138.,193.,6.));
#1415 = VECTOR('',#1416,1.);
#1416 = DIRECTION('',(0.,-1.,0.));
#1417 = ORIENTED_EDGE('',*,*,#1353,.F.);
#1418 = ORIENTED_EDGE('',*,*,#138,.F.);
#1419 = CYLINDRICAL_SURFACE('',#1420,3.);
#1420 = AXIS2_PLACEMENT_3D('',#1421,#1422,#1423);
#1421 = CARTESIAN_POINT('',(135.,193.,6.));
#1422 = DIRECTION('',(0.,-1.,0.));
#1423 = DIRECTION('',(-0.,-0.,-1.));
#1424 = ADVANCED_FACE('',(#1425),#1444,.F.);
#1425 = FACE_BOUND('',#1426,.F.);
#1426 = EDGE_LOOP('',(#1427,#1428,#1436,#1443));
#1427 = ORIENTED_EDGE('',*,*,#1387,.T.);
#1428 = ORIENTED_EDGE('',*,*,#1429,.T.);
#1429 = EDGE_CURVE('',#1380,#1430,#1432,.T.);
#1430 = VERTEX_POINT('',#1431);
#1431 = CARTESIAN_POINT('',(2.,193.,6.));
#1432 = LINE('',#1433,#1434);
#1433 = CARTESIAN_POINT('',(2.,183.,6.));
#1434 = VECTOR('',#1435,1.);
#1435 = DIRECTION('',(0.,1.,0.));
#1436 = ORIENTED_EDGE('',*,*,#1437,.F.);
#1437 = EDGE_CURVE('',#163,#1430,#1438,.T.);
#1438 = ELLIPSE('',#1439,4.242640687119,3.);
#1439 = AXIS2_PLACEMENT_3D('',#1440,#1441,#1442);
#1440 = CARTESIAN_POINT('',(5.,190.,6.));
#1441 = DIRECTION('',(0.707106781187,0.707106781187,-0.));
#1442 = DIRECTION('',(-0.707106781187,0.707106781187,0.));
#1443 = ORIENTED_EDGE('',*,*,#170,.F.);
#1444 = CYLINDRICAL_SURFACE('',#1445,3.);
#1445 = AXIS2_PLACEMENT_3D('',#1446,#1447,#1448);
#1446 = CARTESIAN_POINT('',(5.,183.,6.));
#1447 = DIRECTION('',(0.,1.,0.));
#1448 = DIRECTION('',(0.,0.,-1.));
#1449 = ADVANCED_FACE('',(#1450),#1469,.F.);
#1450 = FACE_BOUND('',#1451,.F.);
#1451 = EDGE_LOOP('',(#1452,#1453,#1462,#1468));
#1452 = ORIENTED_EDGE('',*,*,#146,.F.);
#1453 = ORIENTED_EDGE('',*,*,#1454,.T.);
#1454 = EDGE_CURVE('',#147,#1455,#1457,.T.);
#1455 = VERTEX_POINT('',#1456);
#1456 = CARTESIAN_POINT('',(35.,193.,6.));
#1457 = CIRCLE('',#1458,3.);
#1458 = AXIS2_PLACEMENT_3D('',#1459,#1460,#1461);
#1459 = CARTESIAN_POINT('',(35.,190.,6.));
#1460 = DIRECTION('',(1.,-0.,0.));
#1461 = DIRECTION('',(0.,0.,-1.));
#1462 = ORIENTED_EDGE('',*,*,#1463,.T.);
#1463 = EDGE_CURVE('',#1455,#1404,#1464,.T.);
#1464 = LINE('',#1465,#1466);
#1465 = CARTESIAN_POINT('',(2.,193.,6.));
#1466 = VECTOR('',#1467,1.);
#1467 = DIRECTION('',(1.,0.,0.));
#1468 = ORIENTED_EDGE('',*,*,#1403,.F.);
#1469 = CYLINDRICAL_SURFACE('',#1470,3.);
#1470 = AXIS2_PLACEMENT_3D('',#1471,#1472,#1473);
#1471 = CARTESIAN_POINT('',(2.,190.,6.));
#1472 = DIRECTION('',(1.,0.,0.));
#1473 = DIRECTION('',(0.,0.,-1.));
#1474 = ADVANCED_FACE('',(#1475),#1494,.F.);
#1475 = FACE_BOUND('',#1476,.F.);
#1476 = EDGE_LOOP('',(#1477,#1478,#1479,#1487));
#1477 = ORIENTED_EDGE('',*,*,#162,.F.);
#1478 = ORIENTED_EDGE('',*,*,#1437,.T.);
#1479 = ORIENTED_EDGE('',*,*,#1480,.T.);
#1480 = EDGE_CURVE('',#1430,#1481,#1483,.T.);
#1481 = VERTEX_POINT('',#1482);
#1482 = CARTESIAN_POINT('',(15.,193.,6.));
#1483 = LINE('',#1484,#1485);
#1484 = CARTESIAN_POINT('',(2.,193.,6.));
#1485 = VECTOR('',#1486,1.);
#1486 = DIRECTION('',(1.,0.,0.));
#1487 = ORIENTED_EDGE('',*,*,#1488,.F.);
#1488 = EDGE_CURVE('',#155,#1481,#1489,.T.);
#1489 = CIRCLE('',#1490,3.);
#1490 = AXIS2_PLACEMENT_3D('',#1491,#1492,#1493);
#1491 = CARTESIAN_POINT('',(15.,190.,6.));
#1492 = DIRECTION('',(1.,-0.,0.));
#1493 = DIRECTION('',(0.,0.,-1.));
#1494 = CYLINDRICAL_SURFACE('',#1495,3.);
#1495 = AXIS2_PLACEMENT_3D('',#1496,#1497,#1498);
#1496 = CARTESIAN_POINT('',(2.,190.,6.));
#1497 = DIRECTION('',(1.,0.,0.));
#1498 = DIRECTION('',(0.,0.,-1.));
#1499 = ADVANCED_FACE('',(#1500,#1543),#1554,.F.);
#1500 = FACE_BOUND('',#1501,.F.);
#1501 = EDGE_LOOP('',(#1502,#1510,#1519,#1527,#1536,#1542));
#1502 = ORIENTED_EDGE('',*,*,#1503,.T.);
#1503 = EDGE_CURVE('',#155,#1504,#1506,.T.);
#1504 = VERTEX_POINT('',#1505);
#1505 = CARTESIAN_POINT('',(15.,190.,16.5));
#1506 = LINE('',#1507,#1508);
#1507 = CARTESIAN_POINT('',(15.,190.,2.5));
#1508 = VECTOR('',#1509,1.);
#1509 = DIRECTION('',(-8.659560562355E-17,2.22044604925E-16,1.));
#1510 = ORIENTED_EDGE('',*,*,#1511,.T.);
#1511 = EDGE_CURVE('',#1504,#1512,#1514,.T.);
#1512 = VERTEX_POINT('',#1513);
#1513 = CARTESIAN_POINT('',(21.,190.,22.5));
#1514 = CIRCLE('',#1515,6.);
#1515 = AXIS2_PLACEMENT_3D('',#1516,#1517,#1518);
#1516 = CARTESIAN_POINT('',(21.,190.,16.5));
#1517 = DIRECTION('',(8.659560562355E-17,1.,-2.22044604925E-16));
#1518 = DIRECTION('',(0.,-2.22044604925E-16,-1.));
#1519 = ORIENTED_EDGE('',*,*,#1520,.T.);
#1520 = EDGE_CURVE('',#1512,#1521,#1523,.T.);
#1521 = VERTEX_POINT('',#1522);
#1522 = CARTESIAN_POINT('',(29.,190.,22.5));
#1523 = LINE('',#1524,#1525);
#1524 = CARTESIAN_POINT('',(15.,190.,22.5));
#1525 = VECTOR('',#1526,1.);
#1526 = DIRECTION('',(1.,-8.659560562355E-17,8.659560562355E-17));
#1527 = ORIENTED_EDGE('',*,*,#1528,.F.);
#1528 = EDGE_CURVE('',#1529,#1521,#1531,.T.);
#1529 = VERTEX_POINT('',#1530);
#1530 = CARTESIAN_POINT('',(35.,190.,16.5));
#1531 = CIRCLE('',#1532,6.);
#1532 = AXIS2_PLACEMENT_3D('',#1533,#1534,#1535);
#1533 = CARTESIAN_POINT('',(29.,190.,16.5));
#1534 = DIRECTION('',(-8.659560562355E-17,-1.,2.22044604925E-16));
#1535 = DIRECTION('',(0.,-2.22044604925E-16,-1.));
#1536 = ORIENTED_EDGE('',*,*,#1537,.T.);
#1537 = EDGE_CURVE('',#1529,#147,#1538,.T.);
#1538 = LINE('',#1539,#1540);
#1539 = CARTESIAN_POINT('',(35.,190.,22.5));
#1540 = VECTOR('',#1541,1.);
#1541 = DIRECTION('',(8.659560562355E-17,-2.22044604925E-16,-1.));
#1542 = ORIENTED_EDGE('',*,*,#154,.F.);
#1543 = FACE_BOUND('',#1544,.F.);
#1544 = EDGE_LOOP('',(#1545));
#1545 = ORIENTED_EDGE('',*,*,#1546,.F.);
#1546 = EDGE_CURVE('',#1547,#1547,#1549,.T.);
#1547 = VERTEX_POINT('',#1548);
#1548 = CARTESIAN_POINT('',(19.,190.,12.5));
#1549 = CIRCLE('',#1550,6.);
#1550 = AXIS2_PLACEMENT_3D('',#1551,#1552,#1553);
#1551 = CARTESIAN_POINT('',(25.,190.,12.5));
#1552 = DIRECTION('',(0.,1.,-2.22044604925E-16));
#1553 = DIRECTION('',(-1.,0.,0.));
#1554 = PLANE('',#1555);
#1555 = AXIS2_PLACEMENT_3D('',#1556,#1557,#1558);
#1556 = CARTESIAN_POINT('',(25.,190.,12.5));
#1557 = DIRECTION('',(0.,1.,0.));
#1558 = DIRECTION('',(0.,0.,1.));
#1559 = ADVANCED_FACE('',(#1560),#1580,.F.);
#1560 = FACE_BOUND('',#1561,.T.);
#1561 = EDGE_LOOP('',(#1562,#1571,#1572,#1573));
#1562 = ORIENTED_EDGE('',*,*,#1563,.F.);
#1563 = EDGE_CURVE('',#275,#1564,#1566,.T.);
#1564 = VERTEX_POINT('',#1565);
#1565 = CARTESIAN_POINT('',(76.00000000001,85.402020253553,7.));
#1566 = CIRCLE('',#1567,4.);
#1567 = AXIS2_PLACEMENT_3D('',#1568,#1569,#1570);
#1568 = CARTESIAN_POINT('',(80.00000000001,85.402020253553,7.));
#1569 = DIRECTION('',(-0.,1.,0.));
#1570 = DIRECTION('',(1.,0.,0.));
#1571 = ORIENTED_EDGE('',*,*,#274,.F.);
#1572 = ORIENTED_EDGE('',*,*,#1563,.T.);
#1573 = ORIENTED_EDGE('',*,*,#1574,.T.);
#1574 = EDGE_CURVE('',#1564,#1564,#1575,.T.);
#1575 = CIRCLE('',#1576,6.);
#1576 = AXIS2_PLACEMENT_3D('',#1577,#1578,#1579);
#1577 = CARTESIAN_POINT('',(70.00000000001,85.402020253553,7.));
#1578 = DIRECTION('',(0.,0.,1.));
#1579 = DIRECTION('',(1.,0.,0.));
#1580 = TOROIDAL_SURFACE('',#1581,10.,4.);
#1581 = AXIS2_PLACEMENT_3D('',#1582,#1583,#1584);
#1582 = CARTESIAN_POINT('',(70.00000000001,85.402020253553,7.));
#1583 = DIRECTION('',(-0.,-0.,-1.));
#1584 = DIRECTION('',(1.,0.,0.));
#1585 = ADVANCED_FACE('',(#1586),#1606,.F.);
#1586 = FACE_BOUND('',#1587,.T.);
#1587 = EDGE_LOOP('',(#1588,#1597,#1598,#1599));
#1588 = ORIENTED_EDGE('',*,*,#1589,.F.);
#1589 = EDGE_CURVE('',#286,#1590,#1592,.T.);
#1590 = VERTEX_POINT('',#1591);
#1591 = CARTESIAN_POINT('',(36.402020253563,125.,7.));
#1592 = CIRCLE('',#1593,4.);
#1593 = AXIS2_PLACEMENT_3D('',#1594,#1595,#1596);
#1594 = CARTESIAN_POINT('',(40.402020253563,125.,7.));
#1595 = DIRECTION('',(-0.,1.,0.));
#1596 = DIRECTION('',(1.,0.,0.));
#1597 = ORIENTED_EDGE('',*,*,#285,.F.);
#1598 = ORIENTED_EDGE('',*,*,#1589,.T.);
#1599 = ORIENTED_EDGE('',*,*,#1600,.T.);
#1600 = EDGE_CURVE('',#1590,#1590,#1601,.T.);
#1601 = CIRCLE('',#1602,6.);
#1602 = AXIS2_PLACEMENT_3D('',#1603,#1604,#1605);
#1603 = CARTESIAN_POINT('',(30.402020253563,125.,7.));
#1604 = DIRECTION('',(0.,0.,1.));
#1605 = DIRECTION('',(1.,0.,0.));
#1606 = TOROIDAL_SURFACE('',#1607,10.,4.);
#1607 = AXIS2_PLACEMENT_3D('',#1608,#1609,#1610);
#1608 = CARTESIAN_POINT('',(30.402020253563,125.,7.));
#1609 = DIRECTION('',(-0.,-0.,-1.));
#1610 = DIRECTION('',(1.,0.,0.));
#1611 = ADVANCED_FACE('',(#1612),#1632,.F.);
#1612 = FACE_BOUND('',#1613,.T.);
#1613 = EDGE_LOOP('',(#1614,#1623,#1624,#1625));
#1614 = ORIENTED_EDGE('',*,*,#1615,.F.);
#1615 = EDGE_CURVE('',#297,#1616,#1618,.T.);
#1616 = VERTEX_POINT('',#1617);
#1617 = CARTESIAN_POINT('',(76.00000000001,164.59797974644,7.));
#1618 = CIRCLE('',#1619,4.);
#1619 = AXIS2_PLACEMENT_3D('',#1620,#1621,#1622);
#1620 = CARTESIAN_POINT('',(80.00000000001,164.59797974644,7.));
#1621 = DIRECTION('',(-0.,1.,0.));
#1622 = DIRECTION('',(1.,0.,0.));
#1623 = ORIENTED_EDGE('',*,*,#296,.F.);
#1624 = ORIENTED_EDGE('',*,*,#1615,.T.);
#1625 = ORIENTED_EDGE('',*,*,#1626,.T.);
#1626 = EDGE_CURVE('',#1616,#1616,#1627,.T.);
#1627 = CIRCLE('',#1628,6.);
#1628 = AXIS2_PLACEMENT_3D('',#1629,#1630,#1631);
#1629 = CARTESIAN_POINT('',(70.00000000001,164.59797974644,7.));
#1630 = DIRECTION('',(0.,0.,1.));
#1631 = DIRECTION('',(1.,0.,0.));
#1632 = TOROIDAL_SURFACE('',#1633,10.,4.);
#1633 = AXIS2_PLACEMENT_3D('',#1634,#1635,#1636);
#1634 = CARTESIAN_POINT('',(70.00000000001,164.59797974644,7.));
#1635 = DIRECTION('',(-0.,-0.,-1.));
#1636 = DIRECTION('',(1.,0.,0.));
#1637 = ADVANCED_FACE('',(#1638),#1658,.F.);
#1638 = FACE_BOUND('',#1639,.T.);
#1639 = EDGE_LOOP('',(#1640,#1649,#1650,#1651));
#1640 = ORIENTED_EDGE('',*,*,#1641,.F.);
#1641 = EDGE_CURVE('',#308,#1642,#1644,.T.);
#1642 = VERTEX_POINT('',#1643);
#1643 = CARTESIAN_POINT('',(115.59797974645,125.,7.));
#1644 = CIRCLE('',#1645,4.);
#1645 = AXIS2_PLACEMENT_3D('',#1646,#1647,#1648);
#1646 = CARTESIAN_POINT('',(119.59797974645,125.,7.));
#1647 = DIRECTION('',(-0.,1.,0.));
#1648 = DIRECTION('',(1.,0.,0.));
#1649 = ORIENTED_EDGE('',*,*,#307,.F.);
#1650 = ORIENTED_EDGE('',*,*,#1641,.T.);
#1651 = ORIENTED_EDGE('',*,*,#1652,.T.);
#1652 = EDGE_CURVE('',#1642,#1642,#1653,.T.);
#1653 = CIRCLE('',#1654,6.);
#1654 = AXIS2_PLACEMENT_3D('',#1655,#1656,#1657);
#1655 = CARTESIAN_POINT('',(109.59797974645,125.,7.));
#1656 = DIRECTION('',(0.,0.,1.));
#1657 = DIRECTION('',(1.,0.,0.));
#1658 = TOROIDAL_SURFACE('',#1659,10.,4.);
#1659 = AXIS2_PLACEMENT_3D('',#1660,#1661,#1662);
#1660 = CARTESIAN_POINT('',(109.59797974645,125.,7.));
#1661 = DIRECTION('',(-0.,-0.,-1.));
#1662 = DIRECTION('',(1.,0.,0.));
#1663 = ADVANCED_FACE('',(#1664),#1683,.T.);
#1664 = FACE_BOUND('',#1665,.F.);
#1665 = EDGE_LOOP('',(#1666,#1674,#1681,#1682));
#1666 = ORIENTED_EDGE('',*,*,#1667,.T.);
#1667 = EDGE_CURVE('',#325,#1668,#1670,.T.);
#1668 = VERTEX_POINT('',#1669);
#1669 = CARTESIAN_POINT('',(88.00000000001,125.,11.));
#1670 = LINE('',#1671,#1672);
#1671 = CARTESIAN_POINT('',(88.00000000001,125.,3.));
#1672 = VECTOR('',#1673,1.);
#1673 = DIRECTION('',(0.,0.,1.));
#1674 = ORIENTED_EDGE('',*,*,#1675,.T.);
#1675 = EDGE_CURVE('',#1668,#1668,#1676,.T.);
#1676 = CIRCLE('',#1677,18.);
#1677 = AXIS2_PLACEMENT_3D('',#1678,#1679,#1680);
#1678 = CARTESIAN_POINT('',(70.00000000001,125.,11.));
#1679 = DIRECTION('',(0.,0.,1.));
#1680 = DIRECTION('',(1.,0.,0.));
#1681 = ORIENTED_EDGE('',*,*,#1667,.F.);
#1682 = ORIENTED_EDGE('',*,*,#335,.F.);
#1683 = CYLINDRICAL_SURFACE('',#1684,18.);
#1684 = AXIS2_PLACEMENT_3D('',#1685,#1686,#1687);
#1685 = CARTESIAN_POINT('',(70.00000000001,125.,3.));
#1686 = DIRECTION('',(-0.,-0.,-1.));
#1687 = DIRECTION('',(1.,0.,0.));
#1688 = ADVANCED_FACE('',(#1689),#1714,.F.);
#1689 = FACE_BOUND('',#1690,.F.);
#1690 = EDGE_LOOP('',(#1691,#1699,#1707,#1713));
#1691 = ORIENTED_EDGE('',*,*,#1692,.F.);
#1692 = EDGE_CURVE('',#1693,#351,#1695,.T.);
#1693 = VERTEX_POINT('',#1694);
#1694 = CARTESIAN_POINT('',(138.,2.,12.));
#1695 = LINE('',#1696,#1697);
#1696 = CARTESIAN_POINT('',(138.,2.,12.));
#1697 = VECTOR('',#1698,1.);
#1698 = DIRECTION('',(-0.,-0.,-1.));
#1699 = ORIENTED_EDGE('',*,*,#1700,.F.);
#1700 = EDGE_CURVE('',#1701,#1693,#1703,.T.);
#1701 = VERTEX_POINT('',#1702);
#1702 = CARTESIAN_POINT('',(2.,2.,12.));
#1703 = LINE('',#1704,#1705);
#1704 = CARTESIAN_POINT('',(2.,2.,12.));
#1705 = VECTOR('',#1706,1.);
#1706 = DIRECTION('',(1.,0.,0.));
#1707 = ORIENTED_EDGE('',*,*,#1708,.T.);
#1708 = EDGE_CURVE('',#1701,#361,#1709,.T.);
#1709 = LINE('',#1710,#1711);
#1710 = CARTESIAN_POINT('',(2.,2.,12.));
#1711 = VECTOR('',#1712,1.);
#1712 = DIRECTION('',(-0.,-0.,-1.));
#1713 = ORIENTED_EDGE('',*,*,#369,.F.);
#1714 = PLANE('',#1715);
#1715 = AXIS2_PLACEMENT_3D('',#1716,#1717,#1718);
#1716 = CARTESIAN_POINT('',(2.,2.,12.));
#1717 = DIRECTION('',(0.,-1.,0.));
#1718 = DIRECTION('',(1.,0.,0.));
#1719 = ADVANCED_FACE('',(#1720),#1738,.F.);
#1720 = FACE_BOUND('',#1721,.F.);
#1721 = EDGE_LOOP('',(#1722,#1730,#1736,#1737));
#1722 = ORIENTED_EDGE('',*,*,#1723,.T.);
#1723 = EDGE_CURVE('',#384,#1724,#1726,.T.);
#1724 = VERTEX_POINT('',#1725);
#1725 = CARTESIAN_POINT('',(138.,12.,12.));
#1726 = LINE('',#1727,#1728);
#1727 = CARTESIAN_POINT('',(138.,12.,3.));
#1728 = VECTOR('',#1729,1.);
#1729 = DIRECTION('',(0.,0.,1.));
#1730 = ORIENTED_EDGE('',*,*,#1731,.F.);
#1731 = EDGE_CURVE('',#1693,#1724,#1732,.T.);
#1732 = LINE('',#1733,#1734);
#1733 = CARTESIAN_POINT('',(138.,2.,12.));
#1734 = VECTOR('',#1735,1.);
#1735 = DIRECTION('',(0.,1.,0.));
#1736 = ORIENTED_EDGE('',*,*,#1692,.T.);
#1737 = ORIENTED_EDGE('',*,*,#394,.F.);
#1738 = PLANE('',#1739);
#1739 = AXIS2_PLACEMENT_3D('',#1740,#1741,#1742);
#1740 = CARTESIAN_POINT('',(138.,2.,12.));
#1741 = DIRECTION('',(1.,0.,0.));
#1742 = DIRECTION('',(0.,1.,0.));
#1743 = ADVANCED_FACE('',(#1744),#1762,.F.);
#1744 = FACE_BOUND('',#1745,.F.);
#1745 = EDGE_LOOP('',(#1746,#1747,#1755,#1761));
#1746 = ORIENTED_EDGE('',*,*,#1708,.F.);
#1747 = ORIENTED_EDGE('',*,*,#1748,.F.);
#1748 = EDGE_CURVE('',#1749,#1701,#1751,.T.);
#1749 = VERTEX_POINT('',#1750);
#1750 = CARTESIAN_POINT('',(2.,12.,12.));
#1751 = LINE('',#1752,#1753);
#1752 = CARTESIAN_POINT('',(2.,193.,12.));
#1753 = VECTOR('',#1754,1.);
#1754 = DIRECTION('',(0.,-1.,0.));
#1755 = ORIENTED_EDGE('',*,*,#1756,.F.);
#1756 = EDGE_CURVE('',#411,#1749,#1757,.T.);
#1757 = LINE('',#1758,#1759);
#1758 = CARTESIAN_POINT('',(2.,12.,3.));
#1759 = VECTOR('',#1760,1.);
#1760 = DIRECTION('',(0.,0.,1.));
#1761 = ORIENTED_EDGE('',*,*,#419,.F.);
#1762 = PLANE('',#1763);
#1763 = AXIS2_PLACEMENT_3D('',#1764,#1765,#1766);
#1764 = CARTESIAN_POINT('',(2.,193.,12.));
#1765 = DIRECTION('',(-1.,0.,0.));
#1766 = DIRECTION('',(0.,-1.,0.));
#1767 = ADVANCED_FACE('',(#1768),#1786,.F.);
#1768 = FACE_BOUND('',#1769,.F.);
#1769 = EDGE_LOOP('',(#1770,#1778,#1784,#1785));
#1770 = ORIENTED_EDGE('',*,*,#1771,.T.);
#1771 = EDGE_CURVE('',#434,#1772,#1774,.T.);
#1772 = VERTEX_POINT('',#1773);
#1773 = CARTESIAN_POINT('',(130.,12.,12.));
#1774 = LINE('',#1775,#1776);
#1775 = CARTESIAN_POINT('',(130.,12.,3.));
#1776 = VECTOR('',#1777,1.);
#1777 = DIRECTION('',(0.,0.,1.));
#1778 = ORIENTED_EDGE('',*,*,#1779,.T.);
#1779 = EDGE_CURVE('',#1772,#1724,#1780,.T.);
#1780 = LINE('',#1781,#1782);
#1781 = CARTESIAN_POINT('',(130.,12.,12.));
#1782 = VECTOR('',#1783,1.);
#1783 = DIRECTION('',(1.,0.,0.));
#1784 = ORIENTED_EDGE('',*,*,#1723,.F.);
#1785 = ORIENTED_EDGE('',*,*,#442,.F.);
#1786 = PLANE('',#1787);
#1787 = AXIS2_PLACEMENT_3D('',#1788,#1789,#1790);
#1788 = CARTESIAN_POINT('',(130.,12.,3.));
#1789 = DIRECTION('',(0.,1.,0.));
#1790 = DIRECTION('',(1.,0.,0.));
#1791 = ADVANCED_FACE('',(#1792),#1810,.F.);
#1792 = FACE_BOUND('',#1793,.F.);
#1793 = EDGE_LOOP('',(#1794,#1795,#1803,#1809));
#1794 = ORIENTED_EDGE('',*,*,#1756,.T.);
#1795 = ORIENTED_EDGE('',*,*,#1796,.T.);
#1796 = EDGE_CURVE('',#1749,#1797,#1799,.T.);
#1797 = VERTEX_POINT('',#1798);
#1798 = CARTESIAN_POINT('',(10.,12.,12.));
#1799 = LINE('',#1800,#1801);
#1800 = CARTESIAN_POINT('',(2.,12.,12.));
#1801 = VECTOR('',#1802,1.);
#1802 = DIRECTION('',(1.,0.,0.));
#1803 = ORIENTED_EDGE('',*,*,#1804,.F.);
#1804 = EDGE_CURVE('',#460,#1797,#1805,.T.);
#1805 = LINE('',#1806,#1807);
#1806 = CARTESIAN_POINT('',(10.,12.,3.));
#1807 = VECTOR('',#1808,1.);
#1808 = DIRECTION('',(0.,0.,1.));
#1809 = ORIENTED_EDGE('',*,*,#459,.F.);
#1810 = PLANE('',#1811);
#1811 = AXIS2_PLACEMENT_3D('',#1812,#1813,#1814);
#1812 = CARTESIAN_POINT('',(2.,12.,3.));
#1813 = DIRECTION('',(0.,1.,0.));
#1814 = DIRECTION('',(1.,0.,0.));
#1815 = ADVANCED_FACE('',(#1816),#1851,.F.);
#1816 = FACE_BOUND('',#1817,.F.);
#1817 = EDGE_LOOP('',(#1818,#1819,#1827,#1833,#1834,#1835,#1844));
#1818 = ORIENTED_EDGE('',*,*,#493,.F.);
#1819 = ORIENTED_EDGE('',*,*,#1820,.T.);
#1820 = EDGE_CURVE('',#485,#1821,#1823,.T.);
#1821 = VERTEX_POINT('',#1822);
#1822 = CARTESIAN_POINT('',(130.,20.,12.));
#1823 = LINE('',#1824,#1825);
#1824 = CARTESIAN_POINT('',(130.,20.,3.));
#1825 = VECTOR('',#1826,1.);
#1826 = DIRECTION('',(0.,0.,1.));
#1827 = ORIENTED_EDGE('',*,*,#1828,.T.);
#1828 = EDGE_CURVE('',#1821,#1772,#1829,.T.);
#1829 = LINE('',#1830,#1831);
#1830 = CARTESIAN_POINT('',(130.,20.,12.));
#1831 = VECTOR('',#1832,1.);
#1832 = DIRECTION('',(0.,-1.,0.));
#1833 = ORIENTED_EDGE('',*,*,#1771,.F.);
#1834 = ORIENTED_EDGE('',*,*,#563,.F.);
#1835 = ORIENTED_EDGE('',*,*,#1836,.F.);
#1836 = EDGE_CURVE('',#1837,#502,#1839,.T.);
#1837 = VERTEX_POINT('',#1838);
#1838 = CARTESIAN_POINT('',(130.,16.,8.));
#1839 = CIRCLE('',#1840,2.);
#1840 = AXIS2_PLACEMENT_3D('',#1841,#1842,#1843);
#1841 = CARTESIAN_POINT('',(130.,16.,6.));
#1842 = DIRECTION('',(1.,0.,-0.));
#1843 = DIRECTION('',(0.,0.,1.));
#1844 = ORIENTED_EDGE('',*,*,#1845,.F.);
#1845 = EDGE_CURVE('',#494,#1837,#1846,.T.);
#1846 = CIRCLE('',#1847,2.);
#1847 = AXIS2_PLACEMENT_3D('',#1848,#1849,#1850);
#1848 = CARTESIAN_POINT('',(130.,16.,6.));
#1849 = DIRECTION('',(1.,0.,-0.));
#1850 = DIRECTION('',(0.,0.,1.));
#1851 = PLANE('',#1852);
#1852 = AXIS2_PLACEMENT_3D('',#1853,#1854,#1855);
#1853 = CARTESIAN_POINT('',(130.,20.,3.));
#1854 = DIRECTION('',(1.,0.,0.));
#1855 = DIRECTION('',(0.,-1.,0.));
#1856 = ADVANCED_FACE('',(#1857),#1878,.F.);
#1857 = FACE_BOUND('',#1858,.T.);
#1858 = EDGE_LOOP('',(#1859,#1860,#1868,#1875,#1876,#1877));
#1859 = ORIENTED_EDGE('',*,*,#1836,.F.);
#1860 = ORIENTED_EDGE('',*,*,#1861,.T.);
#1861 = EDGE_CURVE('',#1837,#1862,#1864,.T.);
#1862 = VERTEX_POINT('',#1863);
#1863 = CARTESIAN_POINT('',(140.,16.,8.));
#1864 = LINE('',#1865,#1866);
#1865 = CARTESIAN_POINT('',(0.,16.,8.));
#1866 = VECTOR('',#1867,1.);
#1867 = DIRECTION('',(1.,0.,-6.E-17));
#1868 = ORIENTED_EDGE('',*,*,#1869,.T.);
#1869 = EDGE_CURVE('',#1862,#1862,#1870,.T.);
#1870 = CIRCLE('',#1871,2.);
#1871 = AXIS2_PLACEMENT_3D('',#1872,#1873,#1874);
#1872 = CARTESIAN_POINT('',(140.,16.,6.));
#1873 = DIRECTION('',(1.,0.,-0.));
#1874 = DIRECTION('',(0.,0.,1.));
#1875 = ORIENTED_EDGE('',*,*,#1861,.F.);
#1876 = ORIENTED_EDGE('',*,*,#1845,.F.);
#1877 = ORIENTED_EDGE('',*,*,#501,.T.);
#1878 = CYLINDRICAL_SURFACE('',#1879,2.);
#1879 = AXIS2_PLACEMENT_3D('',#1880,#1881,#1882);
#1880 = CARTESIAN_POINT('',(0.,16.,6.));
#1881 = DIRECTION('',(1.,0.,0.));
#1882 = DIRECTION('',(0.,0.,1.));
#1883 = ADVANCED_FACE('',(#1884),#1919,.F.);
#1884 = FACE_BOUND('',#1885,.F.);
#1885 = EDGE_LOOP('',(#1886,#1887,#1888,#1896,#1902,#1903,#1912));
#1886 = ORIENTED_EDGE('',*,*,#580,.F.);
#1887 = ORIENTED_EDGE('',*,*,#1804,.T.);
#1888 = ORIENTED_EDGE('',*,*,#1889,.T.);
#1889 = EDGE_CURVE('',#1797,#1890,#1892,.T.);
#1890 = VERTEX_POINT('',#1891);
#1891 = CARTESIAN_POINT('',(10.,20.,12.));
#1892 = LINE('',#1893,#1894);
#1893 = CARTESIAN_POINT('',(10.,12.,12.));
#1894 = VECTOR('',#1895,1.);
#1895 = DIRECTION('',(0.,1.,0.));
#1896 = ORIENTED_EDGE('',*,*,#1897,.F.);
#1897 = EDGE_CURVE('',#651,#1890,#1898,.T.);
#1898 = LINE('',#1899,#1900);
#1899 = CARTESIAN_POINT('',(10.,20.,3.));
#1900 = VECTOR('',#1901,1.);
#1901 = DIRECTION('',(0.,0.,1.));
#1902 = ORIENTED_EDGE('',*,*,#650,.F.);
#1903 = ORIENTED_EDGE('',*,*,#1904,.T.);
#1904 = EDGE_CURVE('',#589,#1905,#1907,.T.);
#1905 = VERTEX_POINT('',#1906);
#1906 = CARTESIAN_POINT('',(10.,16.,8.));
#1907 = CIRCLE('',#1908,2.);
#1908 = AXIS2_PLACEMENT_3D('',#1909,#1910,#1911);
#1909 = CARTESIAN_POINT('',(10.,16.,6.));
#1910 = DIRECTION('',(1.,0.,-0.));
#1911 = DIRECTION('',(0.,0.,1.));
#1912 = ORIENTED_EDGE('',*,*,#1913,.T.);
#1913 = EDGE_CURVE('',#1905,#581,#1914,.T.);
#1914 = CIRCLE('',#1915,2.);
#1915 = AXIS2_PLACEMENT_3D('',#1916,#1917,#1918);
#1916 = CARTESIAN_POINT('',(10.,16.,6.));
#1917 = DIRECTION('',(1.,0.,-0.));
#1918 = DIRECTION('',(0.,0.,1.));
#1919 = PLANE('',#1920);
#1920 = AXIS2_PLACEMENT_3D('',#1921,#1922,#1923);
#1921 = CARTESIAN_POINT('',(10.,12.,3.));
#1922 = DIRECTION('',(-1.,0.,0.));
#1923 = DIRECTION('',(0.,1.,0.));
#1924 = ADVANCED_FACE('',(#1925),#1946,.F.);
#1925 = FACE_BOUND('',#1926,.T.);
#1926 = EDGE_LOOP('',(#1927,#1935,#1942,#1943,#1944,#1945));
#1927 = ORIENTED_EDGE('',*,*,#1928,.F.);
#1928 = EDGE_CURVE('',#1929,#1905,#1931,.T.);
#1929 = VERTEX_POINT('',#1930);
#1930 = CARTESIAN_POINT('',(0.,16.,8.));
#1931 = LINE('',#1932,#1933);
#1932 = CARTESIAN_POINT('',(0.,16.,8.));
#1933 = VECTOR('',#1934,1.);
#1934 = DIRECTION('',(1.,0.,-6.E-17));
#1935 = ORIENTED_EDGE('',*,*,#1936,.T.);
#1936 = EDGE_CURVE('',#1929,#1929,#1937,.T.);
#1937 = CIRCLE('',#1938,2.);
#1938 = AXIS2_PLACEMENT_3D('',#1939,#1940,#1941);
#1939 = CARTESIAN_POINT('',(0.,16.,6.));
#1940 = DIRECTION('',(-1.,0.,0.));
#1941 = DIRECTION('',(0.,0.,1.));
#1942 = ORIENTED_EDGE('',*,*,#1928,.T.);
#1943 = ORIENTED_EDGE('',*,*,#1913,.T.);
#1944 = ORIENTED_EDGE('',*,*,#588,.F.);
#1945 = ORIENTED_EDGE('',*,*,#1904,.T.);
#1946 = CYLINDRICAL_SURFACE('',#1947,2.);
#1947 = AXIS2_PLACEMENT_3D('',#1948,#1949,#1950);
#1948 = CARTESIAN_POINT('',(0.,16.,6.));
#1949 = DIRECTION('',(1.,0.,0.));
#1950 = DIRECTION('',(0.,0.,1.));
#1951 = ADVANCED_FACE('',(#1952),#1970,.F.);
#1952 = FACE_BOUND('',#1953,.F.);
#1953 = EDGE_LOOP('',(#1954,#1962,#1968,#1969));
#1954 = ORIENTED_EDGE('',*,*,#1955,.T.);
#1955 = EDGE_CURVE('',#674,#1956,#1958,.T.);
#1956 = VERTEX_POINT('',#1957);
#1957 = CARTESIAN_POINT('',(138.,20.,12.));
#1958 = LINE('',#1959,#1960);
#1959 = CARTESIAN_POINT('',(138.,20.,3.));
#1960 = VECTOR('',#1961,1.);
#1961 = DIRECTION('',(0.,0.,1.));
#1962 = ORIENTED_EDGE('',*,*,#1963,.T.);
#1963 = EDGE_CURVE('',#1956,#1821,#1964,.T.);
#1964 = LINE('',#1965,#1966);
#1965 = CARTESIAN_POINT('',(138.,20.,12.));
#1966 = VECTOR('',#1967,1.);
#1967 = DIRECTION('',(-1.,0.,0.));
#1968 = ORIENTED_EDGE('',*,*,#1820,.F.);
#1969 = ORIENTED_EDGE('',*,*,#682,.F.);
#1970 = PLANE('',#1971);
#1971 = AXIS2_PLACEMENT_3D('',#1972,#1973,#1974);
#1972 = CARTESIAN_POINT('',(138.,20.,3.));
#1973 = DIRECTION('',(0.,-1.,0.));
#1974 = DIRECTION('',(-1.,0.,0.));
#1975 = ADVANCED_FACE('',(#1976),#1994,.F.);
#1976 = FACE_BOUND('',#1977,.F.);
#1977 = EDGE_LOOP('',(#1978,#1979,#1987,#1993));
#1978 = ORIENTED_EDGE('',*,*,#1897,.T.);
#1979 = ORIENTED_EDGE('',*,*,#1980,.T.);
#1980 = EDGE_CURVE('',#1890,#1981,#1983,.T.);
#1981 = VERTEX_POINT('',#1982);
#1982 = CARTESIAN_POINT('',(2.,20.,12.));
#1983 = LINE('',#1984,#1985);
#1984 = CARTESIAN_POINT('',(10.,20.,12.));
#1985 = VECTOR('',#1986,1.);
#1986 = DIRECTION('',(-1.,0.,0.));
#1987 = ORIENTED_EDGE('',*,*,#1988,.F.);
#1988 = EDGE_CURVE('',#700,#1981,#1989,.T.);
#1989 = LINE('',#1990,#1991);
#1990 = CARTESIAN_POINT('',(2.,20.,3.));
#1991 = VECTOR('',#1992,1.);
#1992 = DIRECTION('',(0.,0.,1.));
#1993 = ORIENTED_EDGE('',*,*,#699,.F.);
#1994 = PLANE('',#1995);
#1995 = AXIS2_PLACEMENT_3D('',#1996,#1997,#1998);
#1996 = CARTESIAN_POINT('',(10.,20.,3.));
#1997 = DIRECTION('',(0.,-1.,0.));
#1998 = DIRECTION('',(-1.,0.,0.));
#1999 = ADVANCED_FACE('',(#2000),#2018,.F.);
#2000 = FACE_BOUND('',#2001,.F.);
#2001 = EDGE_LOOP('',(#2002,#2010,#2016,#2017));
#2002 = ORIENTED_EDGE('',*,*,#2003,.T.);
#2003 = EDGE_CURVE('',#724,#2004,#2006,.T.);
#2004 = VERTEX_POINT('',#2005);
#2005 = CARTESIAN_POINT('',(137.99999999998,93.5,12.));
#2006 = LINE('',#2007,#2008);
#2007 = CARTESIAN_POINT('',(137.99999999998,93.5,3.));
#2008 = VECTOR('',#2009,1.);
#2009 = DIRECTION('',(0.,0.,1.));
#2010 = ORIENTED_EDGE('',*,*,#2011,.F.);
#2011 = EDGE_CURVE('',#1956,#2004,#2012,.T.);
#2012 = LINE('',#2013,#2014);
#2013 = CARTESIAN_POINT('',(138.,2.,12.));
#2014 = VECTOR('',#2015,1.);
#2015 = DIRECTION('',(0.,1.,0.));
#2016 = ORIENTED_EDGE('',*,*,#1955,.F.);
#2017 = ORIENTED_EDGE('',*,*,#732,.F.);
#2018 = PLANE('',#2019);
#2019 = AXIS2_PLACEMENT_3D('',#2020,#2021,#2022);
#2020 = CARTESIAN_POINT('',(138.,2.,12.));
#2021 = DIRECTION('',(1.,0.,0.));
#2022 = DIRECTION('',(0.,1.,0.));
#2023 = ADVANCED_FACE('',(#2024),#2042,.F.);
#2024 = FACE_BOUND('',#2025,.F.);
#2025 = EDGE_LOOP('',(#2026,#2027,#2035,#2041));
#2026 = ORIENTED_EDGE('',*,*,#1988,.T.);
#2027 = ORIENTED_EDGE('',*,*,#2028,.F.);
#2028 = EDGE_CURVE('',#2029,#1981,#2031,.T.);
#2029 = VERTEX_POINT('',#2030);
#2030 = CARTESIAN_POINT('',(2.000000000015,93.5,12.));
#2031 = LINE('',#2032,#2033);
#2032 = CARTESIAN_POINT('',(2.,193.,12.));
#2033 = VECTOR('',#2034,1.);
#2034 = DIRECTION('',(0.,-1.,0.));
#2035 = ORIENTED_EDGE('',*,*,#2036,.F.);
#2036 = EDGE_CURVE('',#750,#2029,#2037,.T.);
#2037 = LINE('',#2038,#2039);
#2038 = CARTESIAN_POINT('',(2.000000000015,93.5,3.));
#2039 = VECTOR('',#2040,1.);
#2040 = DIRECTION('',(0.,0.,1.));
#2041 = ORIENTED_EDGE('',*,*,#749,.F.);
#2042 = PLANE('',#2043);
#2043 = AXIS2_PLACEMENT_3D('',#2044,#2045,#2046);
#2044 = CARTESIAN_POINT('',(2.,193.,12.));
#2045 = DIRECTION('',(-1.,0.,0.));
#2046 = DIRECTION('',(0.,-1.,0.));
#2047 = ADVANCED_FACE('',(#2048),#2066,.F.);
#2048 = FACE_BOUND('',#2049,.F.);
#2049 = EDGE_LOOP('',(#2050,#2058,#2064,#2065));
#2050 = ORIENTED_EDGE('',*,*,#2051,.T.);
#2051 = EDGE_CURVE('',#774,#2052,#2054,.T.);
#2052 = VERTEX_POINT('',#2053);
#2053 = CARTESIAN_POINT('',(130.,93.5,12.));
#2054 = LINE('',#2055,#2056);
#2055 = CARTESIAN_POINT('',(130.,93.5,3.));
#2056 = VECTOR('',#2057,1.);
#2057 = DIRECTION('',(0.,0.,1.));
#2058 = ORIENTED_EDGE('',*,*,#2059,.T.);
#2059 = EDGE_CURVE('',#2052,#2004,#2060,.T.);
#2060 = LINE('',#2061,#2062);
#2061 = CARTESIAN_POINT('',(130.,93.5,12.));
#2062 = VECTOR('',#2063,1.);
#2063 = DIRECTION('',(1.,0.,0.));
#2064 = ORIENTED_EDGE('',*,*,#2003,.F.);
#2065 = ORIENTED_EDGE('',*,*,#782,.F.);
#2066 = PLANE('',#2067);
#2067 = AXIS2_PLACEMENT_3D('',#2068,#2069,#2070);
#2068 = CARTESIAN_POINT('',(130.,93.5,3.));
#2069 = DIRECTION('',(0.,1.,0.));
#2070 = DIRECTION('',(1.,0.,0.));
#2071 = ADVANCED_FACE('',(#2072),#2090,.F.);
#2072 = FACE_BOUND('',#2073,.F.);
#2073 = EDGE_LOOP('',(#2074,#2075,#2083,#2089));
#2074 = ORIENTED_EDGE('',*,*,#2036,.T.);
#2075 = ORIENTED_EDGE('',*,*,#2076,.T.);
#2076 = EDGE_CURVE('',#2029,#2077,#2079,.T.);
#2077 = VERTEX_POINT('',#2078);
#2078 = CARTESIAN_POINT('',(10.,93.5,12.));
#2079 = LINE('',#2080,#2081);
#2080 = CARTESIAN_POINT('',(2.000000000015,93.5,12.));
#2081 = VECTOR('',#2082,1.);
#2082 = DIRECTION('',(1.,0.,0.));
#2083 = ORIENTED_EDGE('',*,*,#2084,.F.);
#2084 = EDGE_CURVE('',#800,#2077,#2085,.T.);
#2085 = LINE('',#2086,#2087);
#2086 = CARTESIAN_POINT('',(10.,93.5,3.));
#2087 = VECTOR('',#2088,1.);
#2088 = DIRECTION('',(0.,0.,1.));
#2089 = ORIENTED_EDGE('',*,*,#799,.F.);
#2090 = PLANE('',#2091);
#2091 = AXIS2_PLACEMENT_3D('',#2092,#2093,#2094);
#2092 = CARTESIAN_POINT('',(2.000000000015,93.5,3.));
#2093 = DIRECTION('',(0.,1.,0.));
#2094 = DIRECTION('',(1.,0.,0.));
#2095 = ADVANCED_FACE('',(#2096),#2131,.F.);
#2096 = FACE_BOUND('',#2097,.F.);
#2097 = EDGE_LOOP('',(#2098,#2099,#2107,#2113,#2114,#2115,#2124));
#2098 = ORIENTED_EDGE('',*,*,#833,.F.);
#2099 = ORIENTED_EDGE('',*,*,#2100,.T.);
#2100 = EDGE_CURVE('',#825,#2101,#2103,.T.);
#2101 = VERTEX_POINT('',#2102);
#2102 = CARTESIAN_POINT('',(130.,101.5,12.));
#2103 = LINE('',#2104,#2105);
#2104 = CARTESIAN_POINT('',(130.,101.5,3.));
#2105 = VECTOR('',#2106,1.);
#2106 = DIRECTION('',(0.,0.,1.));
#2107 = ORIENTED_EDGE('',*,*,#2108,.T.);
#2108 = EDGE_CURVE('',#2101,#2052,#2109,.T.);
#2109 = LINE('',#2110,#2111);
#2110 = CARTESIAN_POINT('',(130.,101.5,12.));
#2111 = VECTOR('',#2112,1.);
#2112 = DIRECTION('',(0.,-1.,0.));
#2113 = ORIENTED_EDGE('',*,*,#2051,.F.);
#2114 = ORIENTED_EDGE('',*,*,#903,.F.);
#2115 = ORIENTED_EDGE('',*,*,#2116,.F.);
#2116 = EDGE_CURVE('',#2117,#842,#2119,.T.);
#2117 = VERTEX_POINT('',#2118);
#2118 = CARTESIAN_POINT('',(130.,97.5,8.));
#2119 = CIRCLE('',#2120,2.);
#2120 = AXIS2_PLACEMENT_3D('',#2121,#2122,#2123);
#2121 = CARTESIAN_POINT('',(130.,97.5,6.));
#2122 = DIRECTION('',(1.,0.,-0.));
#2123 = DIRECTION('',(0.,0.,1.));
#2124 = ORIENTED_EDGE('',*,*,#2125,.F.);
#2125 = EDGE_CURVE('',#834,#2117,#2126,.T.);
#2126 = CIRCLE('',#2127,2.);
#2127 = AXIS2_PLACEMENT_3D('',#2128,#2129,#2130);
#2128 = CARTESIAN_POINT('',(130.,97.5,6.));
#2129 = DIRECTION('',(1.,0.,-0.));
#2130 = DIRECTION('',(0.,0.,1.));
#2131 = PLANE('',#2132);
#2132 = AXIS2_PLACEMENT_3D('',#2133,#2134,#2135);
#2133 = CARTESIAN_POINT('',(130.,101.5,3.));
#2134 = DIRECTION('',(1.,0.,0.));
#2135 = DIRECTION('',(0.,-1.,0.));
#2136 = ADVANCED_FACE('',(#2137),#2158,.F.);
#2137 = FACE_BOUND('',#2138,.T.);
#2138 = EDGE_LOOP('',(#2139,#2140,#2148,#2155,#2156,#2157));
#2139 = ORIENTED_EDGE('',*,*,#2116,.F.);
#2140 = ORIENTED_EDGE('',*,*,#2141,.T.);
#2141 = EDGE_CURVE('',#2117,#2142,#2144,.T.);
#2142 = VERTEX_POINT('',#2143);
#2143 = CARTESIAN_POINT('',(140.,97.5,8.));
#2144 = LINE('',#2145,#2146);
#2145 = CARTESIAN_POINT('',(0.,97.5,8.));
#2146 = VECTOR('',#2147,1.);
#2147 = DIRECTION('',(1.,0.,-6.E-17));
#2148 = ORIENTED_EDGE('',*,*,#2149,.T.);
#2149 = EDGE_CURVE('',#2142,#2142,#2150,.T.);
#2150 = CIRCLE('',#2151,2.);
#2151 = AXIS2_PLACEMENT_3D('',#2152,#2153,#2154);
#2152 = CARTESIAN_POINT('',(140.,97.5,6.));
#2153 = DIRECTION('',(1.,0.,-0.));
#2154 = DIRECTION('',(0.,0.,1.));
#2155 = ORIENTED_EDGE('',*,*,#2141,.F.);
#2156 = ORIENTED_EDGE('',*,*,#2125,.F.);
#2157 = ORIENTED_EDGE('',*,*,#841,.T.);
#2158 = CYLINDRICAL_SURFACE('',#2159,2.);
#2159 = AXIS2_PLACEMENT_3D('',#2160,#2161,#2162);
#2160 = CARTESIAN_POINT('',(0.,97.5,6.));
#2161 = DIRECTION('',(1.,0.,0.));
#2162 = DIRECTION('',(0.,0.,1.));
#2163 = ADVANCED_FACE('',(#2164),#2199,.F.);
#2164 = FACE_BOUND('',#2165,.F.);
#2165 = EDGE_LOOP('',(#2166,#2167,#2168,#2176,#2182,#2183,#2192));
#2166 = ORIENTED_EDGE('',*,*,#920,.F.);
#2167 = ORIENTED_EDGE('',*,*,#2084,.T.);
#2168 = ORIENTED_EDGE('',*,*,#2169,.T.);
#2169 = EDGE_CURVE('',#2077,#2170,#2172,.T.);
#2170 = VERTEX_POINT('',#2171);
#2171 = CARTESIAN_POINT('',(10.,101.5,12.));
#2172 = LINE('',#2173,#2174);
#2173 = CARTESIAN_POINT('',(10.,93.5,12.));
#2174 = VECTOR('',#2175,1.);
#2175 = DIRECTION('',(0.,1.,0.));
#2176 = ORIENTED_EDGE('',*,*,#2177,.F.);
#2177 = EDGE_CURVE('',#991,#2170,#2178,.T.);
#2178 = LINE('',#2179,#2180);
#2179 = CARTESIAN_POINT('',(10.,101.5,3.));
#2180 = VECTOR('',#2181,1.);
#2181 = DIRECTION('',(0.,0.,1.));
#2182 = ORIENTED_EDGE('',*,*,#990,.F.);
#2183 = ORIENTED_EDGE('',*,*,#2184,.T.);
#2184 = EDGE_CURVE('',#929,#2185,#2187,.T.);
#2185 = VERTEX_POINT('',#2186);
#2186 = CARTESIAN_POINT('',(10.,97.5,8.));
#2187 = CIRCLE('',#2188,2.);
#2188 = AXIS2_PLACEMENT_3D('',#2189,#2190,#2191);
#2189 = CARTESIAN_POINT('',(10.,97.5,6.));
#2190 = DIRECTION('',(1.,0.,-0.));
#2191 = DIRECTION('',(0.,0.,1.));
#2192 = ORIENTED_EDGE('',*,*,#2193,.T.);
#2193 = EDGE_CURVE('',#2185,#921,#2194,.T.);
#2194 = CIRCLE('',#2195,2.);
#2195 = AXIS2_PLACEMENT_3D('',#2196,#2197,#2198);
#2196 = CARTESIAN_POINT('',(10.,97.5,6.));
#2197 = DIRECTION('',(1.,0.,-0.));
#2198 = DIRECTION('',(0.,0.,1.));
#2199 = PLANE('',#2200);
#2200 = AXIS2_PLACEMENT_3D('',#2201,#2202,#2203);
#2201 = CARTESIAN_POINT('',(10.,93.5,3.));
#2202 = DIRECTION('',(-1.,0.,0.));
#2203 = DIRECTION('',(0.,1.,0.));
#2204 = ADVANCED_FACE('',(#2205),#2226,.F.);
#2205 = FACE_BOUND('',#2206,.T.);
#2206 = EDGE_LOOP('',(#2207,#2215,#2222,#2223,#2224,#2225));
#2207 = ORIENTED_EDGE('',*,*,#2208,.F.);
#2208 = EDGE_CURVE('',#2209,#2185,#2211,.T.);
#2209 = VERTEX_POINT('',#2210);
#2210 = CARTESIAN_POINT('',(0.,97.5,8.));
#2211 = LINE('',#2212,#2213);
#2212 = CARTESIAN_POINT('',(0.,97.5,8.));
#2213 = VECTOR('',#2214,1.);
#2214 = DIRECTION('',(1.,0.,-6.E-17));
#2215 = ORIENTED_EDGE('',*,*,#2216,.T.);
#2216 = EDGE_CURVE('',#2209,#2209,#2217,.T.);
#2217 = CIRCLE('',#2218,2.);
#2218 = AXIS2_PLACEMENT_3D('',#2219,#2220,#2221);
#2219 = CARTESIAN_POINT('',(0.,97.5,6.));
#2220 = DIRECTION('',(-1.,0.,0.));
#2221 = DIRECTION('',(0.,0.,1.));
#2222 = ORIENTED_EDGE('',*,*,#2208,.T.);
#2223 = ORIENTED_EDGE('',*,*,#2193,.T.);
#2224 = ORIENTED_EDGE('',*,*,#928,.F.);
#2225 = ORIENTED_EDGE('',*,*,#2184,.T.);
#2226 = CYLINDRICAL_SURFACE('',#2227,2.);
#2227 = AXIS2_PLACEMENT_3D('',#2228,#2229,#2230);
#2228 = CARTESIAN_POINT('',(0.,97.5,6.));
#2229 = DIRECTION('',(1.,0.,0.));
#2230 = DIRECTION('',(0.,0.,1.));
#2231 = ADVANCED_FACE('',(#2232),#2250,.F.);
#2232 = FACE_BOUND('',#2233,.F.);
#2233 = EDGE_LOOP('',(#2234,#2242,#2248,#2249));
#2234 = ORIENTED_EDGE('',*,*,#2235,.T.);
#2235 = EDGE_CURVE('',#1014,#2236,#2238,.T.);
#2236 = VERTEX_POINT('',#2237);
#2237 = CARTESIAN_POINT('',(137.99999999998,101.5,12.));
#2238 = LINE('',#2239,#2240);
#2239 = CARTESIAN_POINT('',(137.99999999998,101.5,3.));
#2240 = VECTOR('',#2241,1.);
#2241 = DIRECTION('',(0.,0.,1.));
#2242 = ORIENTED_EDGE('',*,*,#2243,.T.);
#2243 = EDGE_CURVE('',#2236,#2101,#2244,.T.);
#2244 = LINE('',#2245,#2246);
#2245 = CARTESIAN_POINT('',(137.99999999998,101.5,12.));
#2246 = VECTOR('',#2247,1.);
#2247 = DIRECTION('',(-1.,0.,0.));
#2248 = ORIENTED_EDGE('',*,*,#2100,.F.);
#2249 = ORIENTED_EDGE('',*,*,#1022,.F.);
#2250 = PLANE('',#2251);
#2251 = AXIS2_PLACEMENT_3D('',#2252,#2253,#2254);
#2252 = CARTESIAN_POINT('',(137.99999999998,101.5,3.));
#2253 = DIRECTION('',(0.,-1.,0.));
#2254 = DIRECTION('',(-1.,0.,0.));
#2255 = ADVANCED_FACE('',(#2256),#2274,.F.);
#2256 = FACE_BOUND('',#2257,.F.);
#2257 = EDGE_LOOP('',(#2258,#2259,#2267,#2273));
#2258 = ORIENTED_EDGE('',*,*,#2177,.T.);
#2259 = ORIENTED_EDGE('',*,*,#2260,.T.);
#2260 = EDGE_CURVE('',#2170,#2261,#2263,.T.);
#2261 = VERTEX_POINT('',#2262);
#2262 = CARTESIAN_POINT('',(2.000000000015,101.5,12.));
#2263 = LINE('',#2264,#2265);
#2264 = CARTESIAN_POINT('',(10.,101.5,12.));
#2265 = VECTOR('',#2266,1.);
#2266 = DIRECTION('',(-1.,0.,0.));
#2267 = ORIENTED_EDGE('',*,*,#2268,.F.);
#2268 = EDGE_CURVE('',#1040,#2261,#2269,.T.);
#2269 = LINE('',#2270,#2271);
#2270 = CARTESIAN_POINT('',(2.000000000015,101.5,3.));
#2271 = VECTOR('',#2272,1.);
#2272 = DIRECTION('',(0.,0.,1.));
#2273 = ORIENTED_EDGE('',*,*,#1039,.F.);
#2274 = PLANE('',#2275);
#2275 = AXIS2_PLACEMENT_3D('',#2276,#2277,#2278);
#2276 = CARTESIAN_POINT('',(10.,101.5,3.));
#2277 = DIRECTION('',(0.,-1.,0.));
#2278 = DIRECTION('',(-1.,0.,0.));
#2279 = ADVANCED_FACE('',(#2280),#2298,.F.);
#2280 = FACE_BOUND('',#2281,.F.);
#2281 = EDGE_LOOP('',(#2282,#2290,#2296,#2297));
#2282 = ORIENTED_EDGE('',*,*,#2283,.T.);
#2283 = EDGE_CURVE('',#1064,#2284,#2286,.T.);
#2284 = VERTEX_POINT('',#2285);
#2285 = CARTESIAN_POINT('',(137.99999999998,175.,12.));
#2286 = LINE('',#2287,#2288);
#2287 = CARTESIAN_POINT('',(137.99999999998,175.,3.));
#2288 = VECTOR('',#2289,1.);
#2289 = DIRECTION('',(0.,0.,1.));
#2290 = ORIENTED_EDGE('',*,*,#2291,.F.);
#2291 = EDGE_CURVE('',#2236,#2284,#2292,.T.);
#2292 = LINE('',#2293,#2294);
#2293 = CARTESIAN_POINT('',(138.,2.,12.));
#2294 = VECTOR('',#2295,1.);
#2295 = DIRECTION('',(0.,1.,0.));
#2296 = ORIENTED_EDGE('',*,*,#2235,.F.);
#2297 = ORIENTED_EDGE('',*,*,#1072,.F.);
#2298 = PLANE('',#2299);
#2299 = AXIS2_PLACEMENT_3D('',#2300,#2301,#2302);
#2300 = CARTESIAN_POINT('',(138.,2.,12.));
#2301 = DIRECTION('',(1.,0.,0.));
#2302 = DIRECTION('',(0.,1.,0.));
#2303 = ADVANCED_FACE('',(#2304),#2322,.F.);
#2304 = FACE_BOUND('',#2305,.F.);
#2305 = EDGE_LOOP('',(#2306,#2307,#2315,#2321));
#2306 = ORIENTED_EDGE('',*,*,#2268,.T.);
#2307 = ORIENTED_EDGE('',*,*,#2308,.F.);
#2308 = EDGE_CURVE('',#2309,#2261,#2311,.T.);
#2309 = VERTEX_POINT('',#2310);
#2310 = CARTESIAN_POINT('',(2.000000000015,175.,12.));
#2311 = LINE('',#2312,#2313);
#2312 = CARTESIAN_POINT('',(2.,193.,12.));
#2313 = VECTOR('',#2314,1.);
#2314 = DIRECTION('',(0.,-1.,0.));
#2315 = ORIENTED_EDGE('',*,*,#2316,.F.);
#2316 = EDGE_CURVE('',#1090,#2309,#2317,.T.);
#2317 = LINE('',#2318,#2319);
#2318 = CARTESIAN_POINT('',(2.000000000015,175.,3.));
#2319 = VECTOR('',#2320,1.);
#2320 = DIRECTION('',(0.,0.,1.));
#2321 = ORIENTED_EDGE('',*,*,#1089,.F.);
#2322 = PLANE('',#2323);
#2323 = AXIS2_PLACEMENT_3D('',#2324,#2325,#2326);
#2324 = CARTESIAN_POINT('',(2.,193.,12.));
#2325 = DIRECTION('',(-1.,0.,0.));
#2326 = DIRECTION('',(0.,-1.,0.));
#2327 = ADVANCED_FACE('',(#2328),#2346,.F.);
#2328 = FACE_BOUND('',#2329,.F.);
#2329 = EDGE_LOOP('',(#2330,#2338,#2344,#2345));
#2330 = ORIENTED_EDGE('',*,*,#2331,.T.);
#2331 = EDGE_CURVE('',#1114,#2332,#2334,.T.);
#2332 = VERTEX_POINT('',#2333);
#2333 = CARTESIAN_POINT('',(130.,175.,12.));
#2334 = LINE('',#2335,#2336);
#2335 = CARTESIAN_POINT('',(130.,175.,3.));
#2336 = VECTOR('',#2337,1.);
#2337 = DIRECTION('',(0.,0.,1.));
#2338 = ORIENTED_EDGE('',*,*,#2339,.T.);
#2339 = EDGE_CURVE('',#2332,#2284,#2340,.T.);
#2340 = LINE('',#2341,#2342);
#2341 = CARTESIAN_POINT('',(130.,175.,12.));
#2342 = VECTOR('',#2343,1.);
#2343 = DIRECTION('',(1.,0.,0.));
#2344 = ORIENTED_EDGE('',*,*,#2283,.F.);
#2345 = ORIENTED_EDGE('',*,*,#1122,.F.);
#2346 = PLANE('',#2347);
#2347 = AXIS2_PLACEMENT_3D('',#2348,#2349,#2350);
#2348 = CARTESIAN_POINT('',(130.,175.,3.));
#2349 = DIRECTION('',(0.,1.,0.));
#2350 = DIRECTION('',(1.,0.,0.));
#2351 = ADVANCED_FACE('',(#2352),#2370,.F.);
#2352 = FACE_BOUND('',#2353,.F.);
#2353 = EDGE_LOOP('',(#2354,#2355,#2363,#2369));
#2354 = ORIENTED_EDGE('',*,*,#2316,.T.);
#2355 = ORIENTED_EDGE('',*,*,#2356,.T.);
#2356 = EDGE_CURVE('',#2309,#2357,#2359,.T.);
#2357 = VERTEX_POINT('',#2358);
#2358 = CARTESIAN_POINT('',(10.,175.,12.));
#2359 = LINE('',#2360,#2361);
#2360 = CARTESIAN_POINT('',(2.000000000015,175.,12.));
#2361 = VECTOR('',#2362,1.);
#2362 = DIRECTION('',(1.,0.,0.));
#2363 = ORIENTED_EDGE('',*,*,#2364,.F.);
#2364 = EDGE_CURVE('',#1140,#2357,#2365,.T.);
#2365 = LINE('',#2366,#2367);
#2366 = CARTESIAN_POINT('',(10.,175.,3.));
#2367 = VECTOR('',#2368,1.);
#2368 = DIRECTION('',(0.,0.,1.));
#2369 = ORIENTED_EDGE('',*,*,#1139,.F.);
#2370 = PLANE('',#2371);
#2371 = AXIS2_PLACEMENT_3D('',#2372,#2373,#2374);
#2372 = CARTESIAN_POINT('',(2.000000000015,175.,3.));
#2373 = DIRECTION('',(0.,1.,0.));
#2374 = DIRECTION('',(1.,0.,0.));
#2375 = ADVANCED_FACE('',(#2376),#2411,.F.);
#2376 = FACE_BOUND('',#2377,.F.);
#2377 = EDGE_LOOP('',(#2378,#2379,#2387,#2393,#2394,#2395,#2404));
#2378 = ORIENTED_EDGE('',*,*,#1173,.F.);
#2379 = ORIENTED_EDGE('',*,*,#2380,.T.);
#2380 = EDGE_CURVE('',#1165,#2381,#2383,.T.);
#2381 = VERTEX_POINT('',#2382);
#2382 = CARTESIAN_POINT('',(130.,183.,12.));
#2383 = LINE('',#2384,#2385);
#2384 = CARTESIAN_POINT('',(130.,183.,3.));
#2385 = VECTOR('',#2386,1.);
#2386 = DIRECTION('',(0.,0.,1.));
#2387 = ORIENTED_EDGE('',*,*,#2388,.T.);
#2388 = EDGE_CURVE('',#2381,#2332,#2389,.T.);
#2389 = LINE('',#2390,#2391);
#2390 = CARTESIAN_POINT('',(130.,183.,12.));
#2391 = VECTOR('',#2392,1.);
#2392 = DIRECTION('',(0.,-1.,0.));
#2393 = ORIENTED_EDGE('',*,*,#2331,.F.);
#2394 = ORIENTED_EDGE('',*,*,#1243,.F.);
#2395 = ORIENTED_EDGE('',*,*,#2396,.F.);
#2396 = EDGE_CURVE('',#2397,#1182,#2399,.T.);
#2397 = VERTEX_POINT('',#2398);
#2398 = CARTESIAN_POINT('',(130.,179.,8.));
#2399 = CIRCLE('',#2400,2.);
#2400 = AXIS2_PLACEMENT_3D('',#2401,#2402,#2403);
#2401 = CARTESIAN_POINT('',(130.,179.,6.));
#2402 = DIRECTION('',(1.,0.,-0.));
#2403 = DIRECTION('',(0.,0.,1.));
#2404 = ORIENTED_EDGE('',*,*,#2405,.F.);
#2405 = EDGE_CURVE('',#1174,#2397,#2406,.T.);
#2406 = CIRCLE('',#2407,2.);
#2407 = AXIS2_PLACEMENT_3D('',#2408,#2409,#2410);
#2408 = CARTESIAN_POINT('',(130.,179.,6.));
#2409 = DIRECTION('',(1.,0.,-0.));
#2410 = DIRECTION('',(0.,0.,1.));
#2411 = PLANE('',#2412);
#2412 = AXIS2_PLACEMENT_3D('',#2413,#2414,#2415);
#2413 = CARTESIAN_POINT('',(130.,183.,3.));
#2414 = DIRECTION('',(1.,0.,0.));
#2415 = DIRECTION('',(0.,-1.,0.));
#2416 = ADVANCED_FACE('',(#2417),#2438,.F.);
#2417 = FACE_BOUND('',#2418,.T.);
#2418 = EDGE_LOOP('',(#2419,#2420,#2428,#2435,#2436,#2437));
#2419 = ORIENTED_EDGE('',*,*,#2396,.F.);
#2420 = ORIENTED_EDGE('',*,*,#2421,.T.);
#2421 = EDGE_CURVE('',#2397,#2422,#2424,.T.);
#2422 = VERTEX_POINT('',#2423);
#2423 = CARTESIAN_POINT('',(140.,179.,8.));
#2424 = LINE('',#2425,#2426);
#2425 = CARTESIAN_POINT('',(0.,179.,8.));
#2426 = VECTOR('',#2427,1.);
#2427 = DIRECTION('',(1.,0.,-6.E-17));
#2428 = ORIENTED_EDGE('',*,*,#2429,.T.);
#2429 = EDGE_CURVE('',#2422,#2422,#2430,.T.);
#2430 = CIRCLE('',#2431,2.);
#2431 = AXIS2_PLACEMENT_3D('',#2432,#2433,#2434);
#2432 = CARTESIAN_POINT('',(140.,179.,6.));
#2433 = DIRECTION('',(1.,0.,-0.));
#2434 = DIRECTION('',(0.,0.,1.));
#2435 = ORIENTED_EDGE('',*,*,#2421,.F.);
#2436 = ORIENTED_EDGE('',*,*,#2405,.F.);
#2437 = ORIENTED_EDGE('',*,*,#1181,.T.);
#2438 = CYLINDRICAL_SURFACE('',#2439,2.);
#2439 = AXIS2_PLACEMENT_3D('',#2440,#2441,#2442);
#2440 = CARTESIAN_POINT('',(0.,179.,6.));
#2441 = DIRECTION('',(1.,0.,0.));
#2442 = DIRECTION('',(0.,0.,1.));
#2443 = ADVANCED_FACE('',(#2444),#2479,.F.);
#2444 = FACE_BOUND('',#2445,.F.);
#2445 = EDGE_LOOP('',(#2446,#2447,#2448,#2456,#2462,#2463,#2472));
#2446 = ORIENTED_EDGE('',*,*,#1260,.F.);
#2447 = ORIENTED_EDGE('',*,*,#2364,.T.);
#2448 = ORIENTED_EDGE('',*,*,#2449,.T.);
#2449 = EDGE_CURVE('',#2357,#2450,#2452,.T.);
#2450 = VERTEX_POINT('',#2451);
#2451 = CARTESIAN_POINT('',(10.,183.,12.));
#2452 = LINE('',#2453,#2454);
#2453 = CARTESIAN_POINT('',(10.,175.,12.));
#2454 = VECTOR('',#2455,1.);
#2455 = DIRECTION('',(0.,1.,0.));
#2456 = ORIENTED_EDGE('',*,*,#2457,.F.);
#2457 = EDGE_CURVE('',#1331,#2450,#2458,.T.);
#2458 = LINE('',#2459,#2460);
#2459 = CARTESIAN_POINT('',(10.,183.,3.));
#2460 = VECTOR('',#2461,1.);
#2461 = DIRECTION('',(0.,0.,1.));
#2462 = ORIENTED_EDGE('',*,*,#1330,.F.);
#2463 = ORIENTED_EDGE('',*,*,#2464,.T.);
#2464 = EDGE_CURVE('',#1269,#2465,#2467,.T.);
#2465 = VERTEX_POINT('',#2466);
#2466 = CARTESIAN_POINT('',(10.,179.,8.));
#2467 = CIRCLE('',#2468,2.);
#2468 = AXIS2_PLACEMENT_3D('',#2469,#2470,#2471);
#2469 = CARTESIAN_POINT('',(10.,179.,6.));
#2470 = DIRECTION('',(1.,0.,-0.));
#2471 = DIRECTION('',(0.,0.,1.));
#2472 = ORIENTED_EDGE('',*,*,#2473,.T.);
#2473 = EDGE_CURVE('',#2465,#1261,#2474,.T.);
#2474 = CIRCLE('',#2475,2.);
#2475 = AXIS2_PLACEMENT_3D('',#2476,#2477,#2478);
#2476 = CARTESIAN_POINT('',(10.,179.,6.));
#2477 = DIRECTION('',(1.,0.,-0.));
#2478 = DIRECTION('',(0.,0.,1.));
#2479 = PLANE('',#2480);
#2480 = AXIS2_PLACEMENT_3D('',#2481,#2482,#2483);
#2481 = CARTESIAN_POINT('',(10.,175.,3.));
#2482 = DIRECTION('',(-1.,0.,0.));
#2483 = DIRECTION('',(0.,1.,0.));
#2484 = ADVANCED_FACE('',(#2485),#2506,.F.);
#2485 = FACE_BOUND('',#2486,.T.);
#2486 = EDGE_LOOP('',(#2487,#2495,#2502,#2503,#2504,#2505));
#2487 = ORIENTED_EDGE('',*,*,#2488,.F.);
#2488 = EDGE_CURVE('',#2489,#2465,#2491,.T.);
#2489 = VERTEX_POINT('',#2490);
#2490 = CARTESIAN_POINT('',(0.,179.,8.));
#2491 = LINE('',#2492,#2493);
#2492 = CARTESIAN_POINT('',(0.,179.,8.));
#2493 = VECTOR('',#2494,1.);
#2494 = DIRECTION('',(1.,0.,-6.E-17));
#2495 = ORIENTED_EDGE('',*,*,#2496,.T.);
#2496 = EDGE_CURVE('',#2489,#2489,#2497,.T.);
#2497 = CIRCLE('',#2498,2.);
#2498 = AXIS2_PLACEMENT_3D('',#2499,#2500,#2501);
#2499 = CARTESIAN_POINT('',(0.,179.,6.));
#2500 = DIRECTION('',(-1.,0.,0.));
#2501 = DIRECTION('',(0.,0.,1.));
#2502 = ORIENTED_EDGE('',*,*,#2488,.T.);
#2503 = ORIENTED_EDGE('',*,*,#2473,.T.);
#2504 = ORIENTED_EDGE('',*,*,#1268,.F.);
#2505 = ORIENTED_EDGE('',*,*,#2464,.T.);
#2506 = CYLINDRICAL_SURFACE('',#2507,2.);
#2507 = AXIS2_PLACEMENT_3D('',#2508,#2509,#2510);
#2508 = CARTESIAN_POINT('',(0.,179.,6.));
#2509 = DIRECTION('',(1.,0.,0.));
#2510 = DIRECTION('',(0.,0.,1.));
#2511 = ADVANCED_FACE('',(#2512),#2530,.F.);
#2512 = FACE_BOUND('',#2513,.F.);
#2513 = EDGE_LOOP('',(#2514,#2522,#2528,#2529));
#2514 = ORIENTED_EDGE('',*,*,#2515,.T.);
#2515 = EDGE_CURVE('',#1354,#2516,#2518,.T.);
#2516 = VERTEX_POINT('',#2517);
#2517 = CARTESIAN_POINT('',(137.99999999998,183.,12.));
#2518 = LINE('',#2519,#2520);
#2519 = CARTESIAN_POINT('',(137.99999999998,183.,3.));
#2520 = VECTOR('',#2521,1.);
#2521 = DIRECTION('',(0.,0.,1.));
#2522 = ORIENTED_EDGE('',*,*,#2523,.T.);
#2523 = EDGE_CURVE('',#2516,#2381,#2524,.T.);
#2524 = LINE('',#2525,#2526);
#2525 = CARTESIAN_POINT('',(137.99999999998,183.,12.));
#2526 = VECTOR('',#2527,1.);
#2527 = DIRECTION('',(-1.,0.,0.));
#2528 = ORIENTED_EDGE('',*,*,#2380,.F.);
#2529 = ORIENTED_EDGE('',*,*,#1362,.F.);
#2530 = PLANE('',#2531);
#2531 = AXIS2_PLACEMENT_3D('',#2532,#2533,#2534);
#2532 = CARTESIAN_POINT('',(137.99999999998,183.,3.));
#2533 = DIRECTION('',(0.,-1.,0.));
#2534 = DIRECTION('',(-1.,0.,0.));
#2535 = ADVANCED_FACE('',(#2536),#2554,.F.);
#2536 = FACE_BOUND('',#2537,.F.);
#2537 = EDGE_LOOP('',(#2538,#2539,#2547,#2553));
#2538 = ORIENTED_EDGE('',*,*,#2457,.T.);
#2539 = ORIENTED_EDGE('',*,*,#2540,.T.);
#2540 = EDGE_CURVE('',#2450,#2541,#2543,.T.);
#2541 = VERTEX_POINT('',#2542);
#2542 = CARTESIAN_POINT('',(2.000000000015,183.,12.));
#2543 = LINE('',#2544,#2545);
#2544 = CARTESIAN_POINT('',(10.,183.,12.));
#2545 = VECTOR('',#2546,1.);
#2546 = DIRECTION('',(-1.,0.,0.));
#2547 = ORIENTED_EDGE('',*,*,#2548,.F.);
#2548 = EDGE_CURVE('',#1380,#2541,#2549,.T.);
#2549 = LINE('',#2550,#2551);
#2550 = CARTESIAN_POINT('',(2.000000000015,183.,3.));
#2551 = VECTOR('',#2552,1.);
#2552 = DIRECTION('',(0.,0.,1.));
#2553 = ORIENTED_EDGE('',*,*,#1379,.F.);
#2554 = PLANE('',#2555);
#2555 = AXIS2_PLACEMENT_3D('',#2556,#2557,#2558);
#2556 = CARTESIAN_POINT('',(10.,183.,3.));
#2557 = DIRECTION('',(0.,-1.,0.));
#2558 = DIRECTION('',(-1.,0.,0.));
#2559 = ADVANCED_FACE('',(#2560),#2578,.F.);
#2560 = FACE_BOUND('',#2561,.F.);
#2561 = EDGE_LOOP('',(#2562,#2570,#2576,#2577));
#2562 = ORIENTED_EDGE('',*,*,#2563,.F.);
#2563 = EDGE_CURVE('',#2564,#1404,#2566,.T.);
#2564 = VERTEX_POINT('',#2565);
#2565 = CARTESIAN_POINT('',(138.,193.,12.));
#2566 = LINE('',#2567,#2568);
#2567 = CARTESIAN_POINT('',(138.,193.,12.));
#2568 = VECTOR('',#2569,1.);
#2569 = DIRECTION('',(-0.,-0.,-1.));
#2570 = ORIENTED_EDGE('',*,*,#2571,.F.);
#2571 = EDGE_CURVE('',#2516,#2564,#2572,.T.);
#2572 = LINE('',#2573,#2574);
#2573 = CARTESIAN_POINT('',(138.,2.,12.));
#2574 = VECTOR('',#2575,1.);
#2575 = DIRECTION('',(0.,1.,0.));
#2576 = ORIENTED_EDGE('',*,*,#2515,.F.);
#2577 = ORIENTED_EDGE('',*,*,#1412,.F.);
#2578 = PLANE('',#2579);
#2579 = AXIS2_PLACEMENT_3D('',#2580,#2581,#2582);
#2580 = CARTESIAN_POINT('',(138.,2.,12.));
#2581 = DIRECTION('',(1.,0.,0.));
#2582 = DIRECTION('',(0.,1.,0.));
#2583 = ADVANCED_FACE('',(#2584),#2602,.F.);
#2584 = FACE_BOUND('',#2585,.F.);
#2585 = EDGE_LOOP('',(#2586,#2587,#2595,#2601));
#2586 = ORIENTED_EDGE('',*,*,#2548,.T.);
#2587 = ORIENTED_EDGE('',*,*,#2588,.F.);
#2588 = EDGE_CURVE('',#2589,#2541,#2591,.T.);
#2589 = VERTEX_POINT('',#2590);
#2590 = CARTESIAN_POINT('',(2.,193.,12.));
#2591 = LINE('',#2592,#2593);
#2592 = CARTESIAN_POINT('',(2.,193.,12.));
#2593 = VECTOR('',#2594,1.);
#2594 = DIRECTION('',(0.,-1.,0.));
#2595 = ORIENTED_EDGE('',*,*,#2596,.T.);
#2596 = EDGE_CURVE('',#2589,#1430,#2597,.T.);
#2597 = LINE('',#2598,#2599);
#2598 = CARTESIAN_POINT('',(2.,193.,12.));
#2599 = VECTOR('',#2600,1.);
#2600 = DIRECTION('',(-0.,-0.,-1.));
#2601 = ORIENTED_EDGE('',*,*,#1429,.F.);
#2602 = PLANE('',#2603);
#2603 = AXIS2_PLACEMENT_3D('',#2604,#2605,#2606);
#2604 = CARTESIAN_POINT('',(2.,193.,12.));
#2605 = DIRECTION('',(-1.,0.,0.));
#2606 = DIRECTION('',(0.,-1.,0.));
#2607 = ADVANCED_FACE('',(#2608),#2626,.F.);
#2608 = FACE_BOUND('',#2609,.F.);
#2609 = EDGE_LOOP('',(#2610,#2611,#2619,#2625));
#2610 = ORIENTED_EDGE('',*,*,#1463,.F.);
#2611 = ORIENTED_EDGE('',*,*,#2612,.F.);
#2612 = EDGE_CURVE('',#2613,#1455,#2615,.T.);
#2613 = VERTEX_POINT('',#2614);
#2614 = CARTESIAN_POINT('',(35.,193.,12.));
#2615 = LINE('',#2616,#2617);
#2616 = CARTESIAN_POINT('',(35.,193.,17.25));
#2617 = VECTOR('',#2618,1.);
#2618 = DIRECTION('',(8.659560562355E-17,0.,-1.));
#2619 = ORIENTED_EDGE('',*,*,#2620,.F.);
#2620 = EDGE_CURVE('',#2564,#2613,#2621,.T.);
#2621 = LINE('',#2622,#2623);
#2622 = CARTESIAN_POINT('',(138.,193.,12.));
#2623 = VECTOR('',#2624,1.);
#2624 = DIRECTION('',(-1.,0.,0.));
#2625 = ORIENTED_EDGE('',*,*,#2563,.T.);
#2626 = PLANE('',#2627);
#2627 = AXIS2_PLACEMENT_3D('',#2628,#2629,#2630);
#2628 = CARTESIAN_POINT('',(138.,193.,12.));
#2629 = DIRECTION('',(0.,1.,0.));
#2630 = DIRECTION('',(-1.,0.,0.));
#2631 = ADVANCED_FACE('',(#2632),#2659,.T.);
#2632 = FACE_BOUND('',#2633,.T.);
#2633 = EDGE_LOOP('',(#2634,#2644,#2650,#2651,#2652,#2653));
#2634 = ORIENTED_EDGE('',*,*,#2635,.F.);
#2635 = EDGE_CURVE('',#2636,#2638,#2640,.T.);
#2636 = VERTEX_POINT('',#2637);
#2637 = CARTESIAN_POINT('',(35.,195.,16.5));
#2638 = VERTEX_POINT('',#2639);
#2639 = CARTESIAN_POINT('',(35.,195.,12.));
#2640 = LINE('',#2641,#2642);
#2641 = CARTESIAN_POINT('',(35.,195.,22.5));
#2642 = VECTOR('',#2643,1.);
#2643 = DIRECTION('',(8.659560562355E-17,-2.22044604925E-16,-1.));
#2644 = ORIENTED_EDGE('',*,*,#2645,.T.);
#2645 = EDGE_CURVE('',#2636,#1529,#2646,.T.);
#2646 = LINE('',#2647,#2648);
#2647 = CARTESIAN_POINT('',(35.,195.,16.5));
#2648 = VECTOR('',#2649,1.);
#2649 = DIRECTION('',(-8.659560562355E-17,-1.,2.22044604925E-16));
#2650 = ORIENTED_EDGE('',*,*,#1537,.T.);
#2651 = ORIENTED_EDGE('',*,*,#1454,.T.);
#2652 = ORIENTED_EDGE('',*,*,#2612,.F.);
#2653 = ORIENTED_EDGE('',*,*,#2654,.T.);
#2654 = EDGE_CURVE('',#2613,#2638,#2655,.T.);
#2655 = LINE('',#2656,#2657);
#2656 = CARTESIAN_POINT('',(35.,146.25,12.));
#2657 = VECTOR('',#2658,1.);
#2658 = DIRECTION('',(8.659560562355E-17,1.,0.));
#2659 = PLANE('',#2660);
#2660 = AXIS2_PLACEMENT_3D('',#2661,#2662,#2663);
#2661 = CARTESIAN_POINT('',(35.,195.,22.5));
#2662 = DIRECTION('',(1.,-8.659560562355E-17,8.659560562355E-17));
#2663 = DIRECTION('',(8.659560562355E-17,-2.22044604925E-16,-1.));
#2664 = ADVANCED_FACE('',(#2665),#2699,.T.);
#2665 = FACE_BOUND('',#2666,.T.);
#2666 = EDGE_LOOP('',(#2667,#2677,#2685,#2691,#2692,#2693));
#2667 = ORIENTED_EDGE('',*,*,#2668,.F.);
#2668 = EDGE_CURVE('',#2669,#2671,#2673,.T.);
#2669 = VERTEX_POINT('',#2670);
#2670 = CARTESIAN_POINT('',(15.,195.,12.));
#2671 = VERTEX_POINT('',#2672);
#2672 = CARTESIAN_POINT('',(15.,195.,16.5));
#2673 = LINE('',#2674,#2675);
#2674 = CARTESIAN_POINT('',(15.,195.,2.5));
#2675 = VECTOR('',#2676,1.);
#2676 = DIRECTION('',(-8.659560562355E-17,2.22044604925E-16,1.));
#2677 = ORIENTED_EDGE('',*,*,#2678,.T.);
#2678 = EDGE_CURVE('',#2669,#2679,#2681,.T.);
#2679 = VERTEX_POINT('',#2680);
#2680 = CARTESIAN_POINT('',(15.,193.,12.));
#2681 = LINE('',#2682,#2683);
#2682 = CARTESIAN_POINT('',(15.,146.25,12.));
#2683 = VECTOR('',#2684,1.);
#2684 = DIRECTION('',(-8.659560562355E-17,-1.,0.));
#2685 = ORIENTED_EDGE('',*,*,#2686,.F.);
#2686 = EDGE_CURVE('',#1481,#2679,#2687,.T.);
#2687 = LINE('',#2688,#2689);
#2688 = CARTESIAN_POINT('',(15.,193.,7.25));
#2689 = VECTOR('',#2690,1.);
#2690 = DIRECTION('',(-8.659560562355E-17,0.,1.));
#2691 = ORIENTED_EDGE('',*,*,#1488,.F.);
#2692 = ORIENTED_EDGE('',*,*,#1503,.T.);
#2693 = ORIENTED_EDGE('',*,*,#2694,.F.);
#2694 = EDGE_CURVE('',#2671,#1504,#2695,.T.);
#2695 = LINE('',#2696,#2697);
#2696 = CARTESIAN_POINT('',(15.,195.,16.5));
#2697 = VECTOR('',#2698,1.);
#2698 = DIRECTION('',(-8.659560562355E-17,-1.,2.22044604925E-16));
#2699 = PLANE('',#2700);
#2700 = AXIS2_PLACEMENT_3D('',#2701,#2702,#2703);
#2701 = CARTESIAN_POINT('',(15.,195.,2.5));
#2702 = DIRECTION('',(-1.,8.659560562355E-17,-8.659560562355E-17));
#2703 = DIRECTION('',(-8.659560562355E-17,2.22044604925E-16,1.));
#2704 = ADVANCED_FACE('',(#2705),#2716,.F.);
#2705 = FACE_BOUND('',#2706,.F.);
#2706 = EDGE_LOOP('',(#2707,#2708,#2709,#2715));
#2707 = ORIENTED_EDGE('',*,*,#1480,.F.);
#2708 = ORIENTED_EDGE('',*,*,#2596,.F.);
#2709 = ORIENTED_EDGE('',*,*,#2710,.F.);
#2710 = EDGE_CURVE('',#2679,#2589,#2711,.T.);
#2711 = LINE('',#2712,#2713);
#2712 = CARTESIAN_POINT('',(138.,193.,12.));
#2713 = VECTOR('',#2714,1.);
#2714 = DIRECTION('',(-1.,0.,0.));
#2715 = ORIENTED_EDGE('',*,*,#2686,.F.);
#2716 = PLANE('',#2717);
#2717 = AXIS2_PLACEMENT_3D('',#2718,#2719,#2720);
#2718 = CARTESIAN_POINT('',(138.,193.,12.));
#2719 = DIRECTION('',(0.,1.,0.));
#2720 = DIRECTION('',(-1.,0.,0.));
#2721 = ADVANCED_FACE('',(#2722),#2741,.T.);
#2722 = FACE_BOUND('',#2723,.F.);
#2723 = EDGE_LOOP('',(#2724,#2733,#2739,#2740));
#2724 = ORIENTED_EDGE('',*,*,#2725,.T.);
#2725 = EDGE_CURVE('',#2671,#2726,#2728,.T.);
#2726 = VERTEX_POINT('',#2727);
#2727 = CARTESIAN_POINT('',(21.,195.,22.5));
#2728 = CIRCLE('',#2729,6.);
#2729 = AXIS2_PLACEMENT_3D('',#2730,#2731,#2732);
#2730 = CARTESIAN_POINT('',(21.,195.,16.5));
#2731 = DIRECTION('',(8.659560562355E-17,1.,-2.22044604925E-16));
#2732 = DIRECTION('',(0.,-2.22044604925E-16,-1.));
#2733 = ORIENTED_EDGE('',*,*,#2734,.T.);
#2734 = EDGE_CURVE('',#2726,#1512,#2735,.T.);
#2735 = LINE('',#2736,#2737);
#2736 = CARTESIAN_POINT('',(21.,195.,22.5));
#2737 = VECTOR('',#2738,1.);
#2738 = DIRECTION('',(-8.659560562355E-17,-1.,2.22044604925E-16));
#2739 = ORIENTED_EDGE('',*,*,#1511,.F.);
#2740 = ORIENTED_EDGE('',*,*,#2694,.F.);
#2741 = CYLINDRICAL_SURFACE('',#2742,6.);
#2742 = AXIS2_PLACEMENT_3D('',#2743,#2744,#2745);
#2743 = CARTESIAN_POINT('',(21.,195.,16.5));
#2744 = DIRECTION('',(-8.659560562355E-17,-1.,2.22044604925E-16));
#2745 = DIRECTION('',(-1.,8.659560562355E-17,-8.659560562355E-17));
#2746 = ADVANCED_FACE('',(#2747),#2765,.T.);
#2747 = FACE_BOUND('',#2748,.T.);
#2748 = EDGE_LOOP('',(#2749,#2757,#2758,#2759));
#2749 = ORIENTED_EDGE('',*,*,#2750,.F.);
#2750 = EDGE_CURVE('',#2726,#2751,#2753,.T.);
#2751 = VERTEX_POINT('',#2752);
#2752 = CARTESIAN_POINT('',(29.,195.,22.5));
#2753 = LINE('',#2754,#2755);
#2754 = CARTESIAN_POINT('',(15.,195.,22.5));
#2755 = VECTOR('',#2756,1.);
#2756 = DIRECTION('',(1.,-8.659560562355E-17,8.659560562355E-17));
#2757 = ORIENTED_EDGE('',*,*,#2734,.T.);
#2758 = ORIENTED_EDGE('',*,*,#1520,.T.);
#2759 = ORIENTED_EDGE('',*,*,#2760,.F.);
#2760 = EDGE_CURVE('',#2751,#1521,#2761,.T.);
#2761 = LINE('',#2762,#2763);
#2762 = CARTESIAN_POINT('',(29.,195.,22.5));
#2763 = VECTOR('',#2764,1.);
#2764 = DIRECTION('',(-8.659560562355E-17,-1.,2.22044604925E-16));
#2765 = PLANE('',#2766);
#2766 = AXIS2_PLACEMENT_3D('',#2767,#2768,#2769);
#2767 = CARTESIAN_POINT('',(15.,195.,22.5));
#2768 = DIRECTION('',(-8.659560562355E-17,2.22044604925E-16,1.));
#2769 = DIRECTION('',(1.,-8.659560562355E-17,8.659560562355E-17));
#2770 = ADVANCED_FACE('',(#2771),#2783,.T.);
#2771 = FACE_BOUND('',#2772,.T.);
#2772 = EDGE_LOOP('',(#2773,#2780,#2781,#2782));
#2773 = ORIENTED_EDGE('',*,*,#2774,.T.);
#2774 = EDGE_CURVE('',#2636,#2751,#2775,.T.);
#2775 = CIRCLE('',#2776,6.);
#2776 = AXIS2_PLACEMENT_3D('',#2777,#2778,#2779);
#2777 = CARTESIAN_POINT('',(29.,195.,16.5));
#2778 = DIRECTION('',(-8.659560562355E-17,-1.,2.22044604925E-16));
#2779 = DIRECTION('',(0.,-2.22044604925E-16,-1.));
#2780 = ORIENTED_EDGE('',*,*,#2760,.T.);
#2781 = ORIENTED_EDGE('',*,*,#1528,.F.);
#2782 = ORIENTED_EDGE('',*,*,#2645,.F.);
#2783 = CYLINDRICAL_SURFACE('',#2784,6.);
#2784 = AXIS2_PLACEMENT_3D('',#2785,#2786,#2787);
#2785 = CARTESIAN_POINT('',(29.,195.,16.5));
#2786 = DIRECTION('',(-8.659560562355E-17,-1.,2.22044604925E-16));
#2787 = DIRECTION('',(1.,-8.659560562355E-17,8.659560562355E-17));
#2788 = ADVANCED_FACE('',(#2789),#2808,.F.);
#2789 = FACE_BOUND('',#2790,.F.);
#2790 = EDGE_LOOP('',(#2791,#2800,#2806,#2807));
#2791 = ORIENTED_EDGE('',*,*,#2792,.F.);
#2792 = EDGE_CURVE('',#2793,#2793,#2795,.T.);
#2793 = VERTEX_POINT('',#2794);
#2794 = CARTESIAN_POINT('',(19.,195.,12.5));
#2795 = CIRCLE('',#2796,6.);
#2796 = AXIS2_PLACEMENT_3D('',#2797,#2798,#2799);
#2797 = CARTESIAN_POINT('',(25.,195.,12.5));
#2798 = DIRECTION('',(0.,1.,-2.22044604925E-16));
#2799 = DIRECTION('',(-1.,0.,0.));
#2800 = ORIENTED_EDGE('',*,*,#2801,.T.);
#2801 = EDGE_CURVE('',#2793,#1547,#2802,.T.);
#2802 = LINE('',#2803,#2804);
#2803 = CARTESIAN_POINT('',(19.,195.,12.5));
#2804 = VECTOR('',#2805,1.);
#2805 = DIRECTION('',(0.,-1.,2.22044604925E-16));
#2806 = ORIENTED_EDGE('',*,*,#1546,.T.);
#2807 = ORIENTED_EDGE('',*,*,#2801,.F.);
#2808 = CYLINDRICAL_SURFACE('',#2809,6.);
#2809 = AXIS2_PLACEMENT_3D('',#2810,#2811,#2812);
#2810 = CARTESIAN_POINT('',(25.,195.,12.5));
#2811 = DIRECTION('',(0.,1.,-2.22044604925E-16));
#2812 = DIRECTION('',(-1.,0.,0.));
#2813 = ADVANCED_FACE('',(#2814),#2833,.T.);
#2814 = FACE_BOUND('',#2815,.F.);
#2815 = EDGE_LOOP('',(#2816,#2824,#2831,#2832));
#2816 = ORIENTED_EDGE('',*,*,#2817,.T.);
#2817 = EDGE_CURVE('',#1564,#2818,#2820,.T.);
#2818 = VERTEX_POINT('',#2819);
#2819 = CARTESIAN_POINT('',(76.00000000001,85.402020253553,47.5));
#2820 = LINE('',#2821,#2822);
#2821 = CARTESIAN_POINT('',(76.00000000001,85.402020253553,3.));
#2822 = VECTOR('',#2823,1.);
#2823 = DIRECTION('',(0.,0.,1.));
#2824 = ORIENTED_EDGE('',*,*,#2825,.T.);
#2825 = EDGE_CURVE('',#2818,#2818,#2826,.T.);
#2826 = CIRCLE('',#2827,6.);
#2827 = AXIS2_PLACEMENT_3D('',#2828,#2829,#2830);
#2828 = CARTESIAN_POINT('',(70.00000000001,85.402020253553,47.5));
#2829 = DIRECTION('',(0.,0.,1.));
#2830 = DIRECTION('',(1.,0.,0.));
#2831 = ORIENTED_EDGE('',*,*,#2817,.F.);
#2832 = ORIENTED_EDGE('',*,*,#1574,.F.);
#2833 = CYLINDRICAL_SURFACE('',#2834,6.);
#2834 = AXIS2_PLACEMENT_3D('',#2835,#2836,#2837);
#2835 = CARTESIAN_POINT('',(70.00000000001,85.402020253553,3.));
#2836 = DIRECTION('',(-0.,-0.,-1.));
#2837 = DIRECTION('',(1.,0.,0.));
#2838 = ADVANCED_FACE('',(#2839),#2858,.T.);
#2839 = FACE_BOUND('',#2840,.F.);
#2840 = EDGE_LOOP('',(#2841,#2849,#2856,#2857));
#2841 = ORIENTED_EDGE('',*,*,#2842,.T.);
#2842 = EDGE_CURVE('',#1590,#2843,#2845,.T.);
#2843 = VERTEX_POINT('',#2844);
#2844 = CARTESIAN_POINT('',(36.402020253563,125.,47.5));
#2845 = LINE('',#2846,#2847);
#2846 = CARTESIAN_POINT('',(36.402020253563,125.,3.));
#2847 = VECTOR('',#2848,1.);
#2848 = DIRECTION('',(0.,0.,1.));
#2849 = ORIENTED_EDGE('',*,*,#2850,.T.);
#2850 = EDGE_CURVE('',#2843,#2843,#2851,.T.);
#2851 = CIRCLE('',#2852,6.);
#2852 = AXIS2_PLACEMENT_3D('',#2853,#2854,#2855);
#2853 = CARTESIAN_POINT('',(30.402020253563,125.,47.5));
#2854 = DIRECTION('',(0.,0.,1.));
#2855 = DIRECTION('',(1.,0.,0.));
#2856 = ORIENTED_EDGE('',*,*,#2842,.F.);
#2857 = ORIENTED_EDGE('',*,*,#1600,.F.);
#2858 = CYLINDRICAL_SURFACE('',#2859,6.);
#2859 = AXIS2_PLACEMENT_3D('',#2860,#2861,#2862);
#2860 = CARTESIAN_POINT('',(30.402020253563,125.,3.));
#2861 = DIRECTION('',(-0.,-0.,-1.));
#2862 = DIRECTION('',(1.,0.,0.));
#2863 = ADVANCED_FACE('',(#2864),#2883,.T.);
#2864 = FACE_BOUND('',#2865,.F.);
#2865 = EDGE_LOOP('',(#2866,#2874,#2881,#2882));
#2866 = ORIENTED_EDGE('',*,*,#2867,.T.);
#2867 = EDGE_CURVE('',#1616,#2868,#2870,.T.);
#2868 = VERTEX_POINT('',#2869);
#2869 = CARTESIAN_POINT('',(76.00000000001,164.59797974644,47.5));
#2870 = LINE('',#2871,#2872);
#2871 = CARTESIAN_POINT('',(76.00000000001,164.59797974644,3.));
#2872 = VECTOR('',#2873,1.);
#2873 = DIRECTION('',(0.,0.,1.));
#2874 = ORIENTED_EDGE('',*,*,#2875,.T.);
#2875 = EDGE_CURVE('',#2868,#2868,#2876,.T.);
#2876 = CIRCLE('',#2877,6.);
#2877 = AXIS2_PLACEMENT_3D('',#2878,#2879,#2880);
#2878 = CARTESIAN_POINT('',(70.00000000001,164.59797974644,47.5));
#2879 = DIRECTION('',(0.,0.,1.));
#2880 = DIRECTION('',(1.,0.,0.));
#2881 = ORIENTED_EDGE('',*,*,#2867,.F.);
#2882 = ORIENTED_EDGE('',*,*,#1626,.F.);
#2883 = CYLINDRICAL_SURFACE('',#2884,6.);
#2884 = AXIS2_PLACEMENT_3D('',#2885,#2886,#2887);
#2885 = CARTESIAN_POINT('',(70.00000000001,164.59797974644,3.));
#2886 = DIRECTION('',(-0.,-0.,-1.));
#2887 = DIRECTION('',(1.,0.,0.));
#2888 = ADVANCED_FACE('',(#2889),#2908,.T.);
#2889 = FACE_BOUND('',#2890,.F.);
#2890 = EDGE_LOOP('',(#2891,#2899,#2906,#2907));
#2891 = ORIENTED_EDGE('',*,*,#2892,.T.);
#2892 = EDGE_CURVE('',#1642,#2893,#2895,.T.);
#2893 = VERTEX_POINT('',#2894);
#2894 = CARTESIAN_POINT('',(115.59797974645,125.,47.5));
#2895 = LINE('',#2896,#2897);
#2896 = CARTESIAN_POINT('',(115.59797974645,125.,3.));
#2897 = VECTOR('',#2898,1.);
#2898 = DIRECTION('',(0.,0.,1.));
#2899 = ORIENTED_EDGE('',*,*,#2900,.T.);
#2900 = EDGE_CURVE('',#2893,#2893,#2901,.T.);
#2901 = CIRCLE('',#2902,6.);
#2902 = AXIS2_PLACEMENT_3D('',#2903,#2904,#2905);
#2903 = CARTESIAN_POINT('',(109.59797974645,125.,47.5));
#2904 = DIRECTION('',(0.,0.,1.));
#2905 = DIRECTION('',(1.,0.,0.));
#2906 = ORIENTED_EDGE('',*,*,#2892,.F.);
#2907 = ORIENTED_EDGE('',*,*,#1652,.F.);
#2908 = CYLINDRICAL_SURFACE('',#2909,6.);
#2909 = AXIS2_PLACEMENT_3D('',#2910,#2911,#2912);
#2910 = CARTESIAN_POINT('',(109.59797974645,125.,3.));
#2911 = DIRECTION('',(-0.,-0.,-1.));
#2912 = DIRECTION('',(1.,0.,0.));
#2913 = ADVANCED_FACE('',(#2914,#2917,#2928,#2939),#2950,.T.);
#2914 = FACE_BOUND('',#2915,.T.);
#2915 = EDGE_LOOP('',(#2916));
#2916 = ORIENTED_EDGE('',*,*,#1675,.T.);
#2917 = FACE_BOUND('',#2918,.T.);
#2918 = EDGE_LOOP('',(#2919));
#2919 = ORIENTED_EDGE('',*,*,#2920,.F.);
#2920 = EDGE_CURVE('',#2921,#2921,#2923,.T.);
#2921 = VERTEX_POINT('',#2922);
#2922 = CARTESIAN_POINT('',(68.45000000001,109.41154273188,11.));
#2923 = CIRCLE('',#2924,1.55);
#2924 = AXIS2_PLACEMENT_3D('',#2925,#2926,#2927);
#2925 = CARTESIAN_POINT('',(70.00000000001,109.41154273188,11.));
#2926 = DIRECTION('',(0.,-0.,1.));
#2927 = DIRECTION('',(-1.,0.,0.));
#2928 = FACE_BOUND('',#2929,.T.);
#2929 = EDGE_LOOP('',(#2930));
#2930 = ORIENTED_EDGE('',*,*,#2931,.F.);
#2931 = EDGE_CURVE('',#2932,#2932,#2934,.T.);
#2932 = VERTEX_POINT('',#2933);
#2933 = CARTESIAN_POINT('',(54.95000000001,132.79422863406,11.));
#2934 = CIRCLE('',#2935,1.55);
#2935 = AXIS2_PLACEMENT_3D('',#2936,#2937,#2938);
#2936 = CARTESIAN_POINT('',(56.50000000001,132.79422863406,11.));
#2937 = DIRECTION('',(0.,-0.,1.));
#2938 = DIRECTION('',(-1.,0.,0.));
#2939 = FACE_BOUND('',#2940,.T.);
#2940 = EDGE_LOOP('',(#2941));
#2941 = ORIENTED_EDGE('',*,*,#2942,.F.);
#2942 = EDGE_CURVE('',#2943,#2943,#2945,.T.);
#2943 = VERTEX_POINT('',#2944);
#2944 = CARTESIAN_POINT('',(81.95000000001,132.79422863406,11.));
#2945 = CIRCLE('',#2946,1.55);
#2946 = AXIS2_PLACEMENT_3D('',#2947,#2948,#2949);
#2947 = CARTESIAN_POINT('',(83.50000000001,132.79422863406,11.));
#2948 = DIRECTION('',(0.,-0.,1.));
#2949 = DIRECTION('',(-1.,0.,0.));
#2950 = PLANE('',#2951);
#2951 = AXIS2_PLACEMENT_3D('',#2952,#2953,#2954);
#2952 = CARTESIAN_POINT('',(70.00000000001,125.,11.));
#2953 = DIRECTION('',(0.,0.,1.));
#2954 = DIRECTION('',(1.,0.,0.));
#2955 = ADVANCED_FACE('',(#2956),#3027,.T.);
#2956 = FACE_BOUND('',#2957,.T.);
#2957 = EDGE_LOOP('',(#2958,#2968,#2976,#2984,#2990,#2991,#2992,#2993,
    #2994,#2995,#2996,#2997,#2998,#2999,#3000,#3001,#3002,#3003,#3004,
    #3005,#3006,#3007,#3008,#3009,#3010,#3011,#3012,#3013,#3014,#3015,
    #3016,#3017,#3018,#3019,#3020,#3021));
#2958 = ORIENTED_EDGE('',*,*,#2959,.T.);
#2959 = EDGE_CURVE('',#2960,#2962,#2964,.T.);
#2960 = VERTEX_POINT('',#2961);
#2961 = CARTESIAN_POINT('',(0.,195.,12.));
#2962 = VERTEX_POINT('',#2963);
#2963 = CARTESIAN_POINT('',(0.,0.,12.));
#2964 = LINE('',#2965,#2966);
#2965 = CARTESIAN_POINT('',(0.,195.,12.));
#2966 = VECTOR('',#2967,1.);
#2967 = DIRECTION('',(0.,-1.,0.));
#2968 = ORIENTED_EDGE('',*,*,#2969,.T.);
#2969 = EDGE_CURVE('',#2962,#2970,#2972,.T.);
#2970 = VERTEX_POINT('',#2971);
#2971 = CARTESIAN_POINT('',(140.,0.,12.));
#2972 = LINE('',#2973,#2974);
#2973 = CARTESIAN_POINT('',(0.,0.,12.));
#2974 = VECTOR('',#2975,1.);
#2975 = DIRECTION('',(1.,0.,0.));
#2976 = ORIENTED_EDGE('',*,*,#2977,.T.);
#2977 = EDGE_CURVE('',#2970,#2978,#2980,.T.);
#2978 = VERTEX_POINT('',#2979);
#2979 = CARTESIAN_POINT('',(140.,195.,12.));
#2980 = LINE('',#2981,#2982);
#2981 = CARTESIAN_POINT('',(140.,0.,12.));
#2982 = VECTOR('',#2983,1.);
#2983 = DIRECTION('',(0.,1.,0.));
#2984 = ORIENTED_EDGE('',*,*,#2985,.T.);
#2985 = EDGE_CURVE('',#2978,#2638,#2986,.T.);
#2986 = LINE('',#2987,#2988);
#2987 = CARTESIAN_POINT('',(140.,195.,12.));
#2988 = VECTOR('',#2989,1.);
#2989 = DIRECTION('',(-1.,0.,0.));
#2990 = ORIENTED_EDGE('',*,*,#2654,.F.);
#2991 = ORIENTED_EDGE('',*,*,#2620,.F.);
#2992 = ORIENTED_EDGE('',*,*,#2571,.F.);
#2993 = ORIENTED_EDGE('',*,*,#2523,.T.);
#2994 = ORIENTED_EDGE('',*,*,#2388,.T.);
#2995 = ORIENTED_EDGE('',*,*,#2339,.T.);
#2996 = ORIENTED_EDGE('',*,*,#2291,.F.);
#2997 = ORIENTED_EDGE('',*,*,#2243,.T.);
#2998 = ORIENTED_EDGE('',*,*,#2108,.T.);
#2999 = ORIENTED_EDGE('',*,*,#2059,.T.);
#3000 = ORIENTED_EDGE('',*,*,#2011,.F.);
#3001 = ORIENTED_EDGE('',*,*,#1963,.T.);
#3002 = ORIENTED_EDGE('',*,*,#1828,.T.);
#3003 = ORIENTED_EDGE('',*,*,#1779,.T.);
#3004 = ORIENTED_EDGE('',*,*,#1731,.F.);
#3005 = ORIENTED_EDGE('',*,*,#1700,.F.);
#3006 = ORIENTED_EDGE('',*,*,#1748,.F.);
#3007 = ORIENTED_EDGE('',*,*,#1796,.T.);
#3008 = ORIENTED_EDGE('',*,*,#1889,.T.);
#3009 = ORIENTED_EDGE('',*,*,#1980,.T.);
#3010 = ORIENTED_EDGE('',*,*,#2028,.F.);
#3011 = ORIENTED_EDGE('',*,*,#2076,.T.);
#3012 = ORIENTED_EDGE('',*,*,#2169,.T.);
#3013 = ORIENTED_EDGE('',*,*,#2260,.T.);
#3014 = ORIENTED_EDGE('',*,*,#2308,.F.);
#3015 = ORIENTED_EDGE('',*,*,#2356,.T.);
#3016 = ORIENTED_EDGE('',*,*,#2449,.T.);
#3017 = ORIENTED_EDGE('',*,*,#2540,.T.);
#3018 = ORIENTED_EDGE('',*,*,#2588,.F.);
#3019 = ORIENTED_EDGE('',*,*,#2710,.F.);
#3020 = ORIENTED_EDGE('',*,*,#2678,.F.);
#3021 = ORIENTED_EDGE('',*,*,#3022,.T.);
#3022 = EDGE_CURVE('',#2669,#2960,#3023,.T.);
#3023 = LINE('',#3024,#3025);
#3024 = CARTESIAN_POINT('',(140.,195.,12.));
#3025 = VECTOR('',#3026,1.);
#3026 = DIRECTION('',(-1.,0.,0.));
#3027 = PLANE('',#3028);
#3028 = AXIS2_PLACEMENT_3D('',#3029,#3030,#3031);
#3029 = CARTESIAN_POINT('',(70.,97.5,12.));
#3030 = DIRECTION('',(0.,0.,1.));
#3031 = DIRECTION('',(1.,0.,0.));
#3032 = ADVANCED_FACE('',(#3033,#3058,#3061,#3064),#3067,.F.);
#3033 = FACE_BOUND('',#3034,.F.);
#3034 = EDGE_LOOP('',(#3035,#3043,#3044,#3052));
#3035 = ORIENTED_EDGE('',*,*,#3036,.T.);
#3036 = EDGE_CURVE('',#3037,#2970,#3039,.T.);
#3037 = VERTEX_POINT('',#3038);
#3038 = CARTESIAN_POINT('',(140.,0.,0.));
#3039 = LINE('',#3040,#3041);
#3040 = CARTESIAN_POINT('',(140.,0.,0.));
#3041 = VECTOR('',#3042,1.);
#3042 = DIRECTION('',(0.,0.,1.));
#3043 = ORIENTED_EDGE('',*,*,#2977,.T.);
#3044 = ORIENTED_EDGE('',*,*,#3045,.F.);
#3045 = EDGE_CURVE('',#3046,#2978,#3048,.T.);
#3046 = VERTEX_POINT('',#3047);
#3047 = CARTESIAN_POINT('',(140.,195.,0.));
#3048 = LINE('',#3049,#3050);
#3049 = CARTESIAN_POINT('',(140.,195.,0.));
#3050 = VECTOR('',#3051,1.);
#3051 = DIRECTION('',(0.,0.,1.));
#3052 = ORIENTED_EDGE('',*,*,#3053,.F.);
#3053 = EDGE_CURVE('',#3037,#3046,#3054,.T.);
#3054 = LINE('',#3055,#3056);
#3055 = CARTESIAN_POINT('',(140.,0.,0.));
#3056 = VECTOR('',#3057,1.);
#3057 = DIRECTION('',(0.,1.,0.));
#3058 = FACE_BOUND('',#3059,.F.);
#3059 = EDGE_LOOP('',(#3060));
#3060 = ORIENTED_EDGE('',*,*,#1869,.T.);
#3061 = FACE_BOUND('',#3062,.F.);
#3062 = EDGE_LOOP('',(#3063));
#3063 = ORIENTED_EDGE('',*,*,#2149,.T.);
#3064 = FACE_BOUND('',#3065,.F.);
#3065 = EDGE_LOOP('',(#3066));
#3066 = ORIENTED_EDGE('',*,*,#2429,.T.);
#3067 = PLANE('',#3068);
#3068 = AXIS2_PLACEMENT_3D('',#3069,#3070,#3071);
#3069 = CARTESIAN_POINT('',(140.,0.,0.));
#3070 = DIRECTION('',(-1.,0.,0.));
#3071 = DIRECTION('',(0.,1.,0.));
#3072 = ADVANCED_FACE('',(#3073,#3098,#3101,#3104),#3107,.F.);
#3073 = FACE_BOUND('',#3074,.F.);
#3074 = EDGE_LOOP('',(#3075,#3083,#3084,#3092));
#3075 = ORIENTED_EDGE('',*,*,#3076,.T.);
#3076 = EDGE_CURVE('',#3077,#2960,#3079,.T.);
#3077 = VERTEX_POINT('',#3078);
#3078 = CARTESIAN_POINT('',(0.,195.,0.));
#3079 = LINE('',#3080,#3081);
#3080 = CARTESIAN_POINT('',(0.,195.,0.));
#3081 = VECTOR('',#3082,1.);
#3082 = DIRECTION('',(0.,0.,1.));
#3083 = ORIENTED_EDGE('',*,*,#2959,.T.);
#3084 = ORIENTED_EDGE('',*,*,#3085,.F.);
#3085 = EDGE_CURVE('',#3086,#2962,#3088,.T.);
#3086 = VERTEX_POINT('',#3087);
#3087 = CARTESIAN_POINT('',(0.,0.,0.));
#3088 = LINE('',#3089,#3090);
#3089 = CARTESIAN_POINT('',(0.,0.,0.));
#3090 = VECTOR('',#3091,1.);
#3091 = DIRECTION('',(0.,0.,1.));
#3092 = ORIENTED_EDGE('',*,*,#3093,.F.);
#3093 = EDGE_CURVE('',#3077,#3086,#3094,.T.);
#3094 = LINE('',#3095,#3096);
#3095 = CARTESIAN_POINT('',(0.,195.,0.));
#3096 = VECTOR('',#3097,1.);
#3097 = DIRECTION('',(0.,-1.,0.));
#3098 = FACE_BOUND('',#3099,.F.);
#3099 = EDGE_LOOP('',(#3100));
#3100 = ORIENTED_EDGE('',*,*,#2496,.T.);
#3101 = FACE_BOUND('',#3102,.F.);
#3102 = EDGE_LOOP('',(#3103));
#3103 = ORIENTED_EDGE('',*,*,#2216,.T.);
#3104 = FACE_BOUND('',#3105,.F.);
#3105 = EDGE_LOOP('',(#3106));
#3106 = ORIENTED_EDGE('',*,*,#1936,.T.);
#3107 = PLANE('',#3108);
#3108 = AXIS2_PLACEMENT_3D('',#3109,#3110,#3111);
#3109 = CARTESIAN_POINT('',(0.,195.,0.));
#3110 = DIRECTION('',(1.,0.,0.));
#3111 = DIRECTION('',(0.,-1.,0.));
#3112 = ADVANCED_FACE('',(#3113,#3130),#3133,.T.);
#3113 = FACE_BOUND('',#3114,.T.);
#3114 = EDGE_LOOP('',(#3115,#3116,#3117,#3118,#3124,#3125,#3126,#3127,
    #3128,#3129));
#3115 = ORIENTED_EDGE('',*,*,#2635,.T.);
#3116 = ORIENTED_EDGE('',*,*,#2985,.F.);
#3117 = ORIENTED_EDGE('',*,*,#3045,.F.);
#3118 = ORIENTED_EDGE('',*,*,#3119,.T.);
#3119 = EDGE_CURVE('',#3046,#3077,#3120,.T.);
#3120 = LINE('',#3121,#3122);
#3121 = CARTESIAN_POINT('',(140.,195.,0.));
#3122 = VECTOR('',#3123,1.);
#3123 = DIRECTION('',(-1.,0.,0.));
#3124 = ORIENTED_EDGE('',*,*,#3076,.T.);
#3125 = ORIENTED_EDGE('',*,*,#3022,.F.);
#3126 = ORIENTED_EDGE('',*,*,#2668,.T.);
#3127 = ORIENTED_EDGE('',*,*,#2725,.T.);
#3128 = ORIENTED_EDGE('',*,*,#2750,.T.);
#3129 = ORIENTED_EDGE('',*,*,#2774,.F.);
#3130 = FACE_BOUND('',#3131,.T.);
#3131 = EDGE_LOOP('',(#3132));
#3132 = ORIENTED_EDGE('',*,*,#2792,.F.);
#3133 = PLANE('',#3134);
#3134 = AXIS2_PLACEMENT_3D('',#3135,#3136,#3137);
#3135 = CARTESIAN_POINT('',(67.092307692308,195.,7.373076923077));
#3136 = DIRECTION('',(0.,1.,0.));
#3137 = DIRECTION('',(0.,0.,1.));
#3138 = ADVANCED_FACE('',(#3139),#3142,.T.);
#3139 = FACE_BOUND('',#3140,.T.);
#3140 = EDGE_LOOP('',(#3141));
#3141 = ORIENTED_EDGE('',*,*,#2825,.T.);
#3142 = PLANE('',#3143);
#3143 = AXIS2_PLACEMENT_3D('',#3144,#3145,#3146);
#3144 = CARTESIAN_POINT('',(70.00000000001,125.,47.5));
#3145 = DIRECTION('',(0.,0.,1.));
#3146 = DIRECTION('',(1.,0.,0.));
#3147 = ADVANCED_FACE('',(#3148),#3151,.T.);
#3148 = FACE_BOUND('',#3149,.T.);
#3149 = EDGE_LOOP('',(#3150));
#3150 = ORIENTED_EDGE('',*,*,#2850,.T.);
#3151 = PLANE('',#3152);
#3152 = AXIS2_PLACEMENT_3D('',#3153,#3154,#3155);
#3153 = CARTESIAN_POINT('',(70.00000000001,125.,47.5));
#3154 = DIRECTION('',(0.,0.,1.));
#3155 = DIRECTION('',(1.,0.,0.));
#3156 = ADVANCED_FACE('',(#3157),#3160,.T.);
#3157 = FACE_BOUND('',#3158,.T.);
#3158 = EDGE_LOOP('',(#3159));
#3159 = ORIENTED_EDGE('',*,*,#2875,.T.);
#3160 = PLANE('',#3161);
#3161 = AXIS2_PLACEMENT_3D('',#3162,#3163,#3164);
#3162 = CARTESIAN_POINT('',(70.00000000001,125.,47.5));
#3163 = DIRECTION('',(0.,0.,1.));
#3164 = DIRECTION('',(1.,0.,0.));
#3165 = ADVANCED_FACE('',(#3166),#3169,.T.);
#3166 = FACE_BOUND('',#3167,.T.);
#3167 = EDGE_LOOP('',(#3168));
#3168 = ORIENTED_EDGE('',*,*,#2900,.T.);
#3169 = PLANE('',#3170);
#3170 = AXIS2_PLACEMENT_3D('',#3171,#3172,#3173);
#3171 = CARTESIAN_POINT('',(70.00000000001,125.,47.5));
#3172 = DIRECTION('',(0.,0.,1.));
#3173 = DIRECTION('',(1.,0.,0.));
#3174 = ADVANCED_FACE('',(#3175),#3194,.F.);
#3175 = FACE_BOUND('',#3176,.T.);
#3176 = EDGE_LOOP('',(#3177,#3185,#3192,#3193));
#3177 = ORIENTED_EDGE('',*,*,#3178,.F.);
#3178 = EDGE_CURVE('',#3179,#2921,#3181,.T.);
#3179 = VERTEX_POINT('',#3180);
#3180 = CARTESIAN_POINT('',(68.45000000001,109.41154273188,1.5));
#3181 = LINE('',#3182,#3183);
#3182 = CARTESIAN_POINT('',(68.45000000001,109.41154273188,1.5));
#3183 = VECTOR('',#3184,1.);
#3184 = DIRECTION('',(6.614094614788E-17,0.,1.));
#3185 = ORIENTED_EDGE('',*,*,#3186,.T.);
#3186 = EDGE_CURVE('',#3179,#3179,#3187,.T.);
#3187 = CIRCLE('',#3188,1.55);
#3188 = AXIS2_PLACEMENT_3D('',#3189,#3190,#3191);
#3189 = CARTESIAN_POINT('',(70.00000000001,109.41154273188,1.5));
#3190 = DIRECTION('',(0.,0.,-1.));
#3191 = DIRECTION('',(-1.,0.,0.));
#3192 = ORIENTED_EDGE('',*,*,#3178,.T.);
#3193 = ORIENTED_EDGE('',*,*,#2920,.T.);
#3194 = CYLINDRICAL_SURFACE('',#3195,1.55);
#3195 = AXIS2_PLACEMENT_3D('',#3196,#3197,#3198);
#3196 = CARTESIAN_POINT('',(70.00000000001,109.41154273188,1.5));
#3197 = DIRECTION('',(0.,0.,1.));
#3198 = DIRECTION('',(-1.,0.,0.));
#3199 = ADVANCED_FACE('',(#3200),#3219,.F.);
#3200 = FACE_BOUND('',#3201,.T.);
#3201 = EDGE_LOOP('',(#3202,#3210,#3217,#3218));
#3202 = ORIENTED_EDGE('',*,*,#3203,.F.);
#3203 = EDGE_CURVE('',#3204,#2932,#3206,.T.);
#3204 = VERTEX_POINT('',#3205);
#3205 = CARTESIAN_POINT('',(54.95000000001,132.79422863406,1.5));
#3206 = LINE('',#3207,#3208);
#3207 = CARTESIAN_POINT('',(54.95000000001,132.79422863406,1.5));
#3208 = VECTOR('',#3209,1.);
#3209 = DIRECTION('',(6.614094614788E-17,0.,1.));
#3210 = ORIENTED_EDGE('',*,*,#3211,.T.);
#3211 = EDGE_CURVE('',#3204,#3204,#3212,.T.);
#3212 = CIRCLE('',#3213,1.55);
#3213 = AXIS2_PLACEMENT_3D('',#3214,#3215,#3216);
#3214 = CARTESIAN_POINT('',(56.50000000001,132.79422863406,1.5));
#3215 = DIRECTION('',(0.,0.,-1.));
#3216 = DIRECTION('',(-1.,0.,0.));
#3217 = ORIENTED_EDGE('',*,*,#3203,.T.);
#3218 = ORIENTED_EDGE('',*,*,#2931,.T.);
#3219 = CYLINDRICAL_SURFACE('',#3220,1.55);
#3220 = AXIS2_PLACEMENT_3D('',#3221,#3222,#3223);
#3221 = CARTESIAN_POINT('',(56.50000000001,132.79422863406,1.5));
#3222 = DIRECTION('',(0.,0.,1.));
#3223 = DIRECTION('',(-1.,0.,0.));
#3224 = ADVANCED_FACE('',(#3225),#3244,.F.);
#3225 = FACE_BOUND('',#3226,.T.);
#3226 = EDGE_LOOP('',(#3227,#3235,#3242,#3243));
#3227 = ORIENTED_EDGE('',*,*,#3228,.F.);
#3228 = EDGE_CURVE('',#3229,#2943,#3231,.T.);
#3229 = VERTEX_POINT('',#3230);
#3230 = CARTESIAN_POINT('',(81.95000000001,132.79422863406,1.5));
#3231 = LINE('',#3232,#3233);
#3232 = CARTESIAN_POINT('',(81.95000000001,132.79422863406,1.5));
#3233 = VECTOR('',#3234,1.);
#3234 = DIRECTION('',(6.614094614788E-17,0.,1.));
#3235 = ORIENTED_EDGE('',*,*,#3236,.T.);
#3236 = EDGE_CURVE('',#3229,#3229,#3237,.T.);
#3237 = CIRCLE('',#3238,1.55);
#3238 = AXIS2_PLACEMENT_3D('',#3239,#3240,#3241);
#3239 = CARTESIAN_POINT('',(83.50000000001,132.79422863406,1.5));
#3240 = DIRECTION('',(0.,0.,-1.));
#3241 = DIRECTION('',(-1.,0.,0.));
#3242 = ORIENTED_EDGE('',*,*,#3228,.T.);
#3243 = ORIENTED_EDGE('',*,*,#2942,.T.);
#3244 = CYLINDRICAL_SURFACE('',#3245,1.55);
#3245 = AXIS2_PLACEMENT_3D('',#3246,#3247,#3248);
#3246 = CARTESIAN_POINT('',(83.50000000001,132.79422863406,1.5));
#3247 = DIRECTION('',(0.,0.,1.));
#3248 = DIRECTION('',(-1.,0.,0.));
#3249 = ADVANCED_FACE('',(#3250),#3261,.F.);
#3250 = FACE_BOUND('',#3251,.F.);
#3251 = EDGE_LOOP('',(#3252,#3253,#3254,#3255));
#3252 = ORIENTED_EDGE('',*,*,#3085,.T.);
#3253 = ORIENTED_EDGE('',*,*,#2969,.T.);
#3254 = ORIENTED_EDGE('',*,*,#3036,.F.);
#3255 = ORIENTED_EDGE('',*,*,#3256,.F.);
#3256 = EDGE_CURVE('',#3086,#3037,#3257,.T.);
#3257 = LINE('',#3258,#3259);
#3258 = CARTESIAN_POINT('',(0.,0.,0.));
#3259 = VECTOR('',#3260,1.);
#3260 = DIRECTION('',(1.,0.,0.));
#3261 = PLANE('',#3262);
#3262 = AXIS2_PLACEMENT_3D('',#3263,#3264,#3265);
#3263 = CARTESIAN_POINT('',(0.,0.,0.));
#3264 = DIRECTION('',(0.,1.,0.));
#3265 = DIRECTION('',(1.,0.,0.));
#3266 = ADVANCED_FACE('',(#3267,#3273,#3284,#3295,#3306,#3317,#3328,
    #3339),#3350,.F.);
#3267 = FACE_BOUND('',#3268,.F.);
#3268 = EDGE_LOOP('',(#3269,#3270,#3271,#3272));
#3269 = ORIENTED_EDGE('',*,*,#3256,.T.);
#3270 = ORIENTED_EDGE('',*,*,#3053,.T.);
#3271 = ORIENTED_EDGE('',*,*,#3119,.T.);
#3272 = ORIENTED_EDGE('',*,*,#3093,.T.);
#3273 = FACE_BOUND('',#3274,.F.);
#3274 = EDGE_LOOP('',(#3275));
#3275 = ORIENTED_EDGE('',*,*,#3276,.T.);
#3276 = EDGE_CURVE('',#3277,#3277,#3279,.T.);
#3277 = VERTEX_POINT('',#3278);
#3278 = CARTESIAN_POINT('',(23.,22.5,0.));
#3279 = CIRCLE('',#3280,7.);
#3280 = AXIS2_PLACEMENT_3D('',#3281,#3282,#3283);
#3281 = CARTESIAN_POINT('',(16.,22.5,0.));
#3282 = DIRECTION('',(0.,0.,-1.));
#3283 = DIRECTION('',(1.,0.,0.));
#3284 = FACE_BOUND('',#3285,.F.);
#3285 = EDGE_LOOP('',(#3286));
#3286 = ORIENTED_EDGE('',*,*,#3287,.T.);
#3287 = EDGE_CURVE('',#3288,#3288,#3290,.T.);
#3288 = VERTEX_POINT('',#3289);
#3289 = CARTESIAN_POINT('',(131.,22.5,0.));
#3290 = CIRCLE('',#3291,7.);
#3291 = AXIS2_PLACEMENT_3D('',#3292,#3293,#3294);
#3292 = CARTESIAN_POINT('',(124.,22.5,0.));
#3293 = DIRECTION('',(0.,0.,-1.));
#3294 = DIRECTION('',(1.,0.,0.));
#3295 = FACE_BOUND('',#3296,.F.);
#3296 = EDGE_LOOP('',(#3297));
#3297 = ORIENTED_EDGE('',*,*,#3298,.T.);
#3298 = EDGE_CURVE('',#3299,#3299,#3301,.T.);
#3299 = VERTEX_POINT('',#3300);
#3300 = CARTESIAN_POINT('',(53.45000000001,132.79422863406,0.));
#3301 = CIRCLE('',#3302,3.05);
#3302 = AXIS2_PLACEMENT_3D('',#3303,#3304,#3305);
#3303 = CARTESIAN_POINT('',(56.50000000001,132.79422863406,0.));
#3304 = DIRECTION('',(0.,0.,-1.));
#3305 = DIRECTION('',(-1.,0.,0.));
#3306 = FACE_BOUND('',#3307,.F.);
#3307 = EDGE_LOOP('',(#3308));
#3308 = ORIENTED_EDGE('',*,*,#3309,.T.);
#3309 = EDGE_CURVE('',#3310,#3310,#3312,.T.);
#3310 = VERTEX_POINT('',#3311);
#3311 = CARTESIAN_POINT('',(23.,172.5,0.));
#3312 = CIRCLE('',#3313,7.);
#3313 = AXIS2_PLACEMENT_3D('',#3314,#3315,#3316);
#3314 = CARTESIAN_POINT('',(16.,172.5,0.));
#3315 = DIRECTION('',(0.,0.,-1.));
#3316 = DIRECTION('',(1.,0.,0.));
#3317 = FACE_BOUND('',#3318,.F.);
#3318 = EDGE_LOOP('',(#3319));
#3319 = ORIENTED_EDGE('',*,*,#3320,.T.);
#3320 = EDGE_CURVE('',#3321,#3321,#3323,.T.);
#3321 = VERTEX_POINT('',#3322);
#3322 = CARTESIAN_POINT('',(66.95000000001,109.41154273188,0.));
#3323 = CIRCLE('',#3324,3.05);
#3324 = AXIS2_PLACEMENT_3D('',#3325,#3326,#3327);
#3325 = CARTESIAN_POINT('',(70.00000000001,109.41154273188,0.));
#3326 = DIRECTION('',(0.,0.,-1.));
#3327 = DIRECTION('',(-1.,0.,0.));
#3328 = FACE_BOUND('',#3329,.F.);
#3329 = EDGE_LOOP('',(#3330));
#3330 = ORIENTED_EDGE('',*,*,#3331,.T.);
#3331 = EDGE_CURVE('',#3332,#3332,#3334,.T.);
#3332 = VERTEX_POINT('',#3333);
#3333 = CARTESIAN_POINT('',(80.45000000001,132.79422863406,0.));
#3334 = CIRCLE('',#3335,3.05);
#3335 = AXIS2_PLACEMENT_3D('',#3336,#3337,#3338);
#3336 = CARTESIAN_POINT('',(83.50000000001,132.79422863406,0.));
#3337 = DIRECTION('',(0.,0.,-1.));
#3338 = DIRECTION('',(-1.,0.,0.));
#3339 = FACE_BOUND('',#3340,.F.);
#3340 = EDGE_LOOP('',(#3341));
#3341 = ORIENTED_EDGE('',*,*,#3342,.T.);
#3342 = EDGE_CURVE('',#3343,#3343,#3345,.T.);
#3343 = VERTEX_POINT('',#3344);
#3344 = CARTESIAN_POINT('',(131.,172.5,0.));
#3345 = CIRCLE('',#3346,7.);
#3346 = AXIS2_PLACEMENT_3D('',#3347,#3348,#3349);
#3347 = CARTESIAN_POINT('',(124.,172.5,0.));
#3348 = DIRECTION('',(0.,0.,-1.));
#3349 = DIRECTION('',(1.,0.,0.));
#3350 = PLANE('',#3351);
#3351 = AXIS2_PLACEMENT_3D('',#3352,#3353,#3354);
#3352 = CARTESIAN_POINT('',(70.,97.5,0.));
#3353 = DIRECTION('',(0.,0.,1.));
#3354 = DIRECTION('',(1.,0.,0.));
#3355 = ADVANCED_FACE('',(#3356),#3367,.F.);
#3356 = FACE_BOUND('',#3357,.T.);
#3357 = EDGE_LOOP('',(#3358,#3364,#3365,#3366));
#3358 = ORIENTED_EDGE('',*,*,#3359,.F.);
#3359 = EDGE_CURVE('',#3321,#3179,#3360,.T.);
#3360 = LINE('',#3361,#3362);
#3361 = CARTESIAN_POINT('',(66.95000000001,109.41154273188,0.));
#3362 = VECTOR('',#3363,1.);
#3363 = DIRECTION('',(0.707106781187,0.,0.707106781187));
#3364 = ORIENTED_EDGE('',*,*,#3320,.T.);
#3365 = ORIENTED_EDGE('',*,*,#3359,.T.);
#3366 = ORIENTED_EDGE('',*,*,#3186,.F.);
#3367 = CONICAL_SURFACE('',#3368,3.05,0.785398163397);
#3368 = AXIS2_PLACEMENT_3D('',#3369,#3370,#3371);
#3369 = CARTESIAN_POINT('',(70.00000000001,109.41154273188,0.));
#3370 = DIRECTION('',(-0.,-0.,-1.));
#3371 = DIRECTION('',(-1.,0.,0.));
#3372 = ADVANCED_FACE('',(#3373),#3384,.F.);
#3373 = FACE_BOUND('',#3374,.T.);
#3374 = EDGE_LOOP('',(#3375,#3381,#3382,#3383));
#3375 = ORIENTED_EDGE('',*,*,#3376,.F.);
#3376 = EDGE_CURVE('',#3299,#3204,#3377,.T.);
#3377 = LINE('',#3378,#3379);
#3378 = CARTESIAN_POINT('',(53.45000000001,132.79422863406,0.));
#3379 = VECTOR('',#3380,1.);
#3380 = DIRECTION('',(0.707106781187,0.,0.707106781187));
#3381 = ORIENTED_EDGE('',*,*,#3298,.T.);
#3382 = ORIENTED_EDGE('',*,*,#3376,.T.);
#3383 = ORIENTED_EDGE('',*,*,#3211,.F.);
#3384 = CONICAL_SURFACE('',#3385,3.05,0.785398163397);
#3385 = AXIS2_PLACEMENT_3D('',#3386,#3387,#3388);
#3386 = CARTESIAN_POINT('',(56.50000000001,132.79422863406,0.));
#3387 = DIRECTION('',(-0.,-0.,-1.));
#3388 = DIRECTION('',(-1.,0.,0.));
#3389 = ADVANCED_FACE('',(#3390),#3401,.F.);
#3390 = FACE_BOUND('',#3391,.T.);
#3391 = EDGE_LOOP('',(#3392,#3398,#3399,#3400));
#3392 = ORIENTED_EDGE('',*,*,#3393,.F.);
#3393 = EDGE_CURVE('',#3332,#3229,#3394,.T.);
#3394 = LINE('',#3395,#3396);
#3395 = CARTESIAN_POINT('',(80.45000000001,132.79422863406,0.));
#3396 = VECTOR('',#3397,1.);
#3397 = DIRECTION('',(0.707106781187,0.,0.707106781187));
#3398 = ORIENTED_EDGE('',*,*,#3331,.T.);
#3399 = ORIENTED_EDGE('',*,*,#3393,.T.);
#3400 = ORIENTED_EDGE('',*,*,#3236,.F.);
#3401 = CONICAL_SURFACE('',#3402,3.05,0.785398163397);
#3402 = AXIS2_PLACEMENT_3D('',#3403,#3404,#3405);
#3403 = CARTESIAN_POINT('',(83.50000000001,132.79422863406,0.));
#3404 = DIRECTION('',(-0.,-0.,-1.));
#3405 = DIRECTION('',(-1.,0.,0.));
#3406 = ADVANCED_FACE('',(#3407),#3426,.F.);
#3407 = FACE_BOUND('',#3408,.F.);
#3408 = EDGE_LOOP('',(#3409,#3417,#3424,#3425));
#3409 = ORIENTED_EDGE('',*,*,#3410,.T.);
#3410 = EDGE_CURVE('',#3277,#3411,#3413,.T.);
#3411 = VERTEX_POINT('',#3412);
#3412 = CARTESIAN_POINT('',(23.,22.5,1.));
#3413 = LINE('',#3414,#3415);
#3414 = CARTESIAN_POINT('',(23.,22.5,0.));
#3415 = VECTOR('',#3416,1.);
#3416 = DIRECTION('',(0.,0.,1.));
#3417 = ORIENTED_EDGE('',*,*,#3418,.T.);
#3418 = EDGE_CURVE('',#3411,#3411,#3419,.T.);
#3419 = CIRCLE('',#3420,7.);
#3420 = AXIS2_PLACEMENT_3D('',#3421,#3422,#3423);
#3421 = CARTESIAN_POINT('',(16.,22.5,1.));
#3422 = DIRECTION('',(0.,0.,-1.));
#3423 = DIRECTION('',(1.,0.,0.));
#3424 = ORIENTED_EDGE('',*,*,#3410,.F.);
#3425 = ORIENTED_EDGE('',*,*,#3276,.F.);
#3426 = CYLINDRICAL_SURFACE('',#3427,7.);
#3427 = AXIS2_PLACEMENT_3D('',#3428,#3429,#3430);
#3428 = CARTESIAN_POINT('',(16.,22.5,0.));
#3429 = DIRECTION('',(0.,0.,-1.));
#3430 = DIRECTION('',(1.,0.,0.));
#3431 = ADVANCED_FACE('',(#3432),#3451,.F.);
#3432 = FACE_BOUND('',#3433,.F.);
#3433 = EDGE_LOOP('',(#3434,#3442,#3449,#3450));
#3434 = ORIENTED_EDGE('',*,*,#3435,.T.);
#3435 = EDGE_CURVE('',#3288,#3436,#3438,.T.);
#3436 = VERTEX_POINT('',#3437);
#3437 = CARTESIAN_POINT('',(131.,22.5,1.));
#3438 = LINE('',#3439,#3440);
#3439 = CARTESIAN_POINT('',(131.,22.5,0.));
#3440 = VECTOR('',#3441,1.);
#3441 = DIRECTION('',(0.,0.,1.));
#3442 = ORIENTED_EDGE('',*,*,#3443,.T.);
#3443 = EDGE_CURVE('',#3436,#3436,#3444,.T.);
#3444 = CIRCLE('',#3445,7.);
#3445 = AXIS2_PLACEMENT_3D('',#3446,#3447,#3448);
#3446 = CARTESIAN_POINT('',(124.,22.5,1.));
#3447 = DIRECTION('',(0.,0.,-1.));
#3448 = DIRECTION('',(1.,0.,0.));
#3449 = ORIENTED_EDGE('',*,*,#3435,.F.);
#3450 = ORIENTED_EDGE('',*,*,#3287,.F.);
#3451 = CYLINDRICAL_SURFACE('',#3452,7.);
#3452 = AXIS2_PLACEMENT_3D('',#3453,#3454,#3455);
#3453 = CARTESIAN_POINT('',(124.,22.5,0.));
#3454 = DIRECTION('',(0.,0.,-1.));
#3455 = DIRECTION('',(1.,0.,0.));
#3456 = ADVANCED_FACE('',(#3457),#3476,.F.);
#3457 = FACE_BOUND('',#3458,.F.);
#3458 = EDGE_LOOP('',(#3459,#3467,#3474,#3475));
#3459 = ORIENTED_EDGE('',*,*,#3460,.T.);
#3460 = EDGE_CURVE('',#3310,#3461,#3463,.T.);
#3461 = VERTEX_POINT('',#3462);
#3462 = CARTESIAN_POINT('',(23.,172.5,1.));
#3463 = LINE('',#3464,#3465);
#3464 = CARTESIAN_POINT('',(23.,172.5,0.));
#3465 = VECTOR('',#3466,1.);
#3466 = DIRECTION('',(0.,0.,1.));
#3467 = ORIENTED_EDGE('',*,*,#3468,.T.);
#3468 = EDGE_CURVE('',#3461,#3461,#3469,.T.);
#3469 = CIRCLE('',#3470,7.);
#3470 = AXIS2_PLACEMENT_3D('',#3471,#3472,#3473);
#3471 = CARTESIAN_POINT('',(16.,172.5,1.));
#3472 = DIRECTION('',(0.,0.,-1.));
#3473 = DIRECTION('',(1.,0.,0.));
#3474 = ORIENTED_EDGE('',*,*,#3460,.F.);
#3475 = ORIENTED_EDGE('',*,*,#3309,.F.);
#3476 = CYLINDRICAL_SURFACE('',#3477,7.);
#3477 = AXIS2_PLACEMENT_3D('',#3478,#3479,#3480);
#3478 = CARTESIAN_POINT('',(16.,172.5,0.));
#3479 = DIRECTION('',(0.,0.,-1.));
#3480 = DIRECTION('',(1.,0.,0.));
#3481 = ADVANCED_FACE('',(#3482),#3501,.F.);
#3482 = FACE_BOUND('',#3483,.F.);
#3483 = EDGE_LOOP('',(#3484,#3492,#3499,#3500));
#3484 = ORIENTED_EDGE('',*,*,#3485,.T.);
#3485 = EDGE_CURVE('',#3343,#3486,#3488,.T.);
#3486 = VERTEX_POINT('',#3487);
#3487 = CARTESIAN_POINT('',(131.,172.5,1.));
#3488 = LINE('',#3489,#3490);
#3489 = CARTESIAN_POINT('',(131.,172.5,0.));
#3490 = VECTOR('',#3491,1.);
#3491 = DIRECTION('',(0.,0.,1.));
#3492 = ORIENTED_EDGE('',*,*,#3493,.T.);
#3493 = EDGE_CURVE('',#3486,#3486,#3494,.T.);
#3494 = CIRCLE('',#3495,7.);
#3495 = AXIS2_PLACEMENT_3D('',#3496,#3497,#3498);
#3496 = CARTESIAN_POINT('',(124.,172.5,1.));
#3497 = DIRECTION('',(0.,0.,-1.));
#3498 = DIRECTION('',(1.,0.,0.));
#3499 = ORIENTED_EDGE('',*,*,#3485,.F.);
#3500 = ORIENTED_EDGE('',*,*,#3342,.F.);
#3501 = CYLINDRICAL_SURFACE('',#3502,7.);
#3502 = AXIS2_PLACEMENT_3D('',#3503,#3504,#3505);
#3503 = CARTESIAN_POINT('',(124.,172.5,0.));
#3504 = DIRECTION('',(0.,0.,-1.));
#3505 = DIRECTION('',(1.,0.,0.));
#3506 = ADVANCED_FACE('',(#3507),#3510,.F.);
#3507 = FACE_BOUND('',#3508,.T.);
#3508 = EDGE_LOOP('',(#3509));
#3509 = ORIENTED_EDGE('',*,*,#3418,.T.);
#3510 = PLANE('',#3511);
#3511 = AXIS2_PLACEMENT_3D('',#3512,#3513,#3514);
#3512 = CARTESIAN_POINT('',(70.,97.5,1.));
#3513 = DIRECTION('',(0.,0.,1.));
#3514 = DIRECTION('',(1.,0.,0.));
#3515 = ADVANCED_FACE('',(#3516),#3519,.F.);
#3516 = FACE_BOUND('',#3517,.T.);
#3517 = EDGE_LOOP('',(#3518));
#3518 = ORIENTED_EDGE('',*,*,#3443,.T.);
#3519 = PLANE('',#3520);
#3520 = AXIS2_PLACEMENT_3D('',#3521,#3522,#3523);
#3521 = CARTESIAN_POINT('',(70.,97.5,1.));
#3522 = DIRECTION('',(0.,0.,1.));
#3523 = DIRECTION('',(1.,0.,0.));
#3524 = ADVANCED_FACE('',(#3525),#3528,.F.);
#3525 = FACE_BOUND('',#3526,.T.);
#3526 = EDGE_LOOP('',(#3527));
#3527 = ORIENTED_EDGE('',*,*,#3468,.T.);
#3528 = PLANE('',#3529);
#3529 = AXIS2_PLACEMENT_3D('',#3530,#3531,#3532);
#3530 = CARTESIAN_POINT('',(70.,97.5,1.));
#3531 = DIRECTION('',(0.,0.,1.));
#3532 = DIRECTION('',(1.,0.,0.));
#3533 = ADVANCED_FACE('',(#3534),#3537,.F.);
#3534 = FACE_BOUND('',#3535,.T.);
#3535 = EDGE_LOOP('',(#3536));
#3536 = ORIENTED_EDGE('',*,*,#3493,.T.);
#3537 = PLANE('',#3538);
#3538 = AXIS2_PLACEMENT_3D('',#3539,#3540,#3541);
#3539 = CARTESIAN_POINT('',(70.,97.5,1.));
#3540 = DIRECTION('',(0.,0.,1.));
#3541 = DIRECTION('',(1.,0.,0.));
#3542 = ( GEOMETRIC_REPRESENTATION_CONTEXT(3) 
GLOBAL_UNCERTAINTY_ASSIGNED_CONTEXT((#3546)) 
GLOBAL_UNIT_ASSIGNED_CONTEXT((#3543,#3544,#3545)) REPRESENTATION_CONTEXT
('Context #1','3D Context with UNIT and UNCERTAINTY') );
#3543 = ( LENGTH_UNIT() NAMED_UNIT(*) SI_UNIT(.MILLI.,.METRE.) );
#3544 = ( NAMED_UNIT(*) PLANE_ANGLE_UNIT() SI_UNIT($,.RADIAN.) );
#3545 = ( NAMED_UNIT(*) SI_UNIT($,.STERADIAN.) SOLID_ANGLE_UNIT() );
#3546 = UNCERTAINTY_MEASURE_WITH_UNIT(LENGTH_MEASURE(5.E-05),#3543,
  'distance_accuracy_value','confusion accuracy');
#3547 = PRODUCT_RELATED_PRODUCT_CATEGORY('part',$,(#7));
#3548 = MECHANICAL_DESIGN_GEOMETRIC_PRESENTATION_REPRESENTATION('',(
    #3549),#3542);
#3549 = STYLED_ITEM('color',(#3550),#15);
#3550 = PRESENTATION_STYLE_ASSIGNMENT((#3551,#3557));
#3551 = SURFACE_STYLE_USAGE(.BOTH.,#3552);
#3552 = SURFACE_SIDE_STYLE('',(#3553));
#3553 = SURFACE_STYLE_FILL_AREA(#3554);
#3554 = FILL_AREA_STYLE('',(#3555));
#3555 = FILL_AREA_STYLE_COLOUR('',#3556);
#3556 = COLOUR_RGB('',0.678431390124,0.709803936702,0.741176476869);
#3557 = CURVE_STYLE('',#3558,POSITIVE_LENGTH_MEASURE(0.1),#3559);
#3558 = DRAUGHTING_PRE_DEFINED_CURVE_FONT('continuous');
#3559 = COLOUR_RGB('',9.803921802644E-02,9.803921802644E-02,
  9.803921802644E-02);
ENDSEC;
END-ISO-10303-21;
