ISO-10303-21;
HEADER;
FILE_DESCRIPTION(('FreeCAD Model'),'2;1');
FILE_NAME('Open CASCADE Shape Model','2026-03-17T21:41:09',(''),(''),
  'Open CASCADE STEP processor 7.8','FreeCAD','Unknown');
FILE_SCHEMA(('AUTOMOTIVE_DESIGN { 1 0 10303 214 1 1 1 1 }'));
ENDSEC;
DATA;
#1 = APPLICATION_PROTOCOL_DEFINITION('international standard',
  'automotive_design',2000,#2);
#2 = APPLICATION_CONTEXT(
  'core data for automotive mechanical design processes');
#3 = SHAPE_DEFINITION_REPRESENTATION(#4,#10);
#4 = PRODUCT_DEFINITION_SHAPE('','',#5);
#5 = PRODUCT_DEFINITION('design','',#6,#9);
#6 = PRODUCT_DEFINITION_FORMATION('','',#7);
#7 = PRODUCT('Shell','Shell','',(#8));
#8 = PRODUCT_CONTEXT('',#2,'mechanical');
#9 = PRODUCT_DEFINITION_CONTEXT('part definition',#2,'design');
#10 = ADVANCED_BREP_SHAPE_REPRESENTATION('',(#11,#15),#2498);
#11 = AXIS2_PLACEMENT_3D('',#12,#13,#14);
#12 = CARTESIAN_POINT('',(0.,0.,0.));
#13 = DIRECTION('',(0.,0.,1.));
#14 = DIRECTION('',(1.,0.,-0.));
#15 = MANIFOLD_SOLID_BREP('',#16);
#16 = CLOSED_SHELL('',(#17,#57,#109,#149,#201,#252,#277,#418,#483,#548,
    #615,#640,#657,#716,#775,#807,#831,#856,#880,#905,#929,#954,#1013,
    #1037,#1089,#1156,#1181,#1206,#1231,#1256,#1281,#1306,#1330,#1355,
    #1379,#1404,#1421,#1441,#1468,#1485,#1495,#1522,#1539,#1549,#1615,
    #1632,#1653,#1670,#1691,#1763,#1835,#1852,#1869,#1886,#1903,#1920,
    #1937,#1954,#1978,#2003,#2028,#2059,#2083,#2107,#2124,#2149,#2174,
    #2253,#2271,#2288,#2297,#2306,#2315,#2324,#2352,#2381,#2409,#2438,
    #2455,#2472));
#17 = ADVANCED_FACE('',(#18),#52,.F.);
#18 = FACE_BOUND('',#19,.F.);
#19 = EDGE_LOOP('',(#20,#30,#38,#46));
#20 = ORIENTED_EDGE('',*,*,#21,.F.);
#21 = EDGE_CURVE('',#22,#24,#26,.T.);
#22 = VERTEX_POINT('',#23);
#23 = CARTESIAN_POINT('',(129.,207.82842712474,86.871572875254));
#24 = VERTEX_POINT('',#25);
#25 = CARTESIAN_POINT('',(129.,200.,79.043145750508));
#26 = LINE('',#27,#28);
#27 = CARTESIAN_POINT('',(129.,184.15342712474,63.196572875256));
#28 = VECTOR('',#29,1.);
#29 = DIRECTION('',(-0.,-0.707106781187,-0.707106781187));
#30 = ORIENTED_EDGE('',*,*,#31,.T.);
#31 = EDGE_CURVE('',#22,#32,#34,.T.);
#32 = VERTEX_POINT('',#33);
#33 = CARTESIAN_POINT('',(113.,207.82842712474,86.871572875254));
#34 = LINE('',#35,#36);
#35 = CARTESIAN_POINT('',(145.,207.82842712474,86.871572875254));
#36 = VECTOR('',#37,1.);
#37 = DIRECTION('',(-1.,-0.,-0.));
#38 = ORIENTED_EDGE('',*,*,#39,.F.);
#39 = EDGE_CURVE('',#40,#32,#42,.T.);
#40 = VERTEX_POINT('',#41);
#41 = CARTESIAN_POINT('',(113.,200.,79.043145750508));
#42 = LINE('',#43,#44);
#43 = CARTESIAN_POINT('',(113.,186.40342712474,65.446572875256));
#44 = VECTOR('',#45,1.);
#45 = DIRECTION('',(0.,0.707106781187,0.707106781187));
#46 = ORIENTED_EDGE('',*,*,#47,.F.);
#47 = EDGE_CURVE('',#24,#40,#48,.T.);
#48 = LINE('',#49,#50);
#49 = CARTESIAN_POINT('',(145.,200.,79.043145750508));
#50 = VECTOR('',#51,1.);
#51 = DIRECTION('',(-1.,-0.,-0.));
#52 = PLANE('',#53);
#53 = AXIS2_PLACEMENT_3D('',#54,#55,#56);
#54 = CARTESIAN_POINT('',(145.,207.82842712474,86.871572875254));
#55 = DIRECTION('',(0.,-0.707106781187,0.707106781187));
#56 = DIRECTION('',(0.,-0.707106781187,-0.707106781187));
#57 = ADVANCED_FACE('',(#58,#93),#104,.F.);
#58 = FACE_BOUND('',#59,.F.);
#59 = EDGE_LOOP('',(#60,#69,#78,#86,#92));
#60 = ORIENTED_EDGE('',*,*,#61,.T.);
#61 = EDGE_CURVE('',#32,#62,#64,.T.);
#62 = VERTEX_POINT('',#63);
#63 = CARTESIAN_POINT('',(113.,209.,89.7));
#64 = CIRCLE('',#65,4.);
#65 = AXIS2_PLACEMENT_3D('',#66,#67,#68);
#66 = CARTESIAN_POINT('',(113.,205.,89.7));
#67 = DIRECTION('',(1.,0.,0.));
#68 = DIRECTION('',(0.,1.,0.));
#69 = ORIENTED_EDGE('',*,*,#70,.T.);
#70 = EDGE_CURVE('',#62,#71,#73,.T.);
#71 = VERTEX_POINT('',#72);
#72 = CARTESIAN_POINT('',(113.,205.,93.7));
#73 = CIRCLE('',#74,4.);
#74 = AXIS2_PLACEMENT_3D('',#75,#76,#77);
#75 = CARTESIAN_POINT('',(113.,205.,89.7));
#76 = DIRECTION('',(1.,0.,0.));
#77 = DIRECTION('',(0.,1.,0.));
#78 = ORIENTED_EDGE('',*,*,#79,.F.);
#79 = EDGE_CURVE('',#80,#71,#82,.T.);
#80 = VERTEX_POINT('',#81);
#81 = CARTESIAN_POINT('',(113.,200.,93.7));
#82 = LINE('',#83,#84);
#83 = CARTESIAN_POINT('',(113.,169.15577775458,93.7));
#84 = VECTOR('',#85,1.);
#85 = DIRECTION('',(0.,1.,0.));
#86 = ORIENTED_EDGE('',*,*,#87,.F.);
#87 = EDGE_CURVE('',#40,#80,#88,.T.);
#88 = LINE('',#89,#90);
#89 = CARTESIAN_POINT('',(113.,200.,0.));
#90 = VECTOR('',#91,1.);
#91 = DIRECTION('',(0.,0.,1.));
#92 = ORIENTED_EDGE('',*,*,#39,.T.);
#93 = FACE_BOUND('',#94,.F.);
#94 = EDGE_LOOP('',(#95));
#95 = ORIENTED_EDGE('',*,*,#96,.F.);
#96 = EDGE_CURVE('',#97,#97,#99,.T.);
#97 = VERTEX_POINT('',#98);
#98 = CARTESIAN_POINT('',(113.,206.5,89.7));
#99 = CIRCLE('',#100,1.5);
#100 = AXIS2_PLACEMENT_3D('',#101,#102,#103);
#101 = CARTESIAN_POINT('',(113.,205.,89.7));
#102 = DIRECTION('',(1.,0.,0.));
#103 = DIRECTION('',(0.,1.,0.));
#104 = PLANE('',#105);
#105 = AXIS2_PLACEMENT_3D('',#106,#107,#108);
#106 = CARTESIAN_POINT('',(113.,209.,0.));
#107 = DIRECTION('',(1.,0.,0.));
#108 = DIRECTION('',(0.,-1.,0.));
#109 = ADVANCED_FACE('',(#110),#144,.F.);
#110 = FACE_BOUND('',#111,.F.);
#111 = EDGE_LOOP('',(#112,#122,#130,#138));
#112 = ORIENTED_EDGE('',*,*,#113,.F.);
#113 = EDGE_CURVE('',#114,#116,#118,.T.);
#114 = VERTEX_POINT('',#115);
#115 = CARTESIAN_POINT('',(32.,207.82842712474,86.871572875254));
#116 = VERTEX_POINT('',#117);
#117 = CARTESIAN_POINT('',(32.,200.,79.043145750508));
#118 = LINE('',#119,#120);
#119 = CARTESIAN_POINT('',(32.,184.15342712474,63.196572875256));
#120 = VECTOR('',#121,1.);
#121 = DIRECTION('',(-0.,-0.707106781187,-0.707106781187));
#122 = ORIENTED_EDGE('',*,*,#123,.T.);
#123 = EDGE_CURVE('',#114,#124,#126,.T.);
#124 = VERTEX_POINT('',#125);
#125 = CARTESIAN_POINT('',(16.,207.82842712474,86.871572875254));
#126 = LINE('',#127,#128);
#127 = CARTESIAN_POINT('',(145.,207.82842712474,86.871572875254));
#128 = VECTOR('',#129,1.);
#129 = DIRECTION('',(-1.,-0.,-0.));
#130 = ORIENTED_EDGE('',*,*,#131,.F.);
#131 = EDGE_CURVE('',#132,#124,#134,.T.);
#132 = VERTEX_POINT('',#133);
#133 = CARTESIAN_POINT('',(16.,200.,79.043145750508));
#134 = LINE('',#135,#136);
#135 = CARTESIAN_POINT('',(16.,186.40342712474,65.446572875256));
#136 = VECTOR('',#137,1.);
#137 = DIRECTION('',(0.,0.707106781187,0.707106781187));
#138 = ORIENTED_EDGE('',*,*,#139,.F.);
#139 = EDGE_CURVE('',#116,#132,#140,.T.);
#140 = LINE('',#141,#142);
#141 = CARTESIAN_POINT('',(145.,200.,79.043145750508));
#142 = VECTOR('',#143,1.);
#143 = DIRECTION('',(-1.,-0.,-0.));
#144 = PLANE('',#145);
#145 = AXIS2_PLACEMENT_3D('',#146,#147,#148);
#146 = CARTESIAN_POINT('',(145.,207.82842712474,86.871572875254));
#147 = DIRECTION('',(0.,-0.707106781187,0.707106781187));
#148 = DIRECTION('',(0.,-0.707106781187,-0.707106781187));
#149 = ADVANCED_FACE('',(#150,#185),#196,.F.);
#150 = FACE_BOUND('',#151,.F.);
#151 = EDGE_LOOP('',(#152,#161,#170,#178,#184));
#152 = ORIENTED_EDGE('',*,*,#153,.T.);
#153 = EDGE_CURVE('',#124,#154,#156,.T.);
#154 = VERTEX_POINT('',#155);
#155 = CARTESIAN_POINT('',(16.,209.,89.7));
#156 = CIRCLE('',#157,4.);
#157 = AXIS2_PLACEMENT_3D('',#158,#159,#160);
#158 = CARTESIAN_POINT('',(16.,205.,89.7));
#159 = DIRECTION('',(1.,0.,0.));
#160 = DIRECTION('',(0.,1.,0.));
#161 = ORIENTED_EDGE('',*,*,#162,.T.);
#162 = EDGE_CURVE('',#154,#163,#165,.T.);
#163 = VERTEX_POINT('',#164);
#164 = CARTESIAN_POINT('',(16.,205.,93.7));
#165 = CIRCLE('',#166,4.);
#166 = AXIS2_PLACEMENT_3D('',#167,#168,#169);
#167 = CARTESIAN_POINT('',(16.,205.,89.7));
#168 = DIRECTION('',(1.,0.,0.));
#169 = DIRECTION('',(0.,1.,0.));
#170 = ORIENTED_EDGE('',*,*,#171,.F.);
#171 = EDGE_CURVE('',#172,#163,#174,.T.);
#172 = VERTEX_POINT('',#173);
#173 = CARTESIAN_POINT('',(16.,200.,93.7));
#174 = LINE('',#175,#176);
#175 = CARTESIAN_POINT('',(16.,169.15577775458,93.7));
#176 = VECTOR('',#177,1.);
#177 = DIRECTION('',(0.,1.,0.));
#178 = ORIENTED_EDGE('',*,*,#179,.F.);
#179 = EDGE_CURVE('',#132,#172,#180,.T.);
#180 = LINE('',#181,#182);
#181 = CARTESIAN_POINT('',(16.,200.,0.));
#182 = VECTOR('',#183,1.);
#183 = DIRECTION('',(0.,0.,1.));
#184 = ORIENTED_EDGE('',*,*,#131,.T.);
#185 = FACE_BOUND('',#186,.F.);
#186 = EDGE_LOOP('',(#187));
#187 = ORIENTED_EDGE('',*,*,#188,.F.);
#188 = EDGE_CURVE('',#189,#189,#191,.T.);
#189 = VERTEX_POINT('',#190);
#190 = CARTESIAN_POINT('',(16.,206.5,89.7));
#191 = CIRCLE('',#192,1.5);
#192 = AXIS2_PLACEMENT_3D('',#193,#194,#195);
#193 = CARTESIAN_POINT('',(16.,205.,89.7));
#194 = DIRECTION('',(1.,0.,0.));
#195 = DIRECTION('',(0.,1.,0.));
#196 = PLANE('',#197);
#197 = AXIS2_PLACEMENT_3D('',#198,#199,#200);
#198 = CARTESIAN_POINT('',(16.,209.,0.));
#199 = DIRECTION('',(1.,0.,0.));
#200 = DIRECTION('',(0.,-1.,0.));
#201 = ADVANCED_FACE('',(#202,#213),#247,.T.);
#202 = FACE_BOUND('',#203,.T.);
#203 = EDGE_LOOP('',(#204));
#204 = ORIENTED_EDGE('',*,*,#205,.F.);
#205 = EDGE_CURVE('',#206,#206,#208,.T.);
#206 = VERTEX_POINT('',#207);
#207 = CARTESIAN_POINT('',(141.7,127.5,91.2));
#208 = CIRCLE('',#209,69.2);
#209 = AXIS2_PLACEMENT_3D('',#210,#211,#212);
#210 = CARTESIAN_POINT('',(72.5,127.5,91.2));
#211 = DIRECTION('',(0.,-2.2E-16,-1.));
#212 = DIRECTION('',(1.,-2.2E-16,4.84E-32));
#213 = FACE_BOUND('',#214,.T.);
#214 = EDGE_LOOP('',(#215,#225,#233,#241));
#215 = ORIENTED_EDGE('',*,*,#216,.T.);
#216 = EDGE_CURVE('',#217,#219,#221,.T.);
#217 = VERTEX_POINT('',#218);
#218 = CARTESIAN_POINT('',(142.5,54.533036603994,91.2));
#219 = VERTEX_POINT('',#220);
#220 = CARTESIAN_POINT('',(2.5,54.533036603994,91.2));
#221 = LINE('',#222,#223);
#222 = CARTESIAN_POINT('',(-3.603E-14,54.533036603994,91.2));
#223 = VECTOR('',#224,1.);
#224 = DIRECTION('',(-1.,2.2E-16,-1.1E-16));
#225 = ORIENTED_EDGE('',*,*,#226,.F.);
#226 = EDGE_CURVE('',#227,#219,#229,.T.);
#227 = VERTEX_POINT('',#228);
#228 = CARTESIAN_POINT('',(2.5,197.5,91.2));
#229 = LINE('',#230,#231);
#230 = CARTESIAN_POINT('',(2.5,152.95367037345,91.2));
#231 = VECTOR('',#232,1.);
#232 = DIRECTION('',(-2.2E-16,-1.,3.3E-16));
#233 = ORIENTED_EDGE('',*,*,#234,.T.);
#234 = EDGE_CURVE('',#227,#235,#237,.T.);
#235 = VERTEX_POINT('',#236);
#236 = CARTESIAN_POINT('',(142.5,197.5,91.2));
#237 = LINE('',#238,#239);
#238 = CARTESIAN_POINT('',(-2.108E-14,197.5,91.2));
#239 = VECTOR('',#240,1.);
#240 = DIRECTION('',(1.,-2.2E-16,1.1E-16));
#241 = ORIENTED_EDGE('',*,*,#242,.T.);
#242 = EDGE_CURVE('',#235,#217,#243,.T.);
#243 = LINE('',#244,#245);
#244 = CARTESIAN_POINT('',(142.5,152.95367037345,91.2));
#245 = VECTOR('',#246,1.);
#246 = DIRECTION('',(-2.2E-16,-1.,3.3E-16));
#247 = PLANE('',#248);
#248 = AXIS2_PLACEMENT_3D('',#249,#250,#251);
#249 = CARTESIAN_POINT('',(-2.081E-14,200.,91.2));
#250 = DIRECTION('',(-0.,-2.2E-16,-1.));
#251 = DIRECTION('',(0.,-1.,2.2E-16));
#252 = ADVANCED_FACE('',(#253),#272,.T.);
#253 = FACE_BOUND('',#254,.T.);
#254 = EDGE_LOOP('',(#255,#263,#264,#265));
#255 = ORIENTED_EDGE('',*,*,#256,.F.);
#256 = EDGE_CURVE('',#206,#257,#259,.T.);
#257 = VERTEX_POINT('',#258);
#258 = CARTESIAN_POINT('',(137.7,127.5,87.2));
#259 = LINE('',#260,#261);
#260 = CARTESIAN_POINT('',(137.7,127.5,87.2));
#261 = VECTOR('',#262,1.);
#262 = DIRECTION('',(-0.707106781187,-0.,-0.707106781187));
#263 = ORIENTED_EDGE('',*,*,#205,.T.);
#264 = ORIENTED_EDGE('',*,*,#256,.T.);
#265 = ORIENTED_EDGE('',*,*,#266,.F.);
#266 = EDGE_CURVE('',#257,#257,#267,.T.);
#267 = CIRCLE('',#268,65.2);
#268 = AXIS2_PLACEMENT_3D('',#269,#270,#271);
#269 = CARTESIAN_POINT('',(72.5,127.5,87.2));
#270 = DIRECTION('',(0.,-2.2E-16,-1.));
#271 = DIRECTION('',(1.,-2.2E-16,4.84E-32));
#272 = CONICAL_SURFACE('',#273,65.2,0.785398163397);
#273 = AXIS2_PLACEMENT_3D('',#274,#275,#276);
#274 = CARTESIAN_POINT('',(72.5,127.5,87.2));
#275 = DIRECTION('',(0.,2.2E-16,1.));
#276 = DIRECTION('',(1.,-2.2E-16,4.84E-32));
#277 = ADVANCED_FACE('',(#278,#303,#314,#325),#413,.F.);
#278 = FACE_BOUND('',#279,.F.);
#279 = EDGE_LOOP('',(#280,#281,#289,#297));
#280 = ORIENTED_EDGE('',*,*,#216,.T.);
#281 = ORIENTED_EDGE('',*,*,#282,.F.);
#282 = EDGE_CURVE('',#283,#219,#285,.T.);
#283 = VERTEX_POINT('',#284);
#284 = CARTESIAN_POINT('',(2.5,2.5,47.539098176555));
#285 = LINE('',#286,#287);
#286 = CARTESIAN_POINT('',(2.5,31.38617740253,71.777478981139));
#287 = VECTOR('',#288,1.);
#288 = DIRECTION('',(1.E-16,0.766044443119,0.642787609687));
#289 = ORIENTED_EDGE('',*,*,#290,.F.);
#290 = EDGE_CURVE('',#291,#283,#293,.T.);
#291 = VERTEX_POINT('',#292);
#292 = CARTESIAN_POINT('',(142.5,2.5,47.539098176555));
#293 = LINE('',#294,#295);
#294 = CARTESIAN_POINT('',(-1.554E-14,2.5,47.539098176555));
#295 = VECTOR('',#296,1.);
#296 = DIRECTION('',(-1.,2.2E-16,-1.1E-16));
#297 = ORIENTED_EDGE('',*,*,#298,.T.);
#298 = EDGE_CURVE('',#291,#217,#299,.T.);
#299 = LINE('',#300,#301);
#300 = CARTESIAN_POINT('',(142.5,31.38617740253,71.777478981139));
#301 = VECTOR('',#302,1.);
#302 = DIRECTION('',(1.E-16,0.766044443119,0.642787609687));
#303 = FACE_BOUND('',#304,.F.);
#304 = EDGE_LOOP('',(#305));
#305 = ORIENTED_EDGE('',*,*,#306,.T.);
#306 = EDGE_CURVE('',#307,#307,#309,.T.);
#307 = VERTEX_POINT('',#308);
#308 = CARTESIAN_POINT('',(131.38,6.90586113769,51.236054632209));
#309 = CIRCLE('',#310,5.);
#310 = AXIS2_PLACEMENT_3D('',#311,#312,#313);
#311 = CARTESIAN_POINT('',(126.38,6.90586113769,51.236054632209));
#312 = DIRECTION('',(0.,0.642787609687,-0.766044443119));
#313 = DIRECTION('',(1.,0.,0.));
#314 = FACE_BOUND('',#315,.F.);
#315 = EDGE_LOOP('',(#316));
#316 = ORIENTED_EDGE('',*,*,#317,.T.);
#317 = EDGE_CURVE('',#318,#318,#320,.T.);
#318 = VERTEX_POINT('',#319);
#319 = CARTESIAN_POINT('',(131.38,48.946380176059,86.512238651806));
#320 = CIRCLE('',#321,5.);
#321 = AXIS2_PLACEMENT_3D('',#322,#323,#324);
#322 = CARTESIAN_POINT('',(126.38,48.946380176059,86.512238651806));
#323 = DIRECTION('',(0.,0.642787609687,-0.766044443119));
#324 = DIRECTION('',(1.,0.,0.));
#325 = FACE_BOUND('',#326,.F.);
#326 = EDGE_LOOP('',(#327,#338,#347,#355,#364,#373,#381,#390,#398,#407)
  );
#327 = ORIENTED_EDGE('',*,*,#328,.F.);
#328 = EDGE_CURVE('',#329,#331,#333,.T.);
#329 = VERTEX_POINT('',#330);
#330 = CARTESIAN_POINT('',(29.124233628988,5.696518036883,
    50.221295282355));
#331 = VERTEX_POINT('',#332);
#332 = CARTESIAN_POINT('',(30.74,5.067354474204,49.693364368961));
#333 = CIRCLE('',#334,2.);
#334 = AXIS2_PLACEMENT_3D('',#335,#336,#337);
#335 = CARTESIAN_POINT('',(30.74,6.599443360442,50.978939588334));
#336 = DIRECTION('',(6.162975822039E-33,-0.642787609687,0.766044443119)
  );
#337 = DIRECTION('',(-1.1E-16,0.766044443119,0.642787609687));
#338 = ORIENTED_EDGE('',*,*,#339,.T.);
#339 = EDGE_CURVE('',#329,#340,#342,.T.);
#340 = VERTEX_POINT('',#341);
#341 = CARTESIAN_POINT('',(28.74,8.780777408286,52.809296183354));
#342 = CIRCLE('',#343,5.);
#343 = AXIS2_PLACEMENT_3D('',#344,#345,#346);
#344 = CARTESIAN_POINT('',(24.38,6.90586113769,51.236054632209));
#345 = DIRECTION('',(0.,0.642787609687,-0.766044443119));
#346 = DIRECTION('',(1.,0.,0.));
#347 = ORIENTED_EDGE('',*,*,#348,.T.);
#348 = EDGE_CURVE('',#340,#349,#351,.T.);
#349 = VERTEX_POINT('',#350);
#350 = CARTESIAN_POINT('',(28.74,47.071463905463,84.93899710066));
#351 = LINE('',#352,#353);
#352 = CARTESIAN_POINT('',(28.74,6.599443360442,50.978939588334));
#353 = VECTOR('',#354,1.);
#354 = DIRECTION('',(0.,0.766044443119,0.642787609687));
#355 = ORIENTED_EDGE('',*,*,#356,.T.);
#356 = EDGE_CURVE('',#349,#357,#359,.T.);
#357 = VERTEX_POINT('',#358);
#358 = CARTESIAN_POINT('',(29.124233628988,50.155723276866,
    87.526998001659));
#359 = CIRCLE('',#360,5.);
#360 = AXIS2_PLACEMENT_3D('',#361,#362,#363);
#361 = CARTESIAN_POINT('',(24.38,48.946380176059,86.512238651806));
#362 = DIRECTION('',(0.,0.642787609687,-0.766044443119));
#363 = DIRECTION('',(1.,0.,0.));
#364 = ORIENTED_EDGE('',*,*,#365,.F.);
#365 = EDGE_CURVE('',#366,#357,#368,.T.);
#366 = VERTEX_POINT('',#367);
#367 = CARTESIAN_POINT('',(30.74,50.784886839545,88.054928915054));
#368 = CIRCLE('',#369,2.);
#369 = AXIS2_PLACEMENT_3D('',#370,#371,#372);
#370 = CARTESIAN_POINT('',(30.74,49.252797953307,86.76935369568));
#371 = DIRECTION('',(0.,-0.642787609687,0.766044443119));
#372 = DIRECTION('',(1.,9.192533317428E-17,7.713451316238E-17));
#373 = ORIENTED_EDGE('',*,*,#374,.T.);
#374 = EDGE_CURVE('',#366,#375,#377,.T.);
#375 = VERTEX_POINT('',#376);
#376 = CARTESIAN_POINT('',(114.26,50.784886839545,88.054928915054));
#377 = LINE('',#378,#379);
#378 = CARTESIAN_POINT('',(30.74,50.784886839545,88.054928915054));
#379 = VECTOR('',#380,1.);
#380 = DIRECTION('',(1.,0.,0.));
#381 = ORIENTED_EDGE('',*,*,#382,.F.);
#382 = EDGE_CURVE('',#383,#375,#385,.T.);
#383 = VERTEX_POINT('',#384);
#384 = CARTESIAN_POINT('',(116.26,49.252797953307,86.76935369568));
#385 = CIRCLE('',#386,2.);
#386 = AXIS2_PLACEMENT_3D('',#387,#388,#389);
#387 = CARTESIAN_POINT('',(114.26,49.252797953307,86.76935369568));
#388 = DIRECTION('',(-6.162975822039E-33,-0.642787609687,0.766044443119)
  );
#389 = DIRECTION('',(-1.1E-16,-0.766044443119,-0.642787609687));
#390 = ORIENTED_EDGE('',*,*,#391,.T.);
#391 = EDGE_CURVE('',#383,#392,#394,.T.);
#392 = VERTEX_POINT('',#393);
#393 = CARTESIAN_POINT('',(116.26,6.599443360442,50.978939588334));
#394 = LINE('',#395,#396);
#395 = CARTESIAN_POINT('',(116.26,49.252797953307,86.76935369568));
#396 = VECTOR('',#397,1.);
#397 = DIRECTION('',(0.,-0.766044443119,-0.642787609687));
#398 = ORIENTED_EDGE('',*,*,#399,.F.);
#399 = EDGE_CURVE('',#400,#392,#402,.T.);
#400 = VERTEX_POINT('',#401);
#401 = CARTESIAN_POINT('',(114.26,5.067354474204,49.693364368961));
#402 = CIRCLE('',#403,2.);
#403 = AXIS2_PLACEMENT_3D('',#404,#405,#406);
#404 = CARTESIAN_POINT('',(114.26,6.599443360442,50.978939588334));
#405 = DIRECTION('',(-0.,-0.642787609687,0.766044443119));
#406 = DIRECTION('',(-1.,0.,-0.));
#407 = ORIENTED_EDGE('',*,*,#408,.T.);
#408 = EDGE_CURVE('',#400,#331,#409,.T.);
#409 = LINE('',#410,#411);
#410 = CARTESIAN_POINT('',(114.26,5.067354474204,49.693364368961));
#411 = VECTOR('',#412,1.);
#412 = DIRECTION('',(-1.,0.,-0.));
#413 = PLANE('',#414);
#414 = AXIS2_PLACEMENT_3D('',#415,#416,#417);
#415 = CARTESIAN_POINT('',(-1.046E-14,1.606969024216,46.789756214145));
#416 = DIRECTION('',(-1.4E-16,-0.642787609687,0.766044443119));
#417 = DIRECTION('',(-1.4E-16,0.766044443119,0.642787609687));
#418 = ADVANCED_FACE('',(#419,#445,#456,#467),#478,.F.);
#419 = FACE_BOUND('',#420,.F.);
#420 = EDGE_LOOP('',(#421,#429,#437,#443,#444));
#421 = ORIENTED_EDGE('',*,*,#422,.T.);
#422 = EDGE_CURVE('',#291,#423,#425,.T.);
#423 = VERTEX_POINT('',#424);
#424 = CARTESIAN_POINT('',(142.5,2.5,1.8E-14));
#425 = LINE('',#426,#427);
#426 = CARTESIAN_POINT('',(142.5,2.5,46.074341749793));
#427 = VECTOR('',#428,1.);
#428 = DIRECTION('',(1.1E-16,-1.1E-16,-1.));
#429 = ORIENTED_EDGE('',*,*,#430,.T.);
#430 = EDGE_CURVE('',#423,#431,#433,.T.);
#431 = VERTEX_POINT('',#432);
#432 = CARTESIAN_POINT('',(142.5,197.5,-4.5E-14));
#433 = LINE('',#434,#435);
#434 = CARTESIAN_POINT('',(142.5,-3.164E-14,1.582E-14));
#435 = VECTOR('',#436,1.);
#436 = DIRECTION('',(0.,1.,-3.3E-16));
#437 = ORIENTED_EDGE('',*,*,#438,.T.);
#438 = EDGE_CURVE('',#431,#235,#439,.T.);
#439 = LINE('',#440,#441);
#440 = CARTESIAN_POINT('',(142.5,197.5,21.721908088821));
#441 = VECTOR('',#442,1.);
#442 = DIRECTION('',(-1.1E-16,1.1E-16,1.));
#443 = ORIENTED_EDGE('',*,*,#242,.T.);
#444 = ORIENTED_EDGE('',*,*,#298,.F.);
#445 = FACE_BOUND('',#446,.F.);
#446 = EDGE_LOOP('',(#447));
#447 = ORIENTED_EDGE('',*,*,#448,.T.);
#448 = EDGE_CURVE('',#449,#449,#451,.T.);
#449 = VERTEX_POINT('',#450);
#450 = CARTESIAN_POINT('',(142.5,181.5,7.3));
#451 = CIRCLE('',#452,1.7);
#452 = AXIS2_PLACEMENT_3D('',#453,#454,#455);
#453 = CARTESIAN_POINT('',(142.5,181.5,5.6));
#454 = DIRECTION('',(-1.,-4.930380657631E-32,-6.661338147751E-16));
#455 = DIRECTION('',(-6.661338147751E-16,-1.642146637881E-47,1.));
#456 = FACE_BOUND('',#457,.F.);
#457 = EDGE_LOOP('',(#458));
#458 = ORIENTED_EDGE('',*,*,#459,.T.);
#459 = EDGE_CURVE('',#460,#460,#462,.T.);
#460 = VERTEX_POINT('',#461);
#461 = CARTESIAN_POINT('',(142.5,100.,7.3));
#462 = CIRCLE('',#463,1.7);
#463 = AXIS2_PLACEMENT_3D('',#464,#465,#466);
#464 = CARTESIAN_POINT('',(142.5,100.,5.6));
#465 = DIRECTION('',(-1.,-4.930380657631E-32,-6.661338147751E-16));
#466 = DIRECTION('',(-6.661338147751E-16,-1.642146637881E-47,1.));
#467 = FACE_BOUND('',#468,.F.);
#468 = EDGE_LOOP('',(#469));
#469 = ORIENTED_EDGE('',*,*,#470,.T.);
#470 = EDGE_CURVE('',#471,#471,#473,.T.);
#471 = VERTEX_POINT('',#472);
#472 = CARTESIAN_POINT('',(142.5,18.5,7.3));
#473 = CIRCLE('',#474,1.7);
#474 = AXIS2_PLACEMENT_3D('',#475,#476,#477);
#475 = CARTESIAN_POINT('',(142.5,18.5,5.6));
#476 = DIRECTION('',(-1.,-4.930380657631E-32,-6.661338147751E-16));
#477 = DIRECTION('',(-6.661338147751E-16,-1.642146637881E-47,1.));
#478 = PLANE('',#479);
#479 = AXIS2_PLACEMENT_3D('',#480,#481,#482);
#480 = CARTESIAN_POINT('',(142.5,105.9073407469,43.443816177643));
#481 = DIRECTION('',(1.,0.,0.));
#482 = DIRECTION('',(0.,0.,1.));
#483 = ADVANCED_FACE('',(#484,#510,#521,#532),#543,.T.);
#484 = FACE_BOUND('',#485,.T.);
#485 = EDGE_LOOP('',(#486,#494,#502,#508,#509));
#486 = ORIENTED_EDGE('',*,*,#487,.T.);
#487 = EDGE_CURVE('',#283,#488,#490,.T.);
#488 = VERTEX_POINT('',#489);
#489 = CARTESIAN_POINT('',(2.5,2.5,0.));
#490 = LINE('',#491,#492);
#491 = CARTESIAN_POINT('',(2.5,2.5,46.074341749793));
#492 = VECTOR('',#493,1.);
#493 = DIRECTION('',(1.1E-16,-1.1E-16,-1.));
#494 = ORIENTED_EDGE('',*,*,#495,.T.);
#495 = EDGE_CURVE('',#488,#496,#498,.T.);
#496 = VERTEX_POINT('',#497);
#497 = CARTESIAN_POINT('',(2.5,197.5,-6.1E-14));
#498 = LINE('',#499,#500);
#499 = CARTESIAN_POINT('',(2.5,-5.6E-16,2.8E-16));
#500 = VECTOR('',#501,1.);
#501 = DIRECTION('',(0.,1.,-3.3E-16));
#502 = ORIENTED_EDGE('',*,*,#503,.T.);
#503 = EDGE_CURVE('',#496,#227,#504,.T.);
#504 = LINE('',#505,#506);
#505 = CARTESIAN_POINT('',(2.5,197.5,21.721908088821));
#506 = VECTOR('',#507,1.);
#507 = DIRECTION('',(-1.1E-16,1.1E-16,1.));
#508 = ORIENTED_EDGE('',*,*,#226,.T.);
#509 = ORIENTED_EDGE('',*,*,#282,.F.);
#510 = FACE_BOUND('',#511,.T.);
#511 = EDGE_LOOP('',(#512));
#512 = ORIENTED_EDGE('',*,*,#513,.F.);
#513 = EDGE_CURVE('',#514,#514,#516,.T.);
#514 = VERTEX_POINT('',#515);
#515 = CARTESIAN_POINT('',(2.5,181.5,7.3));
#516 = CIRCLE('',#517,1.7);
#517 = AXIS2_PLACEMENT_3D('',#518,#519,#520);
#518 = CARTESIAN_POINT('',(2.5,181.5,5.6));
#519 = DIRECTION('',(1.,0.,-0.));
#520 = DIRECTION('',(0.,0.,1.));
#521 = FACE_BOUND('',#522,.T.);
#522 = EDGE_LOOP('',(#523));
#523 = ORIENTED_EDGE('',*,*,#524,.F.);
#524 = EDGE_CURVE('',#525,#525,#527,.T.);
#525 = VERTEX_POINT('',#526);
#526 = CARTESIAN_POINT('',(2.5,100.,7.3));
#527 = CIRCLE('',#528,1.7);
#528 = AXIS2_PLACEMENT_3D('',#529,#530,#531);
#529 = CARTESIAN_POINT('',(2.5,100.,5.6));
#530 = DIRECTION('',(1.,0.,-0.));
#531 = DIRECTION('',(0.,0.,1.));
#532 = FACE_BOUND('',#533,.T.);
#533 = EDGE_LOOP('',(#534));
#534 = ORIENTED_EDGE('',*,*,#535,.F.);
#535 = EDGE_CURVE('',#536,#536,#538,.T.);
#536 = VERTEX_POINT('',#537);
#537 = CARTESIAN_POINT('',(2.5,18.5,7.3));
#538 = CIRCLE('',#539,1.7);
#539 = AXIS2_PLACEMENT_3D('',#540,#541,#542);
#540 = CARTESIAN_POINT('',(2.5,18.5,5.6));
#541 = DIRECTION('',(1.,0.,-0.));
#542 = DIRECTION('',(0.,0.,1.));
#543 = PLANE('',#544);
#544 = AXIS2_PLACEMENT_3D('',#545,#546,#547);
#545 = CARTESIAN_POINT('',(2.5,105.9073407469,43.443816177643));
#546 = DIRECTION('',(1.,0.,0.));
#547 = DIRECTION('',(0.,0.,1.));
#548 = ADVANCED_FACE('',(#549),#610,.T.);
#549 = FACE_BOUND('',#550,.T.);
#550 = EDGE_LOOP('',(#551,#561,#567,#568,#569,#570,#578,#586,#595,#603)
  );
#551 = ORIENTED_EDGE('',*,*,#552,.T.);
#552 = EDGE_CURVE('',#553,#555,#557,.T.);
#553 = VERTEX_POINT('',#554);
#554 = CARTESIAN_POINT('',(36.5,197.5,12.5));
#555 = VERTEX_POINT('',#556);
#556 = CARTESIAN_POINT('',(36.5,197.5,-2.2E-14));
#557 = LINE('',#558,#559);
#558 = CARTESIAN_POINT('',(36.5,197.5,10.25));
#559 = VECTOR('',#560,1.);
#560 = DIRECTION('',(0.,-1.1E-16,-1.));
#561 = ORIENTED_EDGE('',*,*,#562,.T.);
#562 = EDGE_CURVE('',#555,#431,#563,.T.);
#563 = LINE('',#564,#565);
#564 = CARTESIAN_POINT('',(-5.6E-16,197.5,-4.441E-14));
#565 = VECTOR('',#566,1.);
#566 = DIRECTION('',(1.,-2.2E-16,0.));
#567 = ORIENTED_EDGE('',*,*,#438,.T.);
#568 = ORIENTED_EDGE('',*,*,#234,.F.);
#569 = ORIENTED_EDGE('',*,*,#503,.F.);
#570 = ORIENTED_EDGE('',*,*,#571,.T.);
#571 = EDGE_CURVE('',#496,#572,#574,.T.);
#572 = VERTEX_POINT('',#573);
#573 = CARTESIAN_POINT('',(18.5,197.5,-2.2E-14));
#574 = LINE('',#575,#576);
#575 = CARTESIAN_POINT('',(-5.6E-16,197.5,-4.441E-14));
#576 = VECTOR('',#577,1.);
#577 = DIRECTION('',(1.,-2.2E-16,0.));
#578 = ORIENTED_EDGE('',*,*,#579,.T.);
#579 = EDGE_CURVE('',#572,#580,#582,.T.);
#580 = VERTEX_POINT('',#581);
#581 = CARTESIAN_POINT('',(18.5,197.5,12.5));
#582 = LINE('',#583,#584);
#583 = CARTESIAN_POINT('',(18.5,197.5,-4.413E-14));
#584 = VECTOR('',#585,1.);
#585 = DIRECTION('',(0.,1.1E-16,1.));
#586 = ORIENTED_EDGE('',*,*,#587,.F.);
#587 = EDGE_CURVE('',#588,#580,#590,.T.);
#588 = VERTEX_POINT('',#589);
#589 = CARTESIAN_POINT('',(26.5,197.5,20.5));
#590 = CIRCLE('',#591,8.);
#591 = AXIS2_PLACEMENT_3D('',#592,#593,#594);
#592 = CARTESIAN_POINT('',(26.5,197.5,12.5));
#593 = DIRECTION('',(0.,-1.,2.2E-16));
#594 = DIRECTION('',(0.,-2.2E-16,-1.));
#595 = ORIENTED_EDGE('',*,*,#596,.T.);
#596 = EDGE_CURVE('',#588,#597,#599,.T.);
#597 = VERTEX_POINT('',#598);
#598 = CARTESIAN_POINT('',(28.5,197.5,20.5));
#599 = LINE('',#600,#601);
#600 = CARTESIAN_POINT('',(9.25,197.5,20.5));
#601 = VECTOR('',#602,1.);
#602 = DIRECTION('',(1.,-2.2E-16,0.));
#603 = ORIENTED_EDGE('',*,*,#604,.F.);
#604 = EDGE_CURVE('',#553,#597,#605,.T.);
#605 = CIRCLE('',#606,8.);
#606 = AXIS2_PLACEMENT_3D('',#607,#608,#609);
#607 = CARTESIAN_POINT('',(28.5,197.5,12.5));
#608 = DIRECTION('',(0.,-1.,2.2E-16));
#609 = DIRECTION('',(0.,-2.2E-16,-1.));
#610 = PLANE('',#611);
#611 = AXIS2_PLACEMENT_3D('',#612,#613,#614);
#612 = CARTESIAN_POINT('',(-5.6E-16,197.5,-4.441E-14));
#613 = DIRECTION('',(-2.2E-16,-1.,-0.));
#614 = DIRECTION('',(-2.2E-16,4.84E-32,1.));
#615 = ADVANCED_FACE('',(#616),#635,.T.);
#616 = FACE_BOUND('',#617,.F.);
#617 = EDGE_LOOP('',(#618,#626,#633,#634));
#618 = ORIENTED_EDGE('',*,*,#619,.T.);
#619 = EDGE_CURVE('',#257,#620,#622,.T.);
#620 = VERTEX_POINT('',#621);
#621 = CARTESIAN_POINT('',(137.7,127.5,71.2));
#622 = LINE('',#623,#624);
#623 = CARTESIAN_POINT('',(137.7,127.5,91.2));
#624 = VECTOR('',#625,1.);
#625 = DIRECTION('',(0.,0.,-1.));
#626 = ORIENTED_EDGE('',*,*,#627,.T.);
#627 = EDGE_CURVE('',#620,#620,#628,.T.);
#628 = CIRCLE('',#629,65.2);
#629 = AXIS2_PLACEMENT_3D('',#630,#631,#632);
#630 = CARTESIAN_POINT('',(72.5,127.5,71.2));
#631 = DIRECTION('',(0.,0.,-1.));
#632 = DIRECTION('',(1.,0.,0.));
#633 = ORIENTED_EDGE('',*,*,#619,.F.);
#634 = ORIENTED_EDGE('',*,*,#266,.F.);
#635 = CYLINDRICAL_SURFACE('',#636,65.2);
#636 = AXIS2_PLACEMENT_3D('',#637,#638,#639);
#637 = CARTESIAN_POINT('',(72.5,127.5,91.2));
#638 = DIRECTION('',(0.,0.,1.));
#639 = DIRECTION('',(1.,0.,0.));
#640 = ADVANCED_FACE('',(#641),#652,.T.);
#641 = FACE_BOUND('',#642,.T.);
#642 = EDGE_LOOP('',(#643,#649,#650,#651));
#643 = ORIENTED_EDGE('',*,*,#644,.F.);
#644 = EDGE_CURVE('',#488,#423,#645,.T.);
#645 = LINE('',#646,#647);
#646 = CARTESIAN_POINT('',(5.6E-16,2.5,0.));
#647 = VECTOR('',#648,1.);
#648 = DIRECTION('',(1.,-2.2E-16,0.));
#649 = ORIENTED_EDGE('',*,*,#487,.F.);
#650 = ORIENTED_EDGE('',*,*,#290,.F.);
#651 = ORIENTED_EDGE('',*,*,#422,.T.);
#652 = PLANE('',#653);
#653 = AXIS2_PLACEMENT_3D('',#654,#655,#656);
#654 = CARTESIAN_POINT('',(-1.026E-14,2.5,48.704867321942));
#655 = DIRECTION('',(2.2E-16,1.,0.));
#656 = DIRECTION('',(2.2E-16,-4.84E-32,-1.));
#657 = ADVANCED_FACE('',(#658),#711,.T.);
#658 = FACE_BOUND('',#659,.F.);
#659 = EDGE_LOOP('',(#660,#661,#669,#678,#686,#695,#703,#710));
#660 = ORIENTED_EDGE('',*,*,#306,.F.);
#661 = ORIENTED_EDGE('',*,*,#662,.T.);
#662 = EDGE_CURVE('',#307,#663,#665,.T.);
#663 = VERTEX_POINT('',#664);
#664 = CARTESIAN_POINT('',(131.38,10.023381044669,47.520739083081));
#665 = LINE('',#666,#667);
#666 = CARTESIAN_POINT('',(131.38,6.90586113769,51.236054632209));
#667 = VECTOR('',#668,1.);
#668 = DIRECTION('',(0.,0.642787609687,-0.766044443119));
#669 = ORIENTED_EDGE('',*,*,#670,.T.);
#670 = EDGE_CURVE('',#663,#671,#673,.T.);
#671 = VERTEX_POINT('',#672);
#672 = CARTESIAN_POINT('',(123.66,6.809498208907,44.823971180946));
#673 = CIRCLE('',#674,5.);
#674 = AXIS2_PLACEMENT_3D('',#675,#676,#677);
#675 = CARTESIAN_POINT('',(126.38,10.023381044669,47.520739083081));
#676 = DIRECTION('',(0.,0.642787609687,-0.766044443119));
#677 = DIRECTION('',(1.,0.,0.));
#678 = ORIENTED_EDGE('',*,*,#679,.T.);
#679 = EDGE_CURVE('',#671,#680,#682,.T.);
#680 = VERTEX_POINT('',#681);
#681 = CARTESIAN_POINT('',(123.66,4.01337210677,48.156264508513));
#682 = LINE('',#683,#684);
#683 = CARTESIAN_POINT('',(123.66,3.691978301927,48.539286730073));
#684 = VECTOR('',#685,1.);
#685 = DIRECTION('',(0.,-0.642787609687,0.766044443119));
#686 = ORIENTED_EDGE('',*,*,#687,.F.);
#687 = EDGE_CURVE('',#688,#680,#690,.T.);
#688 = VERTEX_POINT('',#689);
#689 = CARTESIAN_POINT('',(123.66,10.441137778296,53.549800312785));
#690 = CIRCLE('',#691,5.);
#691 = AXIS2_PLACEMENT_3D('',#692,#693,#694);
#692 = CARTESIAN_POINT('',(126.38,7.227254942533,50.853032410649));
#693 = DIRECTION('',(0.,-0.642787609687,0.766044443119));
#694 = DIRECTION('',(1.,0.,0.));
#695 = ORIENTED_EDGE('',*,*,#696,.F.);
#696 = EDGE_CURVE('',#697,#688,#699,.T.);
#697 = VERTEX_POINT('',#698);
#698 = CARTESIAN_POINT('',(123.66,13.237263880432,50.217506985217));
#699 = LINE('',#700,#701);
#700 = CARTESIAN_POINT('',(123.66,10.119743973453,53.932822534344));
#701 = VECTOR('',#702,1.);
#702 = DIRECTION('',(0.,-0.642787609687,0.766044443119));
#703 = ORIENTED_EDGE('',*,*,#704,.T.);
#704 = EDGE_CURVE('',#697,#663,#705,.T.);
#705 = CIRCLE('',#706,5.);
#706 = AXIS2_PLACEMENT_3D('',#707,#708,#709);
#707 = CARTESIAN_POINT('',(126.38,10.023381044669,47.520739083081));
#708 = DIRECTION('',(0.,0.642787609687,-0.766044443119));
#709 = DIRECTION('',(1.,0.,0.));
#710 = ORIENTED_EDGE('',*,*,#662,.F.);
#711 = CYLINDRICAL_SURFACE('',#712,5.);
#712 = AXIS2_PLACEMENT_3D('',#713,#714,#715);
#713 = CARTESIAN_POINT('',(126.38,6.90586113769,51.236054632209));
#714 = DIRECTION('',(0.,-0.642787609687,0.766044443119));
#715 = DIRECTION('',(1.,0.,0.));
#716 = ADVANCED_FACE('',(#717),#770,.T.);
#717 = FACE_BOUND('',#718,.F.);
#718 = EDGE_LOOP('',(#719,#720,#728,#737,#745,#754,#762,#769));
#719 = ORIENTED_EDGE('',*,*,#317,.F.);
#720 = ORIENTED_EDGE('',*,*,#721,.T.);
#721 = EDGE_CURVE('',#318,#722,#724,.T.);
#722 = VERTEX_POINT('',#723);
#723 = CARTESIAN_POINT('',(131.38,52.063900083039,82.796923102679));
#724 = LINE('',#725,#726);
#725 = CARTESIAN_POINT('',(131.38,48.946380176059,86.512238651806));
#726 = VECTOR('',#727,1.);
#727 = DIRECTION('',(0.,0.642787609687,-0.766044443119));
#728 = ORIENTED_EDGE('',*,*,#729,.T.);
#729 = EDGE_CURVE('',#722,#730,#732,.T.);
#730 = VERTEX_POINT('',#731);
#731 = CARTESIAN_POINT('',(123.66,48.850017247276,80.100155200543));
#732 = CIRCLE('',#733,5.);
#733 = AXIS2_PLACEMENT_3D('',#734,#735,#736);
#734 = CARTESIAN_POINT('',(126.38,52.063900083039,82.796923102679));
#735 = DIRECTION('',(0.,0.642787609687,-0.766044443119));
#736 = DIRECTION('',(1.,0.,0.));
#737 = ORIENTED_EDGE('',*,*,#738,.T.);
#738 = EDGE_CURVE('',#730,#739,#741,.T.);
#739 = VERTEX_POINT('',#740);
#740 = CARTESIAN_POINT('',(123.66,46.053891145139,83.432448528111));
#741 = LINE('',#742,#743);
#742 = CARTESIAN_POINT('',(123.66,45.732497340296,83.81547074967));
#743 = VECTOR('',#744,1.);
#744 = DIRECTION('',(0.,-0.642787609687,0.766044443119));
#745 = ORIENTED_EDGE('',*,*,#746,.F.);
#746 = EDGE_CURVE('',#747,#739,#749,.T.);
#747 = VERTEX_POINT('',#748);
#748 = CARTESIAN_POINT('',(123.66,52.481656816666,88.825984332382));
#749 = CIRCLE('',#750,5.);
#750 = AXIS2_PLACEMENT_3D('',#751,#752,#753);
#751 = CARTESIAN_POINT('',(126.38,49.267773980903,86.129216430246));
#752 = DIRECTION('',(0.,-0.642787609687,0.766044443119));
#753 = DIRECTION('',(1.,0.,0.));
#754 = ORIENTED_EDGE('',*,*,#755,.F.);
#755 = EDGE_CURVE('',#756,#747,#758,.T.);
#756 = VERTEX_POINT('',#757);
#757 = CARTESIAN_POINT('',(123.66,55.277782918802,85.493691004814));
#758 = LINE('',#759,#760);
#759 = CARTESIAN_POINT('',(123.66,52.160263011822,89.209006553941));
#760 = VECTOR('',#761,1.);
#761 = DIRECTION('',(0.,-0.642787609687,0.766044443119));
#762 = ORIENTED_EDGE('',*,*,#763,.T.);
#763 = EDGE_CURVE('',#756,#722,#764,.T.);
#764 = CIRCLE('',#765,5.);
#765 = AXIS2_PLACEMENT_3D('',#766,#767,#768);
#766 = CARTESIAN_POINT('',(126.38,52.063900083039,82.796923102679));
#767 = DIRECTION('',(0.,0.642787609687,-0.766044443119));
#768 = DIRECTION('',(1.,0.,0.));
#769 = ORIENTED_EDGE('',*,*,#721,.F.);
#770 = CYLINDRICAL_SURFACE('',#771,5.);
#771 = AXIS2_PLACEMENT_3D('',#772,#773,#774);
#772 = CARTESIAN_POINT('',(126.38,48.946380176059,86.512238651806));
#773 = DIRECTION('',(0.,-0.642787609687,0.766044443119));
#774 = DIRECTION('',(1.,0.,0.));
#775 = ADVANCED_FACE('',(#776),#802,.T.);
#776 = FACE_BOUND('',#777,.T.);
#777 = EDGE_LOOP('',(#778,#779,#787,#796));
#778 = ORIENTED_EDGE('',*,*,#328,.F.);
#779 = ORIENTED_EDGE('',*,*,#780,.F.);
#780 = EDGE_CURVE('',#781,#329,#783,.T.);
#781 = VERTEX_POINT('',#782);
#782 = CARTESIAN_POINT('',(29.124233628988,6.017911841727,
    49.838273060796));
#783 = LINE('',#784,#785);
#784 = CARTESIAN_POINT('',(29.124233628988,5.696518036883,
    50.221295282355));
#785 = VECTOR('',#786,1.);
#786 = DIRECTION('',(0.,-0.642787609687,0.766044443119));
#787 = ORIENTED_EDGE('',*,*,#788,.T.);
#788 = EDGE_CURVE('',#781,#789,#791,.T.);
#789 = VERTEX_POINT('',#790);
#790 = CARTESIAN_POINT('',(30.74,5.388748279047,49.310342147401));
#791 = CIRCLE('',#792,2.);
#792 = AXIS2_PLACEMENT_3D('',#793,#794,#795);
#793 = CARTESIAN_POINT('',(30.74,6.920837165285,50.595917366774));
#794 = DIRECTION('',(6.162975822039E-33,-0.642787609687,0.766044443119)
  );
#795 = DIRECTION('',(-1.1E-16,0.766044443119,0.642787609687));
#796 = ORIENTED_EDGE('',*,*,#797,.F.);
#797 = EDGE_CURVE('',#331,#789,#798,.T.);
#798 = LINE('',#799,#800);
#799 = CARTESIAN_POINT('',(30.74,5.067354474204,49.693364368961));
#800 = VECTOR('',#801,1.);
#801 = DIRECTION('',(0.,0.642787609687,-0.766044443119));
#802 = CYLINDRICAL_SURFACE('',#803,2.);
#803 = AXIS2_PLACEMENT_3D('',#804,#805,#806);
#804 = CARTESIAN_POINT('',(30.74,6.599443360442,50.978939588334));
#805 = DIRECTION('',(0.,-0.642787609687,0.766044443119));
#806 = DIRECTION('',(-1.1E-16,0.766044443119,0.642787609687));
#807 = ADVANCED_FACE('',(#808),#826,.F.);
#808 = FACE_BOUND('',#809,.F.);
#809 = EDGE_LOOP('',(#810,#818,#824,#825));
#810 = ORIENTED_EDGE('',*,*,#811,.T.);
#811 = EDGE_CURVE('',#400,#812,#814,.T.);
#812 = VERTEX_POINT('',#813);
#813 = CARTESIAN_POINT('',(114.26,5.388748279047,49.310342147401));
#814 = LINE('',#815,#816);
#815 = CARTESIAN_POINT('',(114.26,5.067354474204,49.693364368961));
#816 = VECTOR('',#817,1.);
#817 = DIRECTION('',(0.,0.642787609687,-0.766044443119));
#818 = ORIENTED_EDGE('',*,*,#819,.T.);
#819 = EDGE_CURVE('',#812,#789,#820,.T.);
#820 = LINE('',#821,#822);
#821 = CARTESIAN_POINT('',(114.26,5.388748279047,49.310342147401));
#822 = VECTOR('',#823,1.);
#823 = DIRECTION('',(-1.,0.,-0.));
#824 = ORIENTED_EDGE('',*,*,#797,.F.);
#825 = ORIENTED_EDGE('',*,*,#408,.F.);
#826 = PLANE('',#827);
#827 = AXIS2_PLACEMENT_3D('',#828,#829,#830);
#828 = CARTESIAN_POINT('',(114.26,5.067354474204,49.693364368961));
#829 = DIRECTION('',(0.,0.766044443119,0.642787609687));
#830 = DIRECTION('',(-1.,0.,0.));
#831 = ADVANCED_FACE('',(#832),#851,.T.);
#832 = FACE_BOUND('',#833,.T.);
#833 = EDGE_LOOP('',(#834,#835,#844,#850));
#834 = ORIENTED_EDGE('',*,*,#811,.T.);
#835 = ORIENTED_EDGE('',*,*,#836,.T.);
#836 = EDGE_CURVE('',#812,#837,#839,.T.);
#837 = VERTEX_POINT('',#838);
#838 = CARTESIAN_POINT('',(116.26,6.920837165285,50.595917366774));
#839 = CIRCLE('',#840,2.);
#840 = AXIS2_PLACEMENT_3D('',#841,#842,#843);
#841 = CARTESIAN_POINT('',(114.26,6.920837165285,50.595917366774));
#842 = DIRECTION('',(-0.,-0.642787609687,0.766044443119));
#843 = DIRECTION('',(-1.,0.,-0.));
#844 = ORIENTED_EDGE('',*,*,#845,.F.);
#845 = EDGE_CURVE('',#392,#837,#846,.T.);
#846 = LINE('',#847,#848);
#847 = CARTESIAN_POINT('',(116.26,6.599443360442,50.978939588334));
#848 = VECTOR('',#849,1.);
#849 = DIRECTION('',(0.,0.642787609687,-0.766044443119));
#850 = ORIENTED_EDGE('',*,*,#399,.F.);
#851 = CYLINDRICAL_SURFACE('',#852,2.);
#852 = AXIS2_PLACEMENT_3D('',#853,#854,#855);
#853 = CARTESIAN_POINT('',(114.26,6.599443360442,50.978939588334));
#854 = DIRECTION('',(0.,-0.642787609687,0.766044443119));
#855 = DIRECTION('',(-1.,0.,0.));
#856 = ADVANCED_FACE('',(#857),#875,.F.);
#857 = FACE_BOUND('',#858,.F.);
#858 = EDGE_LOOP('',(#859,#867,#873,#874));
#859 = ORIENTED_EDGE('',*,*,#860,.T.);
#860 = EDGE_CURVE('',#383,#861,#863,.T.);
#861 = VERTEX_POINT('',#862);
#862 = CARTESIAN_POINT('',(116.26,49.57419175815,86.386331474121));
#863 = LINE('',#864,#865);
#864 = CARTESIAN_POINT('',(116.26,49.252797953307,86.76935369568));
#865 = VECTOR('',#866,1.);
#866 = DIRECTION('',(0.,0.642787609687,-0.766044443119));
#867 = ORIENTED_EDGE('',*,*,#868,.T.);
#868 = EDGE_CURVE('',#861,#837,#869,.T.);
#869 = LINE('',#870,#871);
#870 = CARTESIAN_POINT('',(116.26,49.57419175815,86.386331474121));
#871 = VECTOR('',#872,1.);
#872 = DIRECTION('',(0.,-0.766044443119,-0.642787609687));
#873 = ORIENTED_EDGE('',*,*,#845,.F.);
#874 = ORIENTED_EDGE('',*,*,#391,.F.);
#875 = PLANE('',#876);
#876 = AXIS2_PLACEMENT_3D('',#877,#878,#879);
#877 = CARTESIAN_POINT('',(116.26,49.252797953307,86.76935369568));
#878 = DIRECTION('',(-1.,0.,0.));
#879 = DIRECTION('',(0.,-0.766044443119,-0.642787609687));
#880 = ADVANCED_FACE('',(#881),#900,.T.);
#881 = FACE_BOUND('',#882,.T.);
#882 = EDGE_LOOP('',(#883,#884,#893,#899));
#883 = ORIENTED_EDGE('',*,*,#860,.T.);
#884 = ORIENTED_EDGE('',*,*,#885,.T.);
#885 = EDGE_CURVE('',#861,#886,#888,.T.);
#886 = VERTEX_POINT('',#887);
#887 = CARTESIAN_POINT('',(114.26,51.106280644388,87.671906693494));
#888 = CIRCLE('',#889,2.);
#889 = AXIS2_PLACEMENT_3D('',#890,#891,#892);
#890 = CARTESIAN_POINT('',(114.26,49.57419175815,86.386331474121));
#891 = DIRECTION('',(-6.162975822039E-33,-0.642787609687,0.766044443119)
  );
#892 = DIRECTION('',(-1.1E-16,-0.766044443119,-0.642787609687));
#893 = ORIENTED_EDGE('',*,*,#894,.F.);
#894 = EDGE_CURVE('',#375,#886,#895,.T.);
#895 = LINE('',#896,#897);
#896 = CARTESIAN_POINT('',(114.26,50.784886839545,88.054928915054));
#897 = VECTOR('',#898,1.);
#898 = DIRECTION('',(0.,0.642787609687,-0.766044443119));
#899 = ORIENTED_EDGE('',*,*,#382,.F.);
#900 = CYLINDRICAL_SURFACE('',#901,2.);
#901 = AXIS2_PLACEMENT_3D('',#902,#903,#904);
#902 = CARTESIAN_POINT('',(114.26,49.252797953307,86.76935369568));
#903 = DIRECTION('',(0.,-0.642787609687,0.766044443119));
#904 = DIRECTION('',(-1.1E-16,-0.766044443119,-0.642787609687));
#905 = ADVANCED_FACE('',(#906),#924,.F.);
#906 = FACE_BOUND('',#907,.F.);
#907 = EDGE_LOOP('',(#908,#916,#922,#923));
#908 = ORIENTED_EDGE('',*,*,#909,.T.);
#909 = EDGE_CURVE('',#366,#910,#912,.T.);
#910 = VERTEX_POINT('',#911);
#911 = CARTESIAN_POINT('',(30.74,51.106280644388,87.671906693494));
#912 = LINE('',#913,#914);
#913 = CARTESIAN_POINT('',(30.74,50.784886839545,88.054928915054));
#914 = VECTOR('',#915,1.);
#915 = DIRECTION('',(0.,0.642787609687,-0.766044443119));
#916 = ORIENTED_EDGE('',*,*,#917,.T.);
#917 = EDGE_CURVE('',#910,#886,#918,.T.);
#918 = LINE('',#919,#920);
#919 = CARTESIAN_POINT('',(30.74,51.106280644388,87.671906693494));
#920 = VECTOR('',#921,1.);
#921 = DIRECTION('',(1.,0.,0.));
#922 = ORIENTED_EDGE('',*,*,#894,.F.);
#923 = ORIENTED_EDGE('',*,*,#374,.F.);
#924 = PLANE('',#925);
#925 = AXIS2_PLACEMENT_3D('',#926,#927,#928);
#926 = CARTESIAN_POINT('',(30.74,50.784886839545,88.054928915054));
#927 = DIRECTION('',(0.,-0.766044443119,-0.642787609687));
#928 = DIRECTION('',(1.,0.,0.));
#929 = ADVANCED_FACE('',(#930),#949,.T.);
#930 = FACE_BOUND('',#931,.T.);
#931 = EDGE_LOOP('',(#932,#933,#934,#943));
#932 = ORIENTED_EDGE('',*,*,#365,.F.);
#933 = ORIENTED_EDGE('',*,*,#909,.T.);
#934 = ORIENTED_EDGE('',*,*,#935,.T.);
#935 = EDGE_CURVE('',#910,#936,#938,.T.);
#936 = VERTEX_POINT('',#937);
#937 = CARTESIAN_POINT('',(29.124233628988,50.477117081709,87.1439757801
    ));
#938 = CIRCLE('',#939,2.);
#939 = AXIS2_PLACEMENT_3D('',#940,#941,#942);
#940 = CARTESIAN_POINT('',(30.74,49.57419175815,86.386331474121));
#941 = DIRECTION('',(0.,-0.642787609687,0.766044443119));
#942 = DIRECTION('',(1.,9.192533317428E-17,7.713451316238E-17));
#943 = ORIENTED_EDGE('',*,*,#944,.T.);
#944 = EDGE_CURVE('',#936,#357,#945,.T.);
#945 = LINE('',#946,#947);
#946 = CARTESIAN_POINT('',(29.124233628988,50.155723276866,
    87.526998001659));
#947 = VECTOR('',#948,1.);
#948 = DIRECTION('',(0.,-0.642787609687,0.766044443119));
#949 = CYLINDRICAL_SURFACE('',#950,2.);
#950 = AXIS2_PLACEMENT_3D('',#951,#952,#953);
#951 = CARTESIAN_POINT('',(30.74,49.252797953307,86.76935369568));
#952 = DIRECTION('',(0.,-0.642787609687,0.766044443119));
#953 = DIRECTION('',(1.,9.22064781155E-17,7.737042177887E-17));
#954 = ADVANCED_FACE('',(#955),#1008,.T.);
#955 = FACE_BOUND('',#956,.F.);
#956 = EDGE_LOOP('',(#957,#965,#974,#982,#991,#999,#1006,#1007));
#957 = ORIENTED_EDGE('',*,*,#958,.F.);
#958 = EDGE_CURVE('',#959,#349,#961,.T.);
#959 = VERTEX_POINT('',#960);
#960 = CARTESIAN_POINT('',(28.74,47.392857710306,84.555974879101));
#961 = LINE('',#962,#963);
#962 = CARTESIAN_POINT('',(28.74,47.071463905463,84.93899710066));
#963 = VECTOR('',#964,1.);
#964 = DIRECTION('',(0.,-0.642787609687,0.766044443119));
#965 = ORIENTED_EDGE('',*,*,#966,.F.);
#966 = EDGE_CURVE('',#967,#959,#969,.T.);
#967 = VERTEX_POINT('',#968);
#968 = CARTESIAN_POINT('',(27.09,46.048937633706,83.428292038493));
#969 = CIRCLE('',#970,5.);
#970 = AXIS2_PLACEMENT_3D('',#971,#972,#973);
#971 = CARTESIAN_POINT('',(24.38,49.267773980903,86.129216430246));
#972 = DIRECTION('',(0.,-0.642787609687,0.766044443119));
#973 = DIRECTION('',(1.,0.,0.));
#974 = ORIENTED_EDGE('',*,*,#975,.F.);
#975 = EDGE_CURVE('',#976,#967,#978,.T.);
#976 = VERTEX_POINT('',#977);
#977 = CARTESIAN_POINT('',(27.09,48.845063735842,80.095998710926));
#978 = LINE('',#979,#980);
#979 = CARTESIAN_POINT('',(27.09,45.727543828863,83.811314260053));
#980 = VECTOR('',#981,1.);
#981 = DIRECTION('',(0.,-0.642787609687,0.766044443119));
#982 = ORIENTED_EDGE('',*,*,#983,.T.);
#983 = EDGE_CURVE('',#976,#984,#986,.T.);
#984 = VERTEX_POINT('',#985);
#985 = CARTESIAN_POINT('',(27.09,55.282736430236,85.497847494432));
#986 = CIRCLE('',#987,5.);
#987 = AXIS2_PLACEMENT_3D('',#988,#989,#990);
#988 = CARTESIAN_POINT('',(24.38,52.063900083039,82.796923102679));
#989 = DIRECTION('',(0.,0.642787609687,-0.766044443119));
#990 = DIRECTION('',(1.,0.,0.));
#991 = ORIENTED_EDGE('',*,*,#992,.T.);
#992 = EDGE_CURVE('',#984,#993,#995,.T.);
#993 = VERTEX_POINT('',#994);
#994 = CARTESIAN_POINT('',(27.09,52.4866103281,88.830140821999));
#995 = LINE('',#996,#997);
#996 = CARTESIAN_POINT('',(27.09,52.165216523256,89.213163043559));
#997 = VECTOR('',#998,1.);
#998 = DIRECTION('',(0.,-0.642787609687,0.766044443119));
#999 = ORIENTED_EDGE('',*,*,#1000,.F.);
#1000 = EDGE_CURVE('',#936,#993,#1001,.T.);
#1001 = CIRCLE('',#1002,5.);
#1002 = AXIS2_PLACEMENT_3D('',#1003,#1004,#1005);
#1003 = CARTESIAN_POINT('',(24.38,49.267773980903,86.129216430246));
#1004 = DIRECTION('',(0.,-0.642787609687,0.766044443119));
#1005 = DIRECTION('',(1.,0.,0.));
#1006 = ORIENTED_EDGE('',*,*,#944,.T.);
#1007 = ORIENTED_EDGE('',*,*,#356,.F.);
#1008 = CYLINDRICAL_SURFACE('',#1009,5.);
#1009 = AXIS2_PLACEMENT_3D('',#1010,#1011,#1012);
#1010 = CARTESIAN_POINT('',(24.38,48.946380176059,86.512238651806));
#1011 = DIRECTION('',(0.,-0.642787609687,0.766044443119));
#1012 = DIRECTION('',(1.,0.,0.));
#1013 = ADVANCED_FACE('',(#1014),#1032,.F.);
#1014 = FACE_BOUND('',#1015,.F.);
#1015 = EDGE_LOOP('',(#1016,#1017,#1025,#1031));
#1016 = ORIENTED_EDGE('',*,*,#348,.F.);
#1017 = ORIENTED_EDGE('',*,*,#1018,.F.);
#1018 = EDGE_CURVE('',#1019,#340,#1021,.T.);
#1019 = VERTEX_POINT('',#1020);
#1020 = CARTESIAN_POINT('',(28.74,9.10217121313,52.426273961795));
#1021 = LINE('',#1022,#1023);
#1022 = CARTESIAN_POINT('',(28.74,8.780777408286,52.809296183354));
#1023 = VECTOR('',#1024,1.);
#1024 = DIRECTION('',(0.,-0.642787609687,0.766044443119));
#1025 = ORIENTED_EDGE('',*,*,#1026,.T.);
#1026 = EDGE_CURVE('',#1019,#959,#1027,.T.);
#1027 = LINE('',#1028,#1029);
#1028 = CARTESIAN_POINT('',(28.74,6.920837165285,50.595917366774));
#1029 = VECTOR('',#1030,1.);
#1030 = DIRECTION('',(0.,0.766044443119,0.642787609687));
#1031 = ORIENTED_EDGE('',*,*,#958,.T.);
#1032 = PLANE('',#1033);
#1033 = AXIS2_PLACEMENT_3D('',#1034,#1035,#1036);
#1034 = CARTESIAN_POINT('',(28.74,6.599443360442,50.978939588334));
#1035 = DIRECTION('',(1.,0.,0.));
#1036 = DIRECTION('',(0.,0.766044443119,0.642787609687));
#1037 = ADVANCED_FACE('',(#1038),#1084,.T.);
#1038 = FACE_BOUND('',#1039,.F.);
#1039 = EDGE_LOOP('',(#1040,#1041,#1050,#1058,#1067,#1075,#1082,#1083));
#1040 = ORIENTED_EDGE('',*,*,#780,.F.);
#1041 = ORIENTED_EDGE('',*,*,#1042,.F.);
#1042 = EDGE_CURVE('',#1043,#781,#1045,.T.);
#1043 = VERTEX_POINT('',#1044);
#1044 = CARTESIAN_POINT('',(27.09,4.008418595336,48.152108018896));
#1045 = CIRCLE('',#1046,5.);
#1046 = AXIS2_PLACEMENT_3D('',#1047,#1048,#1049);
#1047 = CARTESIAN_POINT('',(24.38,7.227254942533,50.853032410649));
#1048 = DIRECTION('',(0.,-0.642787609687,0.766044443119));
#1049 = DIRECTION('',(1.,0.,0.));
#1050 = ORIENTED_EDGE('',*,*,#1051,.F.);
#1051 = EDGE_CURVE('',#1052,#1043,#1054,.T.);
#1052 = VERTEX_POINT('',#1053);
#1053 = CARTESIAN_POINT('',(27.09,6.804544697473,44.819814691329));
#1054 = LINE('',#1055,#1056);
#1055 = CARTESIAN_POINT('',(27.09,3.687024790493,48.535130240456));
#1056 = VECTOR('',#1057,1.);
#1057 = DIRECTION('',(0.,-0.642787609687,0.766044443119));
#1058 = ORIENTED_EDGE('',*,*,#1059,.T.);
#1059 = EDGE_CURVE('',#1052,#1060,#1062,.T.);
#1060 = VERTEX_POINT('',#1061);
#1061 = CARTESIAN_POINT('',(27.09,13.242217391866,50.221663474834));
#1062 = CIRCLE('',#1063,5.);
#1063 = AXIS2_PLACEMENT_3D('',#1064,#1065,#1066);
#1064 = CARTESIAN_POINT('',(24.38,10.023381044669,47.520739083081));
#1065 = DIRECTION('',(0.,0.642787609687,-0.766044443119));
#1066 = DIRECTION('',(1.,0.,0.));
#1067 = ORIENTED_EDGE('',*,*,#1068,.T.);
#1068 = EDGE_CURVE('',#1060,#1069,#1071,.T.);
#1069 = VERTEX_POINT('',#1070);
#1070 = CARTESIAN_POINT('',(27.09,10.44609128973,53.553956802402));
#1071 = LINE('',#1072,#1073);
#1072 = CARTESIAN_POINT('',(27.09,10.124697484886,53.936979023961));
#1073 = VECTOR('',#1074,1.);
#1074 = DIRECTION('',(0.,-0.642787609687,0.766044443119));
#1075 = ORIENTED_EDGE('',*,*,#1076,.F.);
#1076 = EDGE_CURVE('',#1019,#1069,#1077,.T.);
#1077 = CIRCLE('',#1078,5.);
#1078 = AXIS2_PLACEMENT_3D('',#1079,#1080,#1081);
#1079 = CARTESIAN_POINT('',(24.38,7.227254942533,50.853032410649));
#1080 = DIRECTION('',(0.,-0.642787609687,0.766044443119));
#1081 = DIRECTION('',(1.,0.,0.));
#1082 = ORIENTED_EDGE('',*,*,#1018,.T.);
#1083 = ORIENTED_EDGE('',*,*,#339,.F.);
#1084 = CYLINDRICAL_SURFACE('',#1085,5.);
#1085 = AXIS2_PLACEMENT_3D('',#1086,#1087,#1088);
#1086 = CARTESIAN_POINT('',(24.38,6.90586113769,51.236054632209));
#1087 = DIRECTION('',(0.,-0.642787609687,0.766044443119));
#1088 = DIRECTION('',(1.,0.,0.));
#1089 = ADVANCED_FACE('',(#1090),#1151,.F.);
#1090 = FACE_BOUND('',#1091,.F.);
#1091 = EDGE_LOOP('',(#1092,#1102,#1110,#1118,#1126,#1132,#1133,#1134,
    #1135,#1136,#1137,#1145));
#1092 = ORIENTED_EDGE('',*,*,#1093,.F.);
#1093 = EDGE_CURVE('',#1094,#1096,#1098,.T.);
#1094 = VERTEX_POINT('',#1095);
#1095 = CARTESIAN_POINT('',(0.,0.,0.));
#1096 = VERTEX_POINT('',#1097);
#1097 = CARTESIAN_POINT('',(0.,200.,0.));
#1098 = LINE('',#1099,#1100);
#1099 = CARTESIAN_POINT('',(0.,0.,0.));
#1100 = VECTOR('',#1101,1.);
#1101 = DIRECTION('',(0.,1.,0.));
#1102 = ORIENTED_EDGE('',*,*,#1103,.T.);
#1103 = EDGE_CURVE('',#1094,#1104,#1106,.T.);
#1104 = VERTEX_POINT('',#1105);
#1105 = CARTESIAN_POINT('',(145.,-3.2E-14,0.));
#1106 = LINE('',#1107,#1108);
#1107 = CARTESIAN_POINT('',(0.,0.,0.));
#1108 = VECTOR('',#1109,1.);
#1109 = DIRECTION('',(1.,-2.2E-16,0.));
#1110 = ORIENTED_EDGE('',*,*,#1111,.T.);
#1111 = EDGE_CURVE('',#1104,#1112,#1114,.T.);
#1112 = VERTEX_POINT('',#1113);
#1113 = CARTESIAN_POINT('',(145.,200.,0.));
#1114 = LINE('',#1115,#1116);
#1115 = CARTESIAN_POINT('',(145.,-3.2E-14,0.));
#1116 = VECTOR('',#1117,1.);
#1117 = DIRECTION('',(0.,1.,0.));
#1118 = ORIENTED_EDGE('',*,*,#1119,.F.);
#1119 = EDGE_CURVE('',#1120,#1112,#1122,.T.);
#1120 = VERTEX_POINT('',#1121);
#1121 = CARTESIAN_POINT('',(36.5,200.,-2.2E-14));
#1122 = LINE('',#1123,#1124);
#1123 = CARTESIAN_POINT('',(0.,200.,-4.441E-14));
#1124 = VECTOR('',#1125,1.);
#1125 = DIRECTION('',(1.,-2.2E-16,0.));
#1126 = ORIENTED_EDGE('',*,*,#1127,.T.);
#1127 = EDGE_CURVE('',#1120,#555,#1128,.T.);
#1128 = LINE('',#1129,#1130);
#1129 = CARTESIAN_POINT('',(36.5,200.,-2.22E-14));
#1130 = VECTOR('',#1131,1.);
#1131 = DIRECTION('',(0.,-1.,2.2E-16));
#1132 = ORIENTED_EDGE('',*,*,#562,.T.);
#1133 = ORIENTED_EDGE('',*,*,#430,.F.);
#1134 = ORIENTED_EDGE('',*,*,#644,.F.);
#1135 = ORIENTED_EDGE('',*,*,#495,.T.);
#1136 = ORIENTED_EDGE('',*,*,#571,.T.);
#1137 = ORIENTED_EDGE('',*,*,#1138,.F.);
#1138 = EDGE_CURVE('',#1139,#572,#1141,.T.);
#1139 = VERTEX_POINT('',#1140);
#1140 = CARTESIAN_POINT('',(18.5,200.,-2.2E-14));
#1141 = LINE('',#1142,#1143);
#1142 = CARTESIAN_POINT('',(18.5,200.,-2.22E-14));
#1143 = VECTOR('',#1144,1.);
#1144 = DIRECTION('',(0.,-1.,2.2E-16));
#1145 = ORIENTED_EDGE('',*,*,#1146,.F.);
#1146 = EDGE_CURVE('',#1096,#1139,#1147,.T.);
#1147 = LINE('',#1148,#1149);
#1148 = CARTESIAN_POINT('',(0.,200.,-4.441E-14));
#1149 = VECTOR('',#1150,1.);
#1150 = DIRECTION('',(1.,-2.2E-16,0.));
#1151 = PLANE('',#1152);
#1152 = AXIS2_PLACEMENT_3D('',#1153,#1154,#1155);
#1153 = CARTESIAN_POINT('',(0.,0.,0.));
#1154 = DIRECTION('',(0.,2.2E-16,1.));
#1155 = DIRECTION('',(0.,1.,-2.2E-16));
#1156 = ADVANCED_FACE('',(#1157),#1176,.F.);
#1157 = FACE_BOUND('',#1158,.F.);
#1158 = EDGE_LOOP('',(#1159,#1167,#1174,#1175));
#1159 = ORIENTED_EDGE('',*,*,#1160,.F.);
#1160 = EDGE_CURVE('',#1161,#449,#1163,.T.);
#1161 = VERTEX_POINT('',#1162);
#1162 = CARTESIAN_POINT('',(143.65,181.5,7.3));
#1163 = LINE('',#1164,#1165);
#1164 = CARTESIAN_POINT('',(143.65,181.5,7.3));
#1165 = VECTOR('',#1166,1.);
#1166 = DIRECTION('',(-1.,-4.930380657631E-32,-7.318552623216E-16));
#1167 = ORIENTED_EDGE('',*,*,#1168,.T.);
#1168 = EDGE_CURVE('',#1161,#1161,#1169,.T.);
#1169 = CIRCLE('',#1170,1.7);
#1170 = AXIS2_PLACEMENT_3D('',#1171,#1172,#1173);
#1171 = CARTESIAN_POINT('',(143.65,181.5,5.6));
#1172 = DIRECTION('',(-1.,-4.930380657631E-32,-6.661338147751E-16));
#1173 = DIRECTION('',(-6.661338147751E-16,-1.642146637881E-47,1.));
#1174 = ORIENTED_EDGE('',*,*,#1160,.T.);
#1175 = ORIENTED_EDGE('',*,*,#448,.F.);
#1176 = CYLINDRICAL_SURFACE('',#1177,1.7);
#1177 = AXIS2_PLACEMENT_3D('',#1178,#1179,#1180);
#1178 = CARTESIAN_POINT('',(143.65,181.5,5.6));
#1179 = DIRECTION('',(-1.,-4.930380657631E-32,-6.661338147751E-16));
#1180 = DIRECTION('',(-6.661338147751E-16,-1.642146637881E-47,1.));
#1181 = ADVANCED_FACE('',(#1182),#1201,.F.);
#1182 = FACE_BOUND('',#1183,.F.);
#1183 = EDGE_LOOP('',(#1184,#1192,#1199,#1200));
#1184 = ORIENTED_EDGE('',*,*,#1185,.F.);
#1185 = EDGE_CURVE('',#1186,#460,#1188,.T.);
#1186 = VERTEX_POINT('',#1187);
#1187 = CARTESIAN_POINT('',(143.65,100.,7.3));
#1188 = LINE('',#1189,#1190);
#1189 = CARTESIAN_POINT('',(143.65,100.,7.3));
#1190 = VECTOR('',#1191,1.);
#1191 = DIRECTION('',(-1.,-4.930380657631E-32,-7.318552623216E-16));
#1192 = ORIENTED_EDGE('',*,*,#1193,.T.);
#1193 = EDGE_CURVE('',#1186,#1186,#1194,.T.);
#1194 = CIRCLE('',#1195,1.7);
#1195 = AXIS2_PLACEMENT_3D('',#1196,#1197,#1198);
#1196 = CARTESIAN_POINT('',(143.65,100.,5.6));
#1197 = DIRECTION('',(-1.,-4.930380657631E-32,-6.661338147751E-16));
#1198 = DIRECTION('',(-6.661338147751E-16,-1.642146637881E-47,1.));
#1199 = ORIENTED_EDGE('',*,*,#1185,.T.);
#1200 = ORIENTED_EDGE('',*,*,#459,.F.);
#1201 = CYLINDRICAL_SURFACE('',#1202,1.7);
#1202 = AXIS2_PLACEMENT_3D('',#1203,#1204,#1205);
#1203 = CARTESIAN_POINT('',(143.65,100.,5.6));
#1204 = DIRECTION('',(-1.,-4.930380657631E-32,-6.661338147751E-16));
#1205 = DIRECTION('',(-6.661338147751E-16,-1.642146637881E-47,1.));
#1206 = ADVANCED_FACE('',(#1207),#1226,.F.);
#1207 = FACE_BOUND('',#1208,.F.);
#1208 = EDGE_LOOP('',(#1209,#1217,#1224,#1225));
#1209 = ORIENTED_EDGE('',*,*,#1210,.F.);
#1210 = EDGE_CURVE('',#1211,#471,#1213,.T.);
#1211 = VERTEX_POINT('',#1212);
#1212 = CARTESIAN_POINT('',(143.65,18.5,7.3));
#1213 = LINE('',#1214,#1215);
#1214 = CARTESIAN_POINT('',(143.65,18.5,7.3));
#1215 = VECTOR('',#1216,1.);
#1216 = DIRECTION('',(-1.,-4.930380657631E-32,-7.318552623216E-16));
#1217 = ORIENTED_EDGE('',*,*,#1218,.T.);
#1218 = EDGE_CURVE('',#1211,#1211,#1219,.T.);
#1219 = CIRCLE('',#1220,1.7);
#1220 = AXIS2_PLACEMENT_3D('',#1221,#1222,#1223);
#1221 = CARTESIAN_POINT('',(143.65,18.5,5.6));
#1222 = DIRECTION('',(-1.,-4.930380657631E-32,-6.661338147751E-16));
#1223 = DIRECTION('',(-6.661338147751E-16,-1.642146637881E-47,1.));
#1224 = ORIENTED_EDGE('',*,*,#1210,.T.);
#1225 = ORIENTED_EDGE('',*,*,#470,.F.);
#1226 = CYLINDRICAL_SURFACE('',#1227,1.7);
#1227 = AXIS2_PLACEMENT_3D('',#1228,#1229,#1230);
#1228 = CARTESIAN_POINT('',(143.65,18.5,5.6));
#1229 = DIRECTION('',(-1.,-4.930380657631E-32,-6.661338147751E-16));
#1230 = DIRECTION('',(-6.661338147751E-16,-1.642146637881E-47,1.));
#1231 = ADVANCED_FACE('',(#1232),#1251,.F.);
#1232 = FACE_BOUND('',#1233,.T.);
#1233 = EDGE_LOOP('',(#1234,#1242,#1249,#1250));
#1234 = ORIENTED_EDGE('',*,*,#1235,.F.);
#1235 = EDGE_CURVE('',#1236,#514,#1238,.T.);
#1236 = VERTEX_POINT('',#1237);
#1237 = CARTESIAN_POINT('',(1.35,181.5,7.3));
#1238 = LINE('',#1239,#1240);
#1239 = CARTESIAN_POINT('',(1.35,181.5,7.3));
#1240 = VECTOR('',#1241,1.);
#1241 = DIRECTION('',(1.,0.,-6.572144754652E-17));
#1242 = ORIENTED_EDGE('',*,*,#1243,.T.);
#1243 = EDGE_CURVE('',#1236,#1236,#1244,.T.);
#1244 = CIRCLE('',#1245,1.7);
#1245 = AXIS2_PLACEMENT_3D('',#1246,#1247,#1248);
#1246 = CARTESIAN_POINT('',(1.35,181.5,5.6));
#1247 = DIRECTION('',(-1.,0.,0.));
#1248 = DIRECTION('',(0.,0.,1.));
#1249 = ORIENTED_EDGE('',*,*,#1235,.T.);
#1250 = ORIENTED_EDGE('',*,*,#513,.T.);
#1251 = CYLINDRICAL_SURFACE('',#1252,1.7);
#1252 = AXIS2_PLACEMENT_3D('',#1253,#1254,#1255);
#1253 = CARTESIAN_POINT('',(1.35,181.5,5.6));
#1254 = DIRECTION('',(1.,0.,0.));
#1255 = DIRECTION('',(0.,0.,1.));
#1256 = ADVANCED_FACE('',(#1257),#1276,.F.);
#1257 = FACE_BOUND('',#1258,.T.);
#1258 = EDGE_LOOP('',(#1259,#1267,#1274,#1275));
#1259 = ORIENTED_EDGE('',*,*,#1260,.F.);
#1260 = EDGE_CURVE('',#1261,#525,#1263,.T.);
#1261 = VERTEX_POINT('',#1262);
#1262 = CARTESIAN_POINT('',(1.35,100.,7.3));
#1263 = LINE('',#1264,#1265);
#1264 = CARTESIAN_POINT('',(1.35,100.,7.3));
#1265 = VECTOR('',#1266,1.);
#1266 = DIRECTION('',(1.,0.,-6.572144754652E-17));
#1267 = ORIENTED_EDGE('',*,*,#1268,.T.);
#1268 = EDGE_CURVE('',#1261,#1261,#1269,.T.);
#1269 = CIRCLE('',#1270,1.7);
#1270 = AXIS2_PLACEMENT_3D('',#1271,#1272,#1273);
#1271 = CARTESIAN_POINT('',(1.35,100.,5.6));
#1272 = DIRECTION('',(-1.,0.,0.));
#1273 = DIRECTION('',(0.,0.,1.));
#1274 = ORIENTED_EDGE('',*,*,#1260,.T.);
#1275 = ORIENTED_EDGE('',*,*,#524,.T.);
#1276 = CYLINDRICAL_SURFACE('',#1277,1.7);
#1277 = AXIS2_PLACEMENT_3D('',#1278,#1279,#1280);
#1278 = CARTESIAN_POINT('',(1.35,100.,5.6));
#1279 = DIRECTION('',(1.,0.,0.));
#1280 = DIRECTION('',(0.,0.,1.));
#1281 = ADVANCED_FACE('',(#1282),#1301,.F.);
#1282 = FACE_BOUND('',#1283,.T.);
#1283 = EDGE_LOOP('',(#1284,#1292,#1299,#1300));
#1284 = ORIENTED_EDGE('',*,*,#1285,.F.);
#1285 = EDGE_CURVE('',#1286,#536,#1288,.T.);
#1286 = VERTEX_POINT('',#1287);
#1287 = CARTESIAN_POINT('',(1.35,18.5,7.3));
#1288 = LINE('',#1289,#1290);
#1289 = CARTESIAN_POINT('',(1.35,18.5,7.3));
#1290 = VECTOR('',#1291,1.);
#1291 = DIRECTION('',(1.,0.,-6.572144754652E-17));
#1292 = ORIENTED_EDGE('',*,*,#1293,.T.);
#1293 = EDGE_CURVE('',#1286,#1286,#1294,.T.);
#1294 = CIRCLE('',#1295,1.7);
#1295 = AXIS2_PLACEMENT_3D('',#1296,#1297,#1298);
#1296 = CARTESIAN_POINT('',(1.35,18.5,5.6));
#1297 = DIRECTION('',(-1.,0.,0.));
#1298 = DIRECTION('',(0.,0.,1.));
#1299 = ORIENTED_EDGE('',*,*,#1285,.T.);
#1300 = ORIENTED_EDGE('',*,*,#535,.T.);
#1301 = CYLINDRICAL_SURFACE('',#1302,1.7);
#1302 = AXIS2_PLACEMENT_3D('',#1303,#1304,#1305);
#1303 = CARTESIAN_POINT('',(1.35,18.5,5.6));
#1304 = DIRECTION('',(1.,0.,0.));
#1305 = DIRECTION('',(0.,0.,1.));
#1306 = ADVANCED_FACE('',(#1307),#1325,.F.);
#1307 = FACE_BOUND('',#1308,.F.);
#1308 = EDGE_LOOP('',(#1309,#1317,#1323,#1324));
#1309 = ORIENTED_EDGE('',*,*,#1310,.F.);
#1310 = EDGE_CURVE('',#1311,#1120,#1313,.T.);
#1311 = VERTEX_POINT('',#1312);
#1312 = CARTESIAN_POINT('',(36.5,200.,12.5));
#1313 = LINE('',#1314,#1315);
#1314 = CARTESIAN_POINT('',(36.5,200.,20.5));
#1315 = VECTOR('',#1316,1.);
#1316 = DIRECTION('',(0.,0.,-1.));
#1317 = ORIENTED_EDGE('',*,*,#1318,.T.);
#1318 = EDGE_CURVE('',#1311,#553,#1319,.T.);
#1319 = LINE('',#1320,#1321);
#1320 = CARTESIAN_POINT('',(36.5,200.,12.5));
#1321 = VECTOR('',#1322,1.);
#1322 = DIRECTION('',(0.,-1.,2.2E-16));
#1323 = ORIENTED_EDGE('',*,*,#552,.T.);
#1324 = ORIENTED_EDGE('',*,*,#1127,.F.);
#1325 = PLANE('',#1326);
#1326 = AXIS2_PLACEMENT_3D('',#1327,#1328,#1329);
#1327 = CARTESIAN_POINT('',(36.5,200.,20.5));
#1328 = DIRECTION('',(1.,0.,0.));
#1329 = DIRECTION('',(0.,-2.2E-16,-1.));
#1330 = ADVANCED_FACE('',(#1331),#1350,.F.);
#1331 = FACE_BOUND('',#1332,.F.);
#1332 = EDGE_LOOP('',(#1333,#1342,#1348,#1349));
#1333 = ORIENTED_EDGE('',*,*,#1334,.T.);
#1334 = EDGE_CURVE('',#1311,#1335,#1337,.T.);
#1335 = VERTEX_POINT('',#1336);
#1336 = CARTESIAN_POINT('',(28.5,200.,20.5));
#1337 = CIRCLE('',#1338,8.);
#1338 = AXIS2_PLACEMENT_3D('',#1339,#1340,#1341);
#1339 = CARTESIAN_POINT('',(28.5,200.,12.5));
#1340 = DIRECTION('',(0.,-1.,2.2E-16));
#1341 = DIRECTION('',(0.,-2.2E-16,-1.));
#1342 = ORIENTED_EDGE('',*,*,#1343,.T.);
#1343 = EDGE_CURVE('',#1335,#597,#1344,.T.);
#1344 = LINE('',#1345,#1346);
#1345 = CARTESIAN_POINT('',(28.5,200.,20.5));
#1346 = VECTOR('',#1347,1.);
#1347 = DIRECTION('',(0.,-1.,2.2E-16));
#1348 = ORIENTED_EDGE('',*,*,#604,.F.);
#1349 = ORIENTED_EDGE('',*,*,#1318,.F.);
#1350 = CYLINDRICAL_SURFACE('',#1351,8.);
#1351 = AXIS2_PLACEMENT_3D('',#1352,#1353,#1354);
#1352 = CARTESIAN_POINT('',(28.5,200.,12.5));
#1353 = DIRECTION('',(0.,-1.,2.2E-16));
#1354 = DIRECTION('',(1.,0.,0.));
#1355 = ADVANCED_FACE('',(#1356),#1374,.F.);
#1356 = FACE_BOUND('',#1357,.F.);
#1357 = EDGE_LOOP('',(#1358,#1366,#1372,#1373));
#1358 = ORIENTED_EDGE('',*,*,#1359,.F.);
#1359 = EDGE_CURVE('',#1360,#1335,#1362,.T.);
#1360 = VERTEX_POINT('',#1361);
#1361 = CARTESIAN_POINT('',(26.5,200.,20.5));
#1362 = LINE('',#1363,#1364);
#1363 = CARTESIAN_POINT('',(18.5,200.,20.5));
#1364 = VECTOR('',#1365,1.);
#1365 = DIRECTION('',(1.,0.,0.));
#1366 = ORIENTED_EDGE('',*,*,#1367,.T.);
#1367 = EDGE_CURVE('',#1360,#588,#1368,.T.);
#1368 = LINE('',#1369,#1370);
#1369 = CARTESIAN_POINT('',(26.5,200.,20.5));
#1370 = VECTOR('',#1371,1.);
#1371 = DIRECTION('',(0.,-1.,2.2E-16));
#1372 = ORIENTED_EDGE('',*,*,#596,.T.);
#1373 = ORIENTED_EDGE('',*,*,#1343,.F.);
#1374 = PLANE('',#1375);
#1375 = AXIS2_PLACEMENT_3D('',#1376,#1377,#1378);
#1376 = CARTESIAN_POINT('',(18.5,200.,20.5));
#1377 = DIRECTION('',(0.,2.2E-16,1.));
#1378 = DIRECTION('',(1.,0.,0.));
#1379 = ADVANCED_FACE('',(#1380),#1399,.F.);
#1380 = FACE_BOUND('',#1381,.F.);
#1381 = EDGE_LOOP('',(#1382,#1391,#1397,#1398));
#1382 = ORIENTED_EDGE('',*,*,#1383,.T.);
#1383 = EDGE_CURVE('',#1360,#1384,#1386,.T.);
#1384 = VERTEX_POINT('',#1385);
#1385 = CARTESIAN_POINT('',(18.5,200.,12.5));
#1386 = CIRCLE('',#1387,8.);
#1387 = AXIS2_PLACEMENT_3D('',#1388,#1389,#1390);
#1388 = CARTESIAN_POINT('',(26.5,200.,12.5));
#1389 = DIRECTION('',(0.,-1.,2.2E-16));
#1390 = DIRECTION('',(0.,-2.2E-16,-1.));
#1391 = ORIENTED_EDGE('',*,*,#1392,.T.);
#1392 = EDGE_CURVE('',#1384,#580,#1393,.T.);
#1393 = LINE('',#1394,#1395);
#1394 = CARTESIAN_POINT('',(18.5,200.,12.5));
#1395 = VECTOR('',#1396,1.);
#1396 = DIRECTION('',(0.,-1.,2.2E-16));
#1397 = ORIENTED_EDGE('',*,*,#587,.F.);
#1398 = ORIENTED_EDGE('',*,*,#1367,.F.);
#1399 = CYLINDRICAL_SURFACE('',#1400,8.);
#1400 = AXIS2_PLACEMENT_3D('',#1401,#1402,#1403);
#1401 = CARTESIAN_POINT('',(26.5,200.,12.5));
#1402 = DIRECTION('',(0.,-1.,2.2E-16));
#1403 = DIRECTION('',(0.,2.2E-16,1.));
#1404 = ADVANCED_FACE('',(#1405),#1416,.F.);
#1405 = FACE_BOUND('',#1406,.F.);
#1406 = EDGE_LOOP('',(#1407,#1413,#1414,#1415));
#1407 = ORIENTED_EDGE('',*,*,#1408,.F.);
#1408 = EDGE_CURVE('',#1139,#1384,#1409,.T.);
#1409 = LINE('',#1410,#1411);
#1410 = CARTESIAN_POINT('',(18.5,200.,-2.2E-14));
#1411 = VECTOR('',#1412,1.);
#1412 = DIRECTION('',(0.,0.,1.));
#1413 = ORIENTED_EDGE('',*,*,#1138,.T.);
#1414 = ORIENTED_EDGE('',*,*,#579,.T.);
#1415 = ORIENTED_EDGE('',*,*,#1392,.F.);
#1416 = PLANE('',#1417);
#1417 = AXIS2_PLACEMENT_3D('',#1418,#1419,#1420);
#1418 = CARTESIAN_POINT('',(18.5,200.,-2.22E-14));
#1419 = DIRECTION('',(-1.,0.,0.));
#1420 = DIRECTION('',(0.,2.2E-16,1.));
#1421 = ADVANCED_FACE('',(#1422,#1425),#1436,.F.);
#1422 = FACE_BOUND('',#1423,.T.);
#1423 = EDGE_LOOP('',(#1424));
#1424 = ORIENTED_EDGE('',*,*,#627,.T.);
#1425 = FACE_BOUND('',#1426,.F.);
#1426 = EDGE_LOOP('',(#1427));
#1427 = ORIENTED_EDGE('',*,*,#1428,.T.);
#1428 = EDGE_CURVE('',#1429,#1429,#1431,.T.);
#1429 = VERTEX_POINT('',#1430);
#1430 = CARTESIAN_POINT('',(136.5,127.5,71.2));
#1431 = CIRCLE('',#1432,64.);
#1432 = AXIS2_PLACEMENT_3D('',#1433,#1434,#1435);
#1433 = CARTESIAN_POINT('',(72.5,127.5,71.2));
#1434 = DIRECTION('',(0.,0.,-1.));
#1435 = DIRECTION('',(1.,0.,0.));
#1436 = PLANE('',#1437);
#1437 = AXIS2_PLACEMENT_3D('',#1438,#1439,#1440);
#1438 = CARTESIAN_POINT('',(72.5,127.5,71.2));
#1439 = DIRECTION('',(0.,0.,1.));
#1440 = DIRECTION('',(1.,0.,0.));
#1441 = ADVANCED_FACE('',(#1442,#1452),#1463,.F.);
#1442 = FACE_BOUND('',#1443,.F.);
#1443 = EDGE_LOOP('',(#1444,#1445,#1446));
#1444 = ORIENTED_EDGE('',*,*,#670,.F.);
#1445 = ORIENTED_EDGE('',*,*,#704,.F.);
#1446 = ORIENTED_EDGE('',*,*,#1447,.T.);
#1447 = EDGE_CURVE('',#697,#671,#1448,.T.);
#1448 = LINE('',#1449,#1450);
#1449 = CARTESIAN_POINT('',(123.66,55.940084965221,86.049428407693));
#1450 = VECTOR('',#1451,1.);
#1451 = DIRECTION('',(0.,-0.766044443119,-0.642787609687));
#1452 = FACE_BOUND('',#1453,.F.);
#1453 = EDGE_LOOP('',(#1454));
#1454 = ORIENTED_EDGE('',*,*,#1455,.T.);
#1455 = EDGE_CURVE('',#1456,#1456,#1458,.T.);
#1456 = VERTEX_POINT('',#1457);
#1457 = CARTESIAN_POINT('',(128.78,10.023381044669,47.520739083081));
#1458 = CIRCLE('',#1459,2.4);
#1459 = AXIS2_PLACEMENT_3D('',#1460,#1461,#1462);
#1460 = CARTESIAN_POINT('',(126.38,10.023381044669,47.520739083081));
#1461 = DIRECTION('',(0.,0.642787609687,-0.766044443119));
#1462 = DIRECTION('',(1.,0.,0.));
#1463 = PLANE('',#1464);
#1464 = AXIS2_PLACEMENT_3D('',#1465,#1466,#1467);
#1465 = CARTESIAN_POINT('',(75.38,31.043640563854,65.15883109288));
#1466 = DIRECTION('',(0.,-0.642787609687,0.766044443119));
#1467 = DIRECTION('',(0.,0.766044443119,0.642787609687));
#1468 = ADVANCED_FACE('',(#1469),#1480,.F.);
#1469 = FACE_BOUND('',#1470,.F.);
#1470 = EDGE_LOOP('',(#1471,#1472,#1473,#1479));
#1471 = ORIENTED_EDGE('',*,*,#1447,.F.);
#1472 = ORIENTED_EDGE('',*,*,#696,.T.);
#1473 = ORIENTED_EDGE('',*,*,#1474,.T.);
#1474 = EDGE_CURVE('',#688,#680,#1475,.T.);
#1475 = LINE('',#1476,#1477);
#1476 = CARTESIAN_POINT('',(123.66,40.695736662401,78.936423077854));
#1477 = VECTOR('',#1478,1.);
#1478 = DIRECTION('',(0.,-0.766044443119,-0.642787609687));
#1479 = ORIENTED_EDGE('',*,*,#679,.F.);
#1480 = PLANE('',#1481);
#1481 = AXIS2_PLACEMENT_3D('',#1482,#1483,#1484);
#1482 = CARTESIAN_POINT('',(123.66,55.940084965221,86.049428407693));
#1483 = DIRECTION('',(1.,0.,0.));
#1484 = DIRECTION('',(0.,-0.766044443119,-0.642787609687));
#1485 = ADVANCED_FACE('',(#1486),#1490,.F.);
#1486 = FACE_BOUND('',#1487,.F.);
#1487 = EDGE_LOOP('',(#1488,#1489));
#1488 = ORIENTED_EDGE('',*,*,#687,.T.);
#1489 = ORIENTED_EDGE('',*,*,#1474,.F.);
#1490 = PLANE('',#1491);
#1491 = AXIS2_PLACEMENT_3D('',#1492,#1493,#1494);
#1492 = CARTESIAN_POINT('',(72.5,28.247514461718,68.491124420448));
#1493 = DIRECTION('',(0.,-0.642787609687,0.766044443119));
#1494 = DIRECTION('',(0.,0.766044443119,0.642787609687));
#1495 = ADVANCED_FACE('',(#1496,#1506),#1517,.F.);
#1496 = FACE_BOUND('',#1497,.F.);
#1497 = EDGE_LOOP('',(#1498,#1499,#1500));
#1498 = ORIENTED_EDGE('',*,*,#729,.F.);
#1499 = ORIENTED_EDGE('',*,*,#763,.F.);
#1500 = ORIENTED_EDGE('',*,*,#1501,.T.);
#1501 = EDGE_CURVE('',#756,#730,#1502,.T.);
#1502 = LINE('',#1503,#1504);
#1503 = CARTESIAN_POINT('',(123.66,55.940084965221,86.049428407693));
#1504 = VECTOR('',#1505,1.);
#1505 = DIRECTION('',(0.,-0.766044443119,-0.642787609687));
#1506 = FACE_BOUND('',#1507,.F.);
#1507 = EDGE_LOOP('',(#1508));
#1508 = ORIENTED_EDGE('',*,*,#1509,.T.);
#1509 = EDGE_CURVE('',#1510,#1510,#1512,.T.);
#1510 = VERTEX_POINT('',#1511);
#1511 = CARTESIAN_POINT('',(128.78,52.063900083039,82.796923102679));
#1512 = CIRCLE('',#1513,2.4);
#1513 = AXIS2_PLACEMENT_3D('',#1514,#1515,#1516);
#1514 = CARTESIAN_POINT('',(126.38,52.063900083039,82.796923102679));
#1515 = DIRECTION('',(0.,0.642787609687,-0.766044443119));
#1516 = DIRECTION('',(1.,0.,0.));
#1517 = PLANE('',#1518);
#1518 = AXIS2_PLACEMENT_3D('',#1519,#1520,#1521);
#1519 = CARTESIAN_POINT('',(75.38,31.043640563854,65.15883109288));
#1520 = DIRECTION('',(0.,-0.642787609687,0.766044443119));
#1521 = DIRECTION('',(0.,0.766044443119,0.642787609687));
#1522 = ADVANCED_FACE('',(#1523),#1534,.F.);
#1523 = FACE_BOUND('',#1524,.F.);
#1524 = EDGE_LOOP('',(#1525,#1526,#1527,#1533));
#1525 = ORIENTED_EDGE('',*,*,#1501,.F.);
#1526 = ORIENTED_EDGE('',*,*,#755,.T.);
#1527 = ORIENTED_EDGE('',*,*,#1528,.T.);
#1528 = EDGE_CURVE('',#747,#739,#1529,.T.);
#1529 = LINE('',#1530,#1531);
#1530 = CARTESIAN_POINT('',(123.66,40.695736662401,78.936423077854));
#1531 = VECTOR('',#1532,1.);
#1532 = DIRECTION('',(0.,-0.766044443119,-0.642787609687));
#1533 = ORIENTED_EDGE('',*,*,#738,.F.);
#1534 = PLANE('',#1535);
#1535 = AXIS2_PLACEMENT_3D('',#1536,#1537,#1538);
#1536 = CARTESIAN_POINT('',(123.66,55.940084965221,86.049428407693));
#1537 = DIRECTION('',(1.,0.,0.));
#1538 = DIRECTION('',(0.,-0.766044443119,-0.642787609687));
#1539 = ADVANCED_FACE('',(#1540),#1544,.F.);
#1540 = FACE_BOUND('',#1541,.F.);
#1541 = EDGE_LOOP('',(#1542,#1543));
#1542 = ORIENTED_EDGE('',*,*,#746,.T.);
#1543 = ORIENTED_EDGE('',*,*,#1528,.F.);
#1544 = PLANE('',#1545);
#1545 = AXIS2_PLACEMENT_3D('',#1546,#1547,#1548);
#1546 = CARTESIAN_POINT('',(72.5,28.247514461718,68.491124420448));
#1547 = DIRECTION('',(0.,-0.642787609687,0.766044443119));
#1548 = DIRECTION('',(0.,0.766044443119,0.642787609687));
#1549 = ADVANCED_FACE('',(#1550,#1576),#1610,.T.);
#1550 = FACE_BOUND('',#1551,.T.);
#1551 = EDGE_LOOP('',(#1552,#1553,#1554,#1555,#1561,#1562,#1563,#1564,
    #1570,#1571,#1572,#1573,#1574,#1575));
#1552 = ORIENTED_EDGE('',*,*,#819,.T.);
#1553 = ORIENTED_EDGE('',*,*,#788,.F.);
#1554 = ORIENTED_EDGE('',*,*,#1042,.F.);
#1555 = ORIENTED_EDGE('',*,*,#1556,.T.);
#1556 = EDGE_CURVE('',#1043,#1069,#1557,.T.);
#1557 = LINE('',#1558,#1559);
#1558 = CARTESIAN_POINT('',(27.09,15.799292261034,58.045825763041));
#1559 = VECTOR('',#1560,1.);
#1560 = DIRECTION('',(0.,0.766044443119,0.642787609687));
#1561 = ORIENTED_EDGE('',*,*,#1076,.F.);
#1562 = ORIENTED_EDGE('',*,*,#1026,.T.);
#1563 = ORIENTED_EDGE('',*,*,#966,.F.);
#1564 = ORIENTED_EDGE('',*,*,#1565,.T.);
#1565 = EDGE_CURVE('',#967,#993,#1566,.T.);
#1566 = LINE('',#1567,#1568);
#1567 = CARTESIAN_POINT('',(27.09,15.799292261034,58.045825763041));
#1568 = VECTOR('',#1569,1.);
#1569 = DIRECTION('',(0.,0.766044443119,0.642787609687));
#1570 = ORIENTED_EDGE('',*,*,#1000,.F.);
#1571 = ORIENTED_EDGE('',*,*,#935,.F.);
#1572 = ORIENTED_EDGE('',*,*,#917,.T.);
#1573 = ORIENTED_EDGE('',*,*,#885,.F.);
#1574 = ORIENTED_EDGE('',*,*,#868,.T.);
#1575 = ORIENTED_EDGE('',*,*,#836,.F.);
#1576 = FACE_BOUND('',#1577,.T.);
#1577 = EDGE_LOOP('',(#1578,#1588,#1596,#1604));
#1578 = ORIENTED_EDGE('',*,*,#1579,.F.);
#1579 = EDGE_CURVE('',#1580,#1582,#1584,.T.);
#1580 = VERTEX_POINT('',#1581);
#1581 = CARTESIAN_POINT('',(30.74,6.920837165285,50.595917366774));
#1582 = VERTEX_POINT('',#1583);
#1583 = CARTESIAN_POINT('',(30.74,49.57419175815,86.386331474121));
#1584 = LINE('',#1585,#1586);
#1585 = CARTESIAN_POINT('',(30.74,6.920837165285,50.595917366774));
#1586 = VECTOR('',#1587,1.);
#1587 = DIRECTION('',(0.,0.766044443119,0.642787609687));
#1588 = ORIENTED_EDGE('',*,*,#1589,.F.);
#1589 = EDGE_CURVE('',#1590,#1580,#1592,.T.);
#1590 = VERTEX_POINT('',#1591);
#1591 = CARTESIAN_POINT('',(114.26,6.920837165285,50.595917366774));
#1592 = LINE('',#1593,#1594);
#1593 = CARTESIAN_POINT('',(114.26,6.920837165285,50.595917366774));
#1594 = VECTOR('',#1595,1.);
#1595 = DIRECTION('',(-1.,0.,-0.));
#1596 = ORIENTED_EDGE('',*,*,#1597,.F.);
#1597 = EDGE_CURVE('',#1598,#1590,#1600,.T.);
#1598 = VERTEX_POINT('',#1599);
#1599 = CARTESIAN_POINT('',(114.26,49.57419175815,86.386331474121));
#1600 = LINE('',#1601,#1602);
#1601 = CARTESIAN_POINT('',(114.26,49.57419175815,86.386331474121));
#1602 = VECTOR('',#1603,1.);
#1603 = DIRECTION('',(0.,-0.766044443119,-0.642787609687));
#1604 = ORIENTED_EDGE('',*,*,#1605,.F.);
#1605 = EDGE_CURVE('',#1582,#1598,#1606,.T.);
#1606 = LINE('',#1607,#1608);
#1607 = CARTESIAN_POINT('',(30.74,49.57419175815,86.386331474121));
#1608 = VECTOR('',#1609,1.);
#1609 = DIRECTION('',(1.,0.,0.));
#1610 = PLANE('',#1611);
#1611 = AXIS2_PLACEMENT_3D('',#1612,#1613,#1614);
#1612 = CARTESIAN_POINT('',(69.5366828741,28.247514461718,
    68.491124420448));
#1613 = DIRECTION('',(0.,0.642787609687,-0.766044443119));
#1614 = DIRECTION('',(0.,-0.766044443119,-0.642787609687));
#1615 = ADVANCED_FACE('',(#1616),#1627,.F.);
#1616 = FACE_BOUND('',#1617,.F.);
#1617 = EDGE_LOOP('',(#1618,#1624,#1625,#1626));
#1618 = ORIENTED_EDGE('',*,*,#1619,.F.);
#1619 = EDGE_CURVE('',#976,#984,#1620,.T.);
#1620 = LINE('',#1621,#1622);
#1621 = CARTESIAN_POINT('',(27.09,6.147196162487,44.268233778068));
#1622 = VECTOR('',#1623,1.);
#1623 = DIRECTION('',(0.,0.766044443119,0.642787609687));
#1624 = ORIENTED_EDGE('',*,*,#975,.T.);
#1625 = ORIENTED_EDGE('',*,*,#1565,.T.);
#1626 = ORIENTED_EDGE('',*,*,#992,.F.);
#1627 = PLANE('',#1628);
#1628 = AXIS2_PLACEMENT_3D('',#1629,#1630,#1631);
#1629 = CARTESIAN_POINT('',(27.09,6.147196162487,44.268233778068));
#1630 = DIRECTION('',(-1.,0.,0.));
#1631 = DIRECTION('',(0.,0.766044443119,0.642787609687));
#1632 = ADVANCED_FACE('',(#1633,#1637),#1648,.F.);
#1633 = FACE_BOUND('',#1634,.F.);
#1634 = EDGE_LOOP('',(#1635,#1636));
#1635 = ORIENTED_EDGE('',*,*,#983,.F.);
#1636 = ORIENTED_EDGE('',*,*,#1619,.T.);
#1637 = FACE_BOUND('',#1638,.F.);
#1638 = EDGE_LOOP('',(#1639));
#1639 = ORIENTED_EDGE('',*,*,#1640,.T.);
#1640 = EDGE_CURVE('',#1641,#1641,#1643,.T.);
#1641 = VERTEX_POINT('',#1642);
#1642 = CARTESIAN_POINT('',(26.78,52.063900083039,82.796923102679));
#1643 = CIRCLE('',#1644,2.4);
#1644 = AXIS2_PLACEMENT_3D('',#1645,#1646,#1647);
#1645 = CARTESIAN_POINT('',(24.38,52.063900083039,82.796923102679));
#1646 = DIRECTION('',(0.,0.642787609687,-0.766044443119));
#1647 = DIRECTION('',(1.,0.,0.));
#1648 = PLANE('',#1649);
#1649 = AXIS2_PLACEMENT_3D('',#1650,#1651,#1652);
#1650 = CARTESIAN_POINT('',(75.38,31.043640563854,65.15883109288));
#1651 = DIRECTION('',(0.,-0.642787609687,0.766044443119));
#1652 = DIRECTION('',(0.,0.766044443119,0.642787609687));
#1653 = ADVANCED_FACE('',(#1654),#1665,.F.);
#1654 = FACE_BOUND('',#1655,.F.);
#1655 = EDGE_LOOP('',(#1656,#1662,#1663,#1664));
#1656 = ORIENTED_EDGE('',*,*,#1657,.F.);
#1657 = EDGE_CURVE('',#1052,#1060,#1658,.T.);
#1658 = LINE('',#1659,#1660);
#1659 = CARTESIAN_POINT('',(27.09,6.147196162487,44.268233778068));
#1660 = VECTOR('',#1661,1.);
#1661 = DIRECTION('',(0.,0.766044443119,0.642787609687));
#1662 = ORIENTED_EDGE('',*,*,#1051,.T.);
#1663 = ORIENTED_EDGE('',*,*,#1556,.T.);
#1664 = ORIENTED_EDGE('',*,*,#1068,.F.);
#1665 = PLANE('',#1666);
#1666 = AXIS2_PLACEMENT_3D('',#1667,#1668,#1669);
#1667 = CARTESIAN_POINT('',(27.09,6.147196162487,44.268233778068));
#1668 = DIRECTION('',(-1.,0.,0.));
#1669 = DIRECTION('',(0.,0.766044443119,0.642787609687));
#1670 = ADVANCED_FACE('',(#1671,#1675),#1686,.F.);
#1671 = FACE_BOUND('',#1672,.F.);
#1672 = EDGE_LOOP('',(#1673,#1674));
#1673 = ORIENTED_EDGE('',*,*,#1059,.F.);
#1674 = ORIENTED_EDGE('',*,*,#1657,.T.);
#1675 = FACE_BOUND('',#1676,.F.);
#1676 = EDGE_LOOP('',(#1677));
#1677 = ORIENTED_EDGE('',*,*,#1678,.T.);
#1678 = EDGE_CURVE('',#1679,#1679,#1681,.T.);
#1679 = VERTEX_POINT('',#1680);
#1680 = CARTESIAN_POINT('',(26.78,10.023381044669,47.520739083081));
#1681 = CIRCLE('',#1682,2.4);
#1682 = AXIS2_PLACEMENT_3D('',#1683,#1684,#1685);
#1683 = CARTESIAN_POINT('',(24.38,10.023381044669,47.520739083081));
#1684 = DIRECTION('',(0.,0.642787609687,-0.766044443119));
#1685 = DIRECTION('',(1.,0.,0.));
#1686 = PLANE('',#1687);
#1687 = AXIS2_PLACEMENT_3D('',#1688,#1689,#1690);
#1688 = CARTESIAN_POINT('',(75.38,31.043640563854,65.15883109288));
#1689 = DIRECTION('',(0.,-0.642787609687,0.766044443119));
#1690 = DIRECTION('',(0.,0.766044443119,0.642787609687));
#1691 = ADVANCED_FACE('',(#1692,#1725,#1736,#1747),#1758,.T.);
#1692 = FACE_BOUND('',#1693,.T.);
#1693 = EDGE_LOOP('',(#1694,#1695,#1703,#1711,#1719));
#1694 = ORIENTED_EDGE('',*,*,#1093,.F.);
#1695 = ORIENTED_EDGE('',*,*,#1696,.F.);
#1696 = EDGE_CURVE('',#1697,#1094,#1699,.T.);
#1697 = VERTEX_POINT('',#1698);
#1698 = CARTESIAN_POINT('',(0.,0.,48.704867321942));
#1699 = LINE('',#1700,#1701);
#1700 = CARTESIAN_POINT('',(0.,0.,48.704867321942));
#1701 = VECTOR('',#1702,1.);
#1702 = DIRECTION('',(0.,0.,-1.));
#1703 = ORIENTED_EDGE('',*,*,#1704,.T.);
#1704 = EDGE_CURVE('',#1697,#1705,#1707,.T.);
#1705 = VERTEX_POINT('',#1706);
#1706 = CARTESIAN_POINT('',(0.,53.623111018328,93.7));
#1707 = LINE('',#1708,#1709);
#1708 = CARTESIAN_POINT('',(0.,0.,48.704867321942));
#1709 = VECTOR('',#1710,1.);
#1710 = DIRECTION('',(0.,0.766044443119,0.642787609687));
#1711 = ORIENTED_EDGE('',*,*,#1712,.F.);
#1712 = EDGE_CURVE('',#1713,#1705,#1715,.T.);
#1713 = VERTEX_POINT('',#1714);
#1714 = CARTESIAN_POINT('',(0.,200.,93.7));
#1715 = LINE('',#1716,#1717);
#1716 = CARTESIAN_POINT('',(0.,200.,93.7));
#1717 = VECTOR('',#1718,1.);
#1718 = DIRECTION('',(0.,-1.,0.));
#1719 = ORIENTED_EDGE('',*,*,#1720,.F.);
#1720 = EDGE_CURVE('',#1096,#1713,#1721,.T.);
#1721 = LINE('',#1722,#1723);
#1722 = CARTESIAN_POINT('',(0.,200.,0.));
#1723 = VECTOR('',#1724,1.);
#1724 = DIRECTION('',(0.,0.,1.));
#1725 = FACE_BOUND('',#1726,.T.);
#1726 = EDGE_LOOP('',(#1727));
#1727 = ORIENTED_EDGE('',*,*,#1728,.F.);
#1728 = EDGE_CURVE('',#1729,#1729,#1731,.T.);
#1729 = VERTEX_POINT('',#1730);
#1730 = CARTESIAN_POINT('',(0.,181.5,8.65));
#1731 = CIRCLE('',#1732,3.05);
#1732 = AXIS2_PLACEMENT_3D('',#1733,#1734,#1735);
#1733 = CARTESIAN_POINT('',(0.,181.5,5.6));
#1734 = DIRECTION('',(-1.,0.,0.));
#1735 = DIRECTION('',(0.,0.,1.));
#1736 = FACE_BOUND('',#1737,.T.);
#1737 = EDGE_LOOP('',(#1738));
#1738 = ORIENTED_EDGE('',*,*,#1739,.F.);
#1739 = EDGE_CURVE('',#1740,#1740,#1742,.T.);
#1740 = VERTEX_POINT('',#1741);
#1741 = CARTESIAN_POINT('',(0.,100.,8.65));
#1742 = CIRCLE('',#1743,3.05);
#1743 = AXIS2_PLACEMENT_3D('',#1744,#1745,#1746);
#1744 = CARTESIAN_POINT('',(0.,100.,5.6));
#1745 = DIRECTION('',(-1.,0.,0.));
#1746 = DIRECTION('',(0.,0.,1.));
#1747 = FACE_BOUND('',#1748,.T.);
#1748 = EDGE_LOOP('',(#1749));
#1749 = ORIENTED_EDGE('',*,*,#1750,.F.);
#1750 = EDGE_CURVE('',#1751,#1751,#1753,.T.);
#1751 = VERTEX_POINT('',#1752);
#1752 = CARTESIAN_POINT('',(0.,18.5,8.65));
#1753 = CIRCLE('',#1754,3.05);
#1754 = AXIS2_PLACEMENT_3D('',#1755,#1756,#1757);
#1755 = CARTESIAN_POINT('',(0.,18.5,5.6));
#1756 = DIRECTION('',(-1.,0.,0.));
#1757 = DIRECTION('',(0.,0.,1.));
#1758 = PLANE('',#1759);
#1759 = AXIS2_PLACEMENT_3D('',#1760,#1761,#1762);
#1760 = CARTESIAN_POINT('',(0.,107.88184342529,44.312901404242));
#1761 = DIRECTION('',(-1.,-0.,-0.));
#1762 = DIRECTION('',(0.,0.,-1.));
#1763 = ADVANCED_FACE('',(#1764,#1797,#1808,#1819),#1830,.T.);
#1764 = FACE_BOUND('',#1765,.T.);
#1765 = EDGE_LOOP('',(#1766,#1774,#1775,#1783,#1791));
#1766 = ORIENTED_EDGE('',*,*,#1767,.T.);
#1767 = EDGE_CURVE('',#1768,#1104,#1770,.T.);
#1768 = VERTEX_POINT('',#1769);
#1769 = CARTESIAN_POINT('',(145.,-3.2E-14,48.704867321942));
#1770 = LINE('',#1771,#1772);
#1771 = CARTESIAN_POINT('',(145.,-3.2E-14,48.704867321942));
#1772 = VECTOR('',#1773,1.);
#1773 = DIRECTION('',(0.,0.,-1.));
#1774 = ORIENTED_EDGE('',*,*,#1111,.T.);
#1775 = ORIENTED_EDGE('',*,*,#1776,.T.);
#1776 = EDGE_CURVE('',#1112,#1777,#1779,.T.);
#1777 = VERTEX_POINT('',#1778);
#1778 = CARTESIAN_POINT('',(145.,200.,93.7));
#1779 = LINE('',#1780,#1781);
#1780 = CARTESIAN_POINT('',(145.,200.,0.));
#1781 = VECTOR('',#1782,1.);
#1782 = DIRECTION('',(0.,0.,1.));
#1783 = ORIENTED_EDGE('',*,*,#1784,.F.);
#1784 = EDGE_CURVE('',#1785,#1777,#1787,.T.);
#1785 = VERTEX_POINT('',#1786);
#1786 = CARTESIAN_POINT('',(145.,53.623111018328,93.7));
#1787 = LINE('',#1788,#1789);
#1788 = CARTESIAN_POINT('',(145.,200.,93.7));
#1789 = VECTOR('',#1790,1.);
#1790 = DIRECTION('',(0.,1.,0.));
#1791 = ORIENTED_EDGE('',*,*,#1792,.F.);
#1792 = EDGE_CURVE('',#1768,#1785,#1793,.T.);
#1793 = LINE('',#1794,#1795);
#1794 = CARTESIAN_POINT('',(145.,-3.2E-14,48.704867321942));
#1795 = VECTOR('',#1796,1.);
#1796 = DIRECTION('',(0.,0.766044443119,0.642787609687));
#1797 = FACE_BOUND('',#1798,.T.);
#1798 = EDGE_LOOP('',(#1799));
#1799 = ORIENTED_EDGE('',*,*,#1800,.T.);
#1800 = EDGE_CURVE('',#1801,#1801,#1803,.T.);
#1801 = VERTEX_POINT('',#1802);
#1802 = CARTESIAN_POINT('',(145.,181.5,8.65));
#1803 = CIRCLE('',#1804,3.05);
#1804 = AXIS2_PLACEMENT_3D('',#1805,#1806,#1807);
#1805 = CARTESIAN_POINT('',(145.,181.5,5.6));
#1806 = DIRECTION('',(-1.,-4.930380657631E-32,-6.661338147751E-16));
#1807 = DIRECTION('',(-6.661338147751E-16,-1.642146637881E-47,1.));
#1808 = FACE_BOUND('',#1809,.T.);
#1809 = EDGE_LOOP('',(#1810));
#1810 = ORIENTED_EDGE('',*,*,#1811,.T.);
#1811 = EDGE_CURVE('',#1812,#1812,#1814,.T.);
#1812 = VERTEX_POINT('',#1813);
#1813 = CARTESIAN_POINT('',(145.,100.,8.65));
#1814 = CIRCLE('',#1815,3.05);
#1815 = AXIS2_PLACEMENT_3D('',#1816,#1817,#1818);
#1816 = CARTESIAN_POINT('',(145.,100.,5.6));
#1817 = DIRECTION('',(-1.,-4.930380657631E-32,-6.661338147751E-16));
#1818 = DIRECTION('',(-6.661338147751E-16,-1.642146637881E-47,1.));
#1819 = FACE_BOUND('',#1820,.T.);
#1820 = EDGE_LOOP('',(#1821));
#1821 = ORIENTED_EDGE('',*,*,#1822,.T.);
#1822 = EDGE_CURVE('',#1823,#1823,#1825,.T.);
#1823 = VERTEX_POINT('',#1824);
#1824 = CARTESIAN_POINT('',(145.,18.5,8.65));
#1825 = CIRCLE('',#1826,3.05);
#1826 = AXIS2_PLACEMENT_3D('',#1827,#1828,#1829);
#1827 = CARTESIAN_POINT('',(145.,18.5,5.6));
#1828 = DIRECTION('',(-1.,-4.930380657631E-32,-6.661338147751E-16));
#1829 = DIRECTION('',(-6.661338147751E-16,-1.642146637881E-47,1.));
#1830 = PLANE('',#1831);
#1831 = AXIS2_PLACEMENT_3D('',#1832,#1833,#1834);
#1832 = CARTESIAN_POINT('',(145.,107.88184342529,44.312901404242));
#1833 = DIRECTION('',(1.,0.,0.));
#1834 = DIRECTION('',(0.,0.,1.));
#1835 = ADVANCED_FACE('',(#1836),#1847,.F.);
#1836 = FACE_BOUND('',#1837,.F.);
#1837 = EDGE_LOOP('',(#1838,#1844,#1845,#1846));
#1838 = ORIENTED_EDGE('',*,*,#1839,.T.);
#1839 = EDGE_CURVE('',#1697,#1768,#1840,.T.);
#1840 = LINE('',#1841,#1842);
#1841 = CARTESIAN_POINT('',(-1.081E-14,0.,48.704867321942));
#1842 = VECTOR('',#1843,1.);
#1843 = DIRECTION('',(1.,-2.2E-16,0.));
#1844 = ORIENTED_EDGE('',*,*,#1767,.T.);
#1845 = ORIENTED_EDGE('',*,*,#1103,.F.);
#1846 = ORIENTED_EDGE('',*,*,#1696,.F.);
#1847 = PLANE('',#1848);
#1848 = AXIS2_PLACEMENT_3D('',#1849,#1850,#1851);
#1849 = CARTESIAN_POINT('',(-1.081E-14,0.,48.704867321942));
#1850 = DIRECTION('',(2.2E-16,1.,0.));
#1851 = DIRECTION('',(2.2E-16,-4.84E-32,-1.));
#1852 = ADVANCED_FACE('',(#1853),#1864,.F.);
#1853 = FACE_BOUND('',#1854,.F.);
#1854 = EDGE_LOOP('',(#1855,#1861,#1862,#1863));
#1855 = ORIENTED_EDGE('',*,*,#1856,.F.);
#1856 = EDGE_CURVE('',#1801,#1161,#1857,.T.);
#1857 = LINE('',#1858,#1859);
#1858 = CARTESIAN_POINT('',(145.,181.5,8.65));
#1859 = VECTOR('',#1860,1.);
#1860 = DIRECTION('',(-0.707106781187,-3.486305596842E-32,
    -0.707106781187));
#1861 = ORIENTED_EDGE('',*,*,#1800,.T.);
#1862 = ORIENTED_EDGE('',*,*,#1856,.T.);
#1863 = ORIENTED_EDGE('',*,*,#1168,.F.);
#1864 = CONICAL_SURFACE('',#1865,3.05,0.785398163397);
#1865 = AXIS2_PLACEMENT_3D('',#1866,#1867,#1868);
#1866 = CARTESIAN_POINT('',(145.,181.5,5.6));
#1867 = DIRECTION('',(1.,4.930380657631E-32,6.661338147751E-16));
#1868 = DIRECTION('',(-6.661338147751E-16,-1.642146637881E-47,1.));
#1869 = ADVANCED_FACE('',(#1870),#1881,.F.);
#1870 = FACE_BOUND('',#1871,.F.);
#1871 = EDGE_LOOP('',(#1872,#1878,#1879,#1880));
#1872 = ORIENTED_EDGE('',*,*,#1873,.F.);
#1873 = EDGE_CURVE('',#1812,#1186,#1874,.T.);
#1874 = LINE('',#1875,#1876);
#1875 = CARTESIAN_POINT('',(145.,100.,8.65));
#1876 = VECTOR('',#1877,1.);
#1877 = DIRECTION('',(-0.707106781187,-3.486305596842E-32,
    -0.707106781187));
#1878 = ORIENTED_EDGE('',*,*,#1811,.T.);
#1879 = ORIENTED_EDGE('',*,*,#1873,.T.);
#1880 = ORIENTED_EDGE('',*,*,#1193,.F.);
#1881 = CONICAL_SURFACE('',#1882,3.05,0.785398163397);
#1882 = AXIS2_PLACEMENT_3D('',#1883,#1884,#1885);
#1883 = CARTESIAN_POINT('',(145.,100.,5.6));
#1884 = DIRECTION('',(1.,4.930380657631E-32,6.661338147751E-16));
#1885 = DIRECTION('',(-6.661338147751E-16,-1.642146637881E-47,1.));
#1886 = ADVANCED_FACE('',(#1887),#1898,.F.);
#1887 = FACE_BOUND('',#1888,.F.);
#1888 = EDGE_LOOP('',(#1889,#1895,#1896,#1897));
#1889 = ORIENTED_EDGE('',*,*,#1890,.F.);
#1890 = EDGE_CURVE('',#1823,#1211,#1891,.T.);
#1891 = LINE('',#1892,#1893);
#1892 = CARTESIAN_POINT('',(145.,18.5,8.65));
#1893 = VECTOR('',#1894,1.);
#1894 = DIRECTION('',(-0.707106781187,-3.486305596842E-32,
    -0.707106781187));
#1895 = ORIENTED_EDGE('',*,*,#1822,.T.);
#1896 = ORIENTED_EDGE('',*,*,#1890,.T.);
#1897 = ORIENTED_EDGE('',*,*,#1218,.F.);
#1898 = CONICAL_SURFACE('',#1899,3.05,0.785398163397);
#1899 = AXIS2_PLACEMENT_3D('',#1900,#1901,#1902);
#1900 = CARTESIAN_POINT('',(145.,18.5,5.6));
#1901 = DIRECTION('',(1.,4.930380657631E-32,6.661338147751E-16));
#1902 = DIRECTION('',(-6.661338147751E-16,-1.642146637881E-47,1.));
#1903 = ADVANCED_FACE('',(#1904),#1915,.F.);
#1904 = FACE_BOUND('',#1905,.T.);
#1905 = EDGE_LOOP('',(#1906,#1912,#1913,#1914));
#1906 = ORIENTED_EDGE('',*,*,#1907,.F.);
#1907 = EDGE_CURVE('',#1729,#1236,#1908,.T.);
#1908 = LINE('',#1909,#1910);
#1909 = CARTESIAN_POINT('',(0.,181.5,8.65));
#1910 = VECTOR('',#1911,1.);
#1911 = DIRECTION('',(0.707106781187,0.,-0.707106781187));
#1912 = ORIENTED_EDGE('',*,*,#1728,.T.);
#1913 = ORIENTED_EDGE('',*,*,#1907,.T.);
#1914 = ORIENTED_EDGE('',*,*,#1243,.F.);
#1915 = CONICAL_SURFACE('',#1916,3.05,0.785398163397);
#1916 = AXIS2_PLACEMENT_3D('',#1917,#1918,#1919);
#1917 = CARTESIAN_POINT('',(0.,181.5,5.6));
#1918 = DIRECTION('',(-1.,-0.,-0.));
#1919 = DIRECTION('',(0.,0.,1.));
#1920 = ADVANCED_FACE('',(#1921),#1932,.F.);
#1921 = FACE_BOUND('',#1922,.T.);
#1922 = EDGE_LOOP('',(#1923,#1929,#1930,#1931));
#1923 = ORIENTED_EDGE('',*,*,#1924,.F.);
#1924 = EDGE_CURVE('',#1740,#1261,#1925,.T.);
#1925 = LINE('',#1926,#1927);
#1926 = CARTESIAN_POINT('',(0.,100.,8.65));
#1927 = VECTOR('',#1928,1.);
#1928 = DIRECTION('',(0.707106781187,0.,-0.707106781187));
#1929 = ORIENTED_EDGE('',*,*,#1739,.T.);
#1930 = ORIENTED_EDGE('',*,*,#1924,.T.);
#1931 = ORIENTED_EDGE('',*,*,#1268,.F.);
#1932 = CONICAL_SURFACE('',#1933,3.05,0.785398163397);
#1933 = AXIS2_PLACEMENT_3D('',#1934,#1935,#1936);
#1934 = CARTESIAN_POINT('',(0.,100.,5.6));
#1935 = DIRECTION('',(-1.,-0.,-0.));
#1936 = DIRECTION('',(0.,0.,1.));
#1937 = ADVANCED_FACE('',(#1938),#1949,.F.);
#1938 = FACE_BOUND('',#1939,.T.);
#1939 = EDGE_LOOP('',(#1940,#1946,#1947,#1948));
#1940 = ORIENTED_EDGE('',*,*,#1941,.F.);
#1941 = EDGE_CURVE('',#1751,#1286,#1942,.T.);
#1942 = LINE('',#1943,#1944);
#1943 = CARTESIAN_POINT('',(0.,18.5,8.65));
#1944 = VECTOR('',#1945,1.);
#1945 = DIRECTION('',(0.707106781187,0.,-0.707106781187));
#1946 = ORIENTED_EDGE('',*,*,#1750,.T.);
#1947 = ORIENTED_EDGE('',*,*,#1941,.T.);
#1948 = ORIENTED_EDGE('',*,*,#1293,.F.);
#1949 = CONICAL_SURFACE('',#1950,3.05,0.785398163397);
#1950 = AXIS2_PLACEMENT_3D('',#1951,#1952,#1953);
#1951 = CARTESIAN_POINT('',(0.,18.5,5.6));
#1952 = DIRECTION('',(-1.,-0.,-0.));
#1953 = DIRECTION('',(0.,0.,1.));
#1954 = ADVANCED_FACE('',(#1955),#1973,.F.);
#1955 = FACE_BOUND('',#1956,.F.);
#1956 = EDGE_LOOP('',(#1957,#1964,#1965,#1966));
#1957 = ORIENTED_EDGE('',*,*,#1958,.F.);
#1958 = EDGE_CURVE('',#1429,#1959,#1961,.T.);
#1959 = VERTEX_POINT('',#1960);
#1960 = CARTESIAN_POINT('',(136.5,127.5,89.7));
#1961 = B_SPLINE_CURVE_WITH_KNOTS('',1,(#1962,#1963),.UNSPECIFIED.,.F.,
  .F.,(2,2),(-22.5,0.),.PIECEWISE_BEZIER_KNOTS.);
#1962 = CARTESIAN_POINT('',(136.5,127.5,71.2));
#1963 = CARTESIAN_POINT('',(136.5,127.5,93.7));
#1964 = ORIENTED_EDGE('',*,*,#1428,.F.);
#1965 = ORIENTED_EDGE('',*,*,#1958,.T.);
#1966 = ORIENTED_EDGE('',*,*,#1967,.F.);
#1967 = EDGE_CURVE('',#1959,#1959,#1968,.T.);
#1968 = CIRCLE('',#1969,64.);
#1969 = AXIS2_PLACEMENT_3D('',#1970,#1971,#1972);
#1970 = CARTESIAN_POINT('',(72.5,127.5,89.7));
#1971 = DIRECTION('',(0.,2.2E-16,1.));
#1972 = DIRECTION('',(1.,-2.2E-16,4.84E-32));
#1973 = CYLINDRICAL_SURFACE('',#1974,64.);
#1974 = AXIS2_PLACEMENT_3D('',#1975,#1976,#1977);
#1975 = CARTESIAN_POINT('',(72.5,127.5,93.7));
#1976 = DIRECTION('',(0.,0.,1.));
#1977 = DIRECTION('',(1.,0.,0.));
#1978 = ADVANCED_FACE('',(#1979),#1998,.F.);
#1979 = FACE_BOUND('',#1980,.T.);
#1980 = EDGE_LOOP('',(#1981,#1989,#1990,#1991));
#1981 = ORIENTED_EDGE('',*,*,#1982,.T.);
#1982 = EDGE_CURVE('',#1983,#1456,#1985,.T.);
#1983 = VERTEX_POINT('',#1984);
#1984 = CARTESIAN_POINT('',(128.78,6.90586113769,51.236054632209));
#1985 = LINE('',#1986,#1987);
#1986 = CARTESIAN_POINT('',(128.78,6.90586113769,51.236054632209));
#1987 = VECTOR('',#1988,1.);
#1988 = DIRECTION('',(0.,0.642787609687,-0.766044443119));
#1989 = ORIENTED_EDGE('',*,*,#1455,.T.);
#1990 = ORIENTED_EDGE('',*,*,#1982,.F.);
#1991 = ORIENTED_EDGE('',*,*,#1992,.F.);
#1992 = EDGE_CURVE('',#1983,#1983,#1993,.T.);
#1993 = CIRCLE('',#1994,2.4);
#1994 = AXIS2_PLACEMENT_3D('',#1995,#1996,#1997);
#1995 = CARTESIAN_POINT('',(126.38,6.90586113769,51.236054632209));
#1996 = DIRECTION('',(0.,0.642787609687,-0.766044443119));
#1997 = DIRECTION('',(1.,0.,0.));
#1998 = CYLINDRICAL_SURFACE('',#1999,2.4);
#1999 = AXIS2_PLACEMENT_3D('',#2000,#2001,#2002);
#2000 = CARTESIAN_POINT('',(126.38,6.90586113769,51.236054632209));
#2001 = DIRECTION('',(0.,-0.642787609687,0.766044443119));
#2002 = DIRECTION('',(1.,0.,0.));
#2003 = ADVANCED_FACE('',(#2004),#2023,.F.);
#2004 = FACE_BOUND('',#2005,.T.);
#2005 = EDGE_LOOP('',(#2006,#2014,#2015,#2016));
#2006 = ORIENTED_EDGE('',*,*,#2007,.T.);
#2007 = EDGE_CURVE('',#2008,#1510,#2010,.T.);
#2008 = VERTEX_POINT('',#2009);
#2009 = CARTESIAN_POINT('',(128.78,48.946380176059,86.512238651806));
#2010 = LINE('',#2011,#2012);
#2011 = CARTESIAN_POINT('',(128.78,48.946380176059,86.512238651806));
#2012 = VECTOR('',#2013,1.);
#2013 = DIRECTION('',(0.,0.642787609687,-0.766044443119));
#2014 = ORIENTED_EDGE('',*,*,#1509,.T.);
#2015 = ORIENTED_EDGE('',*,*,#2007,.F.);
#2016 = ORIENTED_EDGE('',*,*,#2017,.F.);
#2017 = EDGE_CURVE('',#2008,#2008,#2018,.T.);
#2018 = CIRCLE('',#2019,2.4);
#2019 = AXIS2_PLACEMENT_3D('',#2020,#2021,#2022);
#2020 = CARTESIAN_POINT('',(126.38,48.946380176059,86.512238651806));
#2021 = DIRECTION('',(0.,0.642787609687,-0.766044443119));
#2022 = DIRECTION('',(1.,0.,0.));
#2023 = CYLINDRICAL_SURFACE('',#2024,2.4);
#2024 = AXIS2_PLACEMENT_3D('',#2025,#2026,#2027);
#2025 = CARTESIAN_POINT('',(126.38,48.946380176059,86.512238651806));
#2026 = DIRECTION('',(0.,-0.642787609687,0.766044443119));
#2027 = DIRECTION('',(1.,0.,0.));
#2028 = ADVANCED_FACE('',(#2029),#2054,.T.);
#2029 = FACE_BOUND('',#2030,.T.);
#2030 = EDGE_LOOP('',(#2031,#2041,#2047,#2048));
#2031 = ORIENTED_EDGE('',*,*,#2032,.T.);
#2032 = EDGE_CURVE('',#2033,#2035,#2037,.T.);
#2033 = VERTEX_POINT('',#2034);
#2034 = CARTESIAN_POINT('',(30.74,47.645828929091,88.684464803478));
#2035 = VERTEX_POINT('',#2036);
#2036 = CARTESIAN_POINT('',(30.74,4.992474336226,52.894050696131));
#2037 = LINE('',#2038,#2039);
#2038 = CARTESIAN_POINT('',(30.74,47.64582892909,88.684464803478));
#2039 = VECTOR('',#2040,1.);
#2040 = DIRECTION('',(0.,-0.766044443119,-0.642787609687));
#2041 = ORIENTED_EDGE('',*,*,#2042,.T.);
#2042 = EDGE_CURVE('',#2035,#1580,#2043,.T.);
#2043 = LINE('',#2044,#2045);
#2044 = CARTESIAN_POINT('',(30.74,4.992474336226,52.894050696131));
#2045 = VECTOR('',#2046,1.);
#2046 = DIRECTION('',(0.,0.642787609687,-0.766044443119));
#2047 = ORIENTED_EDGE('',*,*,#1579,.T.);
#2048 = ORIENTED_EDGE('',*,*,#2049,.F.);
#2049 = EDGE_CURVE('',#2033,#1582,#2050,.T.);
#2050 = LINE('',#2051,#2052);
#2051 = CARTESIAN_POINT('',(30.74,49.252797953307,86.76935369568));
#2052 = VECTOR('',#2053,1.);
#2053 = DIRECTION('',(0.,0.642787609687,-0.766044443119));
#2054 = PLANE('',#2055);
#2055 = AXIS2_PLACEMENT_3D('',#2056,#2057,#2058);
#2056 = CARTESIAN_POINT('',(30.74,27.283333047188,69.640191085126));
#2057 = DIRECTION('',(1.,-3.7E-15,4.41E-15));
#2058 = DIRECTION('',(-4.41E-15,0.,1.));
#2059 = ADVANCED_FACE('',(#2060),#2078,.T.);
#2060 = FACE_BOUND('',#2061,.T.);
#2061 = EDGE_LOOP('',(#2062,#2070,#2076,#2077));
#2062 = ORIENTED_EDGE('',*,*,#2063,.T.);
#2063 = EDGE_CURVE('',#2035,#2064,#2066,.T.);
#2064 = VERTEX_POINT('',#2065);
#2065 = CARTESIAN_POINT('',(114.26,4.992474336226,52.894050696131));
#2066 = LINE('',#2067,#2068);
#2067 = CARTESIAN_POINT('',(30.74,4.992474336226,52.894050696131));
#2068 = VECTOR('',#2069,1.);
#2069 = DIRECTION('',(1.,0.,0.));
#2070 = ORIENTED_EDGE('',*,*,#2071,.T.);
#2071 = EDGE_CURVE('',#2064,#1590,#2072,.T.);
#2072 = LINE('',#2073,#2074);
#2073 = CARTESIAN_POINT('',(114.26,4.992474336226,52.894050696131));
#2074 = VECTOR('',#2075,1.);
#2075 = DIRECTION('',(0.,0.642787609687,-0.766044443119));
#2076 = ORIENTED_EDGE('',*,*,#1589,.T.);
#2077 = ORIENTED_EDGE('',*,*,#2042,.F.);
#2078 = PLANE('',#2079);
#2079 = AXIS2_PLACEMENT_3D('',#2080,#2081,#2082);
#2080 = CARTESIAN_POINT('',(72.5,5.956655750756,51.744984031453));
#2081 = DIRECTION('',(0.,0.766044443119,0.642787609687));
#2082 = DIRECTION('',(0.,-0.642787609687,0.766044443119));
#2083 = ADVANCED_FACE('',(#2084),#2102,.T.);
#2084 = FACE_BOUND('',#2085,.T.);
#2085 = EDGE_LOOP('',(#2086,#2094,#2100,#2101));
#2086 = ORIENTED_EDGE('',*,*,#2087,.T.);
#2087 = EDGE_CURVE('',#2064,#2088,#2090,.T.);
#2088 = VERTEX_POINT('',#2089);
#2089 = CARTESIAN_POINT('',(114.26,47.645828929091,88.684464803478));
#2090 = LINE('',#2091,#2092);
#2091 = CARTESIAN_POINT('',(114.26,4.992474336226,52.894050696131));
#2092 = VECTOR('',#2093,1.);
#2093 = DIRECTION('',(0.,0.766044443119,0.642787609687));
#2094 = ORIENTED_EDGE('',*,*,#2095,.T.);
#2095 = EDGE_CURVE('',#2088,#1598,#2096,.T.);
#2096 = LINE('',#2097,#2098);
#2097 = CARTESIAN_POINT('',(114.26,47.645828929091,88.684464803478));
#2098 = VECTOR('',#2099,1.);
#2099 = DIRECTION('',(0.,0.642787609687,-0.766044443119));
#2100 = ORIENTED_EDGE('',*,*,#1597,.T.);
#2101 = ORIENTED_EDGE('',*,*,#2071,.F.);
#2102 = PLANE('',#2103);
#2103 = AXIS2_PLACEMENT_3D('',#2104,#2105,#2106);
#2104 = CARTESIAN_POINT('',(114.26,27.283333047188,69.640191085126));
#2105 = DIRECTION('',(-1.,1.78E-14,-2.122E-14));
#2106 = DIRECTION('',(2.122E-14,0.,-1.));
#2107 = ADVANCED_FACE('',(#2108),#2119,.T.);
#2108 = FACE_BOUND('',#2109,.T.);
#2109 = EDGE_LOOP('',(#2110,#2116,#2117,#2118));
#2110 = ORIENTED_EDGE('',*,*,#2111,.T.);
#2111 = EDGE_CURVE('',#2088,#2033,#2112,.T.);
#2112 = LINE('',#2113,#2114);
#2113 = CARTESIAN_POINT('',(114.26,47.64582892909,88.684464803478));
#2114 = VECTOR('',#2115,1.);
#2115 = DIRECTION('',(-1.,0.,0.));
#2116 = ORIENTED_EDGE('',*,*,#2049,.T.);
#2117 = ORIENTED_EDGE('',*,*,#1605,.T.);
#2118 = ORIENTED_EDGE('',*,*,#2095,.F.);
#2119 = PLANE('',#2120);
#2120 = AXIS2_PLACEMENT_3D('',#2121,#2122,#2123);
#2121 = CARTESIAN_POINT('',(72.5,48.61001034362,87.535398138799));
#2122 = DIRECTION('',(-0.,-0.766044443119,-0.642787609687));
#2123 = DIRECTION('',(0.,0.642787609687,-0.766044443119));
#2124 = ADVANCED_FACE('',(#2125),#2144,.F.);
#2125 = FACE_BOUND('',#2126,.T.);
#2126 = EDGE_LOOP('',(#2127,#2135,#2136,#2137));
#2127 = ORIENTED_EDGE('',*,*,#2128,.T.);
#2128 = EDGE_CURVE('',#2129,#1641,#2131,.T.);
#2129 = VERTEX_POINT('',#2130);
#2130 = CARTESIAN_POINT('',(26.78,48.946380176059,86.512238651806));
#2131 = LINE('',#2132,#2133);
#2132 = CARTESIAN_POINT('',(26.78,48.946380176059,86.512238651806));
#2133 = VECTOR('',#2134,1.);
#2134 = DIRECTION('',(0.,0.642787609687,-0.766044443119));
#2135 = ORIENTED_EDGE('',*,*,#1640,.T.);
#2136 = ORIENTED_EDGE('',*,*,#2128,.F.);
#2137 = ORIENTED_EDGE('',*,*,#2138,.F.);
#2138 = EDGE_CURVE('',#2129,#2129,#2139,.T.);
#2139 = CIRCLE('',#2140,2.4);
#2140 = AXIS2_PLACEMENT_3D('',#2141,#2142,#2143);
#2141 = CARTESIAN_POINT('',(24.38,48.946380176059,86.512238651806));
#2142 = DIRECTION('',(0.,0.642787609687,-0.766044443119));
#2143 = DIRECTION('',(1.,0.,0.));
#2144 = CYLINDRICAL_SURFACE('',#2145,2.4);
#2145 = AXIS2_PLACEMENT_3D('',#2146,#2147,#2148);
#2146 = CARTESIAN_POINT('',(24.38,48.946380176059,86.512238651806));
#2147 = DIRECTION('',(0.,-0.642787609687,0.766044443119));
#2148 = DIRECTION('',(1.,0.,0.));
#2149 = ADVANCED_FACE('',(#2150),#2169,.F.);
#2150 = FACE_BOUND('',#2151,.T.);
#2151 = EDGE_LOOP('',(#2152,#2160,#2161,#2162));
#2152 = ORIENTED_EDGE('',*,*,#2153,.T.);
#2153 = EDGE_CURVE('',#2154,#1679,#2156,.T.);
#2154 = VERTEX_POINT('',#2155);
#2155 = CARTESIAN_POINT('',(26.78,6.90586113769,51.236054632209));
#2156 = LINE('',#2157,#2158);
#2157 = CARTESIAN_POINT('',(26.78,6.90586113769,51.236054632209));
#2158 = VECTOR('',#2159,1.);
#2159 = DIRECTION('',(0.,0.642787609687,-0.766044443119));
#2160 = ORIENTED_EDGE('',*,*,#1678,.T.);
#2161 = ORIENTED_EDGE('',*,*,#2153,.F.);
#2162 = ORIENTED_EDGE('',*,*,#2163,.F.);
#2163 = EDGE_CURVE('',#2154,#2154,#2164,.T.);
#2164 = CIRCLE('',#2165,2.4);
#2165 = AXIS2_PLACEMENT_3D('',#2166,#2167,#2168);
#2166 = CARTESIAN_POINT('',(24.38,6.90586113769,51.236054632209));
#2167 = DIRECTION('',(0.,0.642787609687,-0.766044443119));
#2168 = DIRECTION('',(1.,0.,0.));
#2169 = CYLINDRICAL_SURFACE('',#2170,2.4);
#2170 = AXIS2_PLACEMENT_3D('',#2171,#2172,#2173);
#2171 = CARTESIAN_POINT('',(24.38,6.90586113769,51.236054632209));
#2172 = DIRECTION('',(0.,-0.642787609687,0.766044443119));
#2173 = DIRECTION('',(1.,0.,0.));
#2174 = ADVANCED_FACE('',(#2175,#2237),#2248,.T.);
#2175 = FACE_BOUND('',#2176,.T.);
#2176 = EDGE_LOOP('',(#2177,#2183,#2184,#2190,#2191,#2199,#2207,#2213,
    #2214,#2222,#2230,#2236));
#2177 = ORIENTED_EDGE('',*,*,#2178,.F.);
#2178 = EDGE_CURVE('',#1713,#172,#2179,.T.);
#2179 = LINE('',#2180,#2181);
#2180 = CARTESIAN_POINT('',(44.25,200.,93.7));
#2181 = VECTOR('',#2182,1.);
#2182 = DIRECTION('',(1.,0.,0.));
#2183 = ORIENTED_EDGE('',*,*,#1712,.T.);
#2184 = ORIENTED_EDGE('',*,*,#2185,.T.);
#2185 = EDGE_CURVE('',#1705,#1785,#2186,.T.);
#2186 = LINE('',#2187,#2188);
#2187 = CARTESIAN_POINT('',(-2.081E-14,53.623111018328,93.7));
#2188 = VECTOR('',#2189,1.);
#2189 = DIRECTION('',(1.,-2.2E-16,0.));
#2190 = ORIENTED_EDGE('',*,*,#1784,.T.);
#2191 = ORIENTED_EDGE('',*,*,#2192,.F.);
#2192 = EDGE_CURVE('',#2193,#1777,#2195,.T.);
#2193 = VERTEX_POINT('',#2194);
#2194 = CARTESIAN_POINT('',(129.,200.,93.7));
#2195 = LINE('',#2196,#2197);
#2196 = CARTESIAN_POINT('',(108.75,200.,93.7));
#2197 = VECTOR('',#2198,1.);
#2198 = DIRECTION('',(1.,0.,0.));
#2199 = ORIENTED_EDGE('',*,*,#2200,.F.);
#2200 = EDGE_CURVE('',#2201,#2193,#2203,.T.);
#2201 = VERTEX_POINT('',#2202);
#2202 = CARTESIAN_POINT('',(129.,205.,93.7));
#2203 = LINE('',#2204,#2205);
#2204 = CARTESIAN_POINT('',(129.,164.65577775458,93.7));
#2205 = VECTOR('',#2206,1.);
#2206 = DIRECTION('',(0.,-1.,0.));
#2207 = ORIENTED_EDGE('',*,*,#2208,.T.);
#2208 = EDGE_CURVE('',#2201,#71,#2209,.T.);
#2209 = LINE('',#2210,#2211);
#2210 = CARTESIAN_POINT('',(145.,205.,93.7));
#2211 = VECTOR('',#2212,1.);
#2212 = DIRECTION('',(-1.,-0.,-0.));
#2213 = ORIENTED_EDGE('',*,*,#79,.F.);
#2214 = ORIENTED_EDGE('',*,*,#2215,.F.);
#2215 = EDGE_CURVE('',#2216,#80,#2218,.T.);
#2216 = VERTEX_POINT('',#2217);
#2217 = CARTESIAN_POINT('',(32.,200.,93.7));
#2218 = LINE('',#2219,#2220);
#2219 = CARTESIAN_POINT('',(92.75,200.,93.7));
#2220 = VECTOR('',#2221,1.);
#2221 = DIRECTION('',(1.,0.,0.));
#2222 = ORIENTED_EDGE('',*,*,#2223,.F.);
#2223 = EDGE_CURVE('',#2224,#2216,#2226,.T.);
#2224 = VERTEX_POINT('',#2225);
#2225 = CARTESIAN_POINT('',(32.,205.,93.7));
#2226 = LINE('',#2227,#2228);
#2227 = CARTESIAN_POINT('',(32.,164.65577775458,93.7));
#2228 = VECTOR('',#2229,1.);
#2229 = DIRECTION('',(0.,-1.,0.));
#2230 = ORIENTED_EDGE('',*,*,#2231,.T.);
#2231 = EDGE_CURVE('',#2224,#163,#2232,.T.);
#2232 = LINE('',#2233,#2234);
#2233 = CARTESIAN_POINT('',(145.,205.,93.7));
#2234 = VECTOR('',#2235,1.);
#2235 = DIRECTION('',(-1.,-0.,-0.));
#2236 = ORIENTED_EDGE('',*,*,#171,.F.);
#2237 = FACE_BOUND('',#2238,.T.);
#2238 = EDGE_LOOP('',(#2239));
#2239 = ORIENTED_EDGE('',*,*,#2240,.F.);
#2240 = EDGE_CURVE('',#2241,#2241,#2243,.T.);
#2241 = VERTEX_POINT('',#2242);
#2242 = CARTESIAN_POINT('',(140.5,127.5,93.7));
#2243 = CIRCLE('',#2244,68.);
#2244 = AXIS2_PLACEMENT_3D('',#2245,#2246,#2247);
#2245 = CARTESIAN_POINT('',(72.5,127.5,93.7));
#2246 = DIRECTION('',(0.,2.2E-16,1.));
#2247 = DIRECTION('',(1.,-2.2E-16,4.84E-32));
#2248 = PLANE('',#2249);
#2249 = AXIS2_PLACEMENT_3D('',#2250,#2251,#2252);
#2250 = CARTESIAN_POINT('',(72.5,129.31155550916,93.7));
#2251 = DIRECTION('',(0.,0.,1.));
#2252 = DIRECTION('',(1.,0.,0.));
#2253 = ADVANCED_FACE('',(#2254,#2260),#2266,.T.);
#2254 = FACE_BOUND('',#2255,.T.);
#2255 = EDGE_LOOP('',(#2256,#2257,#2258,#2259));
#2256 = ORIENTED_EDGE('',*,*,#1839,.T.);
#2257 = ORIENTED_EDGE('',*,*,#1792,.T.);
#2258 = ORIENTED_EDGE('',*,*,#2185,.F.);
#2259 = ORIENTED_EDGE('',*,*,#1704,.F.);
#2260 = FACE_BOUND('',#2261,.T.);
#2261 = EDGE_LOOP('',(#2262,#2263,#2264,#2265));
#2262 = ORIENTED_EDGE('',*,*,#2032,.F.);
#2263 = ORIENTED_EDGE('',*,*,#2111,.F.);
#2264 = ORIENTED_EDGE('',*,*,#2087,.F.);
#2265 = ORIENTED_EDGE('',*,*,#2063,.F.);
#2266 = PLANE('',#2267);
#2267 = AXIS2_PLACEMENT_3D('',#2268,#2269,#2270);
#2268 = CARTESIAN_POINT('',(-1.081E-14,0.,48.704867321942));
#2269 = DIRECTION('',(-1.4E-16,-0.642787609687,0.766044443119));
#2270 = DIRECTION('',(-1.4E-16,0.766044443119,0.642787609687));
#2271 = ADVANCED_FACE('',(#2272),#2283,.F.);
#2272 = FACE_BOUND('',#2273,.T.);
#2273 = EDGE_LOOP('',(#2274,#2280,#2281,#2282));
#2274 = ORIENTED_EDGE('',*,*,#2275,.F.);
#2275 = EDGE_CURVE('',#2241,#1959,#2276,.T.);
#2276 = LINE('',#2277,#2278);
#2277 = CARTESIAN_POINT('',(136.5,127.5,89.7));
#2278 = VECTOR('',#2279,1.);
#2279 = DIRECTION('',(-0.707106781187,0.,-0.707106781187));
#2280 = ORIENTED_EDGE('',*,*,#2240,.T.);
#2281 = ORIENTED_EDGE('',*,*,#2275,.T.);
#2282 = ORIENTED_EDGE('',*,*,#1967,.F.);
#2283 = CONICAL_SURFACE('',#2284,64.,0.785398163397);
#2284 = AXIS2_PLACEMENT_3D('',#2285,#2286,#2287);
#2285 = CARTESIAN_POINT('',(72.5,127.5,89.7));
#2286 = DIRECTION('',(0.,2.2E-16,1.));
#2287 = DIRECTION('',(1.,-2.2E-16,4.84E-32));
#2288 = ADVANCED_FACE('',(#2289),#2292,.F.);
#2289 = FACE_BOUND('',#2290,.F.);
#2290 = EDGE_LOOP('',(#2291));
#2291 = ORIENTED_EDGE('',*,*,#1992,.F.);
#2292 = PLANE('',#2293);
#2293 = AXIS2_PLACEMENT_3D('',#2294,#2295,#2296);
#2294 = CARTESIAN_POINT('',(-1.046E-14,1.606969024216,46.789756214145));
#2295 = DIRECTION('',(-1.4E-16,-0.642787609687,0.766044443119));
#2296 = DIRECTION('',(-1.4E-16,0.766044443119,0.642787609687));
#2297 = ADVANCED_FACE('',(#2298),#2301,.F.);
#2298 = FACE_BOUND('',#2299,.F.);
#2299 = EDGE_LOOP('',(#2300));
#2300 = ORIENTED_EDGE('',*,*,#2017,.F.);
#2301 = PLANE('',#2302);
#2302 = AXIS2_PLACEMENT_3D('',#2303,#2304,#2305);
#2303 = CARTESIAN_POINT('',(-1.046E-14,1.606969024216,46.789756214145));
#2304 = DIRECTION('',(-1.4E-16,-0.642787609687,0.766044443119));
#2305 = DIRECTION('',(-1.4E-16,0.766044443119,0.642787609687));
#2306 = ADVANCED_FACE('',(#2307),#2310,.F.);
#2307 = FACE_BOUND('',#2308,.F.);
#2308 = EDGE_LOOP('',(#2309));
#2309 = ORIENTED_EDGE('',*,*,#2138,.F.);
#2310 = PLANE('',#2311);
#2311 = AXIS2_PLACEMENT_3D('',#2312,#2313,#2314);
#2312 = CARTESIAN_POINT('',(-1.046E-14,1.606969024216,46.789756214145));
#2313 = DIRECTION('',(-1.4E-16,-0.642787609687,0.766044443119));
#2314 = DIRECTION('',(-1.4E-16,0.766044443119,0.642787609687));
#2315 = ADVANCED_FACE('',(#2316),#2319,.F.);
#2316 = FACE_BOUND('',#2317,.F.);
#2317 = EDGE_LOOP('',(#2318));
#2318 = ORIENTED_EDGE('',*,*,#2163,.F.);
#2319 = PLANE('',#2320);
#2320 = AXIS2_PLACEMENT_3D('',#2321,#2322,#2323);
#2321 = CARTESIAN_POINT('',(-1.046E-14,1.606969024216,46.789756214145));
#2322 = DIRECTION('',(-1.4E-16,-0.642787609687,0.766044443119));
#2323 = DIRECTION('',(-1.4E-16,0.766044443119,0.642787609687));
#2324 = ADVANCED_FACE('',(#2325),#2347,.T.);
#2325 = FACE_BOUND('',#2326,.T.);
#2326 = EDGE_LOOP('',(#2327,#2336,#2337,#2338,#2339,#2340));
#2327 = ORIENTED_EDGE('',*,*,#2328,.F.);
#2328 = EDGE_CURVE('',#114,#2329,#2331,.T.);
#2329 = VERTEX_POINT('',#2330);
#2330 = CARTESIAN_POINT('',(32.,209.,89.7));
#2331 = CIRCLE('',#2332,4.);
#2332 = AXIS2_PLACEMENT_3D('',#2333,#2334,#2335);
#2333 = CARTESIAN_POINT('',(32.,205.,89.7));
#2334 = DIRECTION('',(1.,0.,0.));
#2335 = DIRECTION('',(0.,1.,0.));
#2336 = ORIENTED_EDGE('',*,*,#123,.T.);
#2337 = ORIENTED_EDGE('',*,*,#153,.T.);
#2338 = ORIENTED_EDGE('',*,*,#162,.T.);
#2339 = ORIENTED_EDGE('',*,*,#2231,.F.);
#2340 = ORIENTED_EDGE('',*,*,#2341,.F.);
#2341 = EDGE_CURVE('',#2329,#2224,#2342,.T.);
#2342 = CIRCLE('',#2343,4.);
#2343 = AXIS2_PLACEMENT_3D('',#2344,#2345,#2346);
#2344 = CARTESIAN_POINT('',(32.,205.,89.7));
#2345 = DIRECTION('',(1.,0.,0.));
#2346 = DIRECTION('',(0.,1.,0.));
#2347 = CYLINDRICAL_SURFACE('',#2348,4.);
#2348 = AXIS2_PLACEMENT_3D('',#2349,#2350,#2351);
#2349 = CARTESIAN_POINT('',(145.,205.,89.7));
#2350 = DIRECTION('',(1.,0.,0.));
#2351 = DIRECTION('',(0.,1.,0.));
#2352 = ADVANCED_FACE('',(#2353,#2365),#2376,.F.);
#2353 = FACE_BOUND('',#2354,.F.);
#2354 = EDGE_LOOP('',(#2355,#2356,#2362,#2363,#2364));
#2355 = ORIENTED_EDGE('',*,*,#113,.T.);
#2356 = ORIENTED_EDGE('',*,*,#2357,.T.);
#2357 = EDGE_CURVE('',#116,#2216,#2358,.T.);
#2358 = LINE('',#2359,#2360);
#2359 = CARTESIAN_POINT('',(32.,200.,0.));
#2360 = VECTOR('',#2361,1.);
#2361 = DIRECTION('',(0.,0.,1.));
#2362 = ORIENTED_EDGE('',*,*,#2223,.F.);
#2363 = ORIENTED_EDGE('',*,*,#2341,.F.);
#2364 = ORIENTED_EDGE('',*,*,#2328,.F.);
#2365 = FACE_BOUND('',#2366,.F.);
#2366 = EDGE_LOOP('',(#2367));
#2367 = ORIENTED_EDGE('',*,*,#2368,.T.);
#2368 = EDGE_CURVE('',#2369,#2369,#2371,.T.);
#2369 = VERTEX_POINT('',#2370);
#2370 = CARTESIAN_POINT('',(32.,206.5,89.7));
#2371 = CIRCLE('',#2372,1.5);
#2372 = AXIS2_PLACEMENT_3D('',#2373,#2374,#2375);
#2373 = CARTESIAN_POINT('',(32.,205.,89.7));
#2374 = DIRECTION('',(1.,0.,0.));
#2375 = DIRECTION('',(0.,1.,0.));
#2376 = PLANE('',#2377);
#2377 = AXIS2_PLACEMENT_3D('',#2378,#2379,#2380);
#2378 = CARTESIAN_POINT('',(32.,200.,0.));
#2379 = DIRECTION('',(-1.,0.,0.));
#2380 = DIRECTION('',(0.,1.,0.));
#2381 = ADVANCED_FACE('',(#2382),#2404,.T.);
#2382 = FACE_BOUND('',#2383,.T.);
#2383 = EDGE_LOOP('',(#2384,#2393,#2394,#2395,#2396,#2397));
#2384 = ORIENTED_EDGE('',*,*,#2385,.F.);
#2385 = EDGE_CURVE('',#22,#2386,#2388,.T.);
#2386 = VERTEX_POINT('',#2387);
#2387 = CARTESIAN_POINT('',(129.,209.,89.7));
#2388 = CIRCLE('',#2389,4.);
#2389 = AXIS2_PLACEMENT_3D('',#2390,#2391,#2392);
#2390 = CARTESIAN_POINT('',(129.,205.,89.7));
#2391 = DIRECTION('',(1.,0.,0.));
#2392 = DIRECTION('',(0.,1.,0.));
#2393 = ORIENTED_EDGE('',*,*,#31,.T.);
#2394 = ORIENTED_EDGE('',*,*,#61,.T.);
#2395 = ORIENTED_EDGE('',*,*,#70,.T.);
#2396 = ORIENTED_EDGE('',*,*,#2208,.F.);
#2397 = ORIENTED_EDGE('',*,*,#2398,.F.);
#2398 = EDGE_CURVE('',#2386,#2201,#2399,.T.);
#2399 = CIRCLE('',#2400,4.);
#2400 = AXIS2_PLACEMENT_3D('',#2401,#2402,#2403);
#2401 = CARTESIAN_POINT('',(129.,205.,89.7));
#2402 = DIRECTION('',(1.,0.,0.));
#2403 = DIRECTION('',(0.,1.,0.));
#2404 = CYLINDRICAL_SURFACE('',#2405,4.);
#2405 = AXIS2_PLACEMENT_3D('',#2406,#2407,#2408);
#2406 = CARTESIAN_POINT('',(145.,205.,89.7));
#2407 = DIRECTION('',(1.,0.,0.));
#2408 = DIRECTION('',(0.,1.,0.));
#2409 = ADVANCED_FACE('',(#2410,#2422),#2433,.F.);
#2410 = FACE_BOUND('',#2411,.F.);
#2411 = EDGE_LOOP('',(#2412,#2413,#2419,#2420,#2421));
#2412 = ORIENTED_EDGE('',*,*,#21,.T.);
#2413 = ORIENTED_EDGE('',*,*,#2414,.T.);
#2414 = EDGE_CURVE('',#24,#2193,#2415,.T.);
#2415 = LINE('',#2416,#2417);
#2416 = CARTESIAN_POINT('',(129.,200.,0.));
#2417 = VECTOR('',#2418,1.);
#2418 = DIRECTION('',(0.,0.,1.));
#2419 = ORIENTED_EDGE('',*,*,#2200,.F.);
#2420 = ORIENTED_EDGE('',*,*,#2398,.F.);
#2421 = ORIENTED_EDGE('',*,*,#2385,.F.);
#2422 = FACE_BOUND('',#2423,.F.);
#2423 = EDGE_LOOP('',(#2424));
#2424 = ORIENTED_EDGE('',*,*,#2425,.T.);
#2425 = EDGE_CURVE('',#2426,#2426,#2428,.T.);
#2426 = VERTEX_POINT('',#2427);
#2427 = CARTESIAN_POINT('',(129.,206.5,89.7));
#2428 = CIRCLE('',#2429,1.5);
#2429 = AXIS2_PLACEMENT_3D('',#2430,#2431,#2432);
#2430 = CARTESIAN_POINT('',(129.,205.,89.7));
#2431 = DIRECTION('',(1.,0.,0.));
#2432 = DIRECTION('',(0.,1.,0.));
#2433 = PLANE('',#2434);
#2434 = AXIS2_PLACEMENT_3D('',#2435,#2436,#2437);
#2435 = CARTESIAN_POINT('',(129.,200.,0.));
#2436 = DIRECTION('',(-1.,0.,0.));
#2437 = DIRECTION('',(0.,1.,0.));
#2438 = ADVANCED_FACE('',(#2439),#2450,.F.);
#2439 = FACE_BOUND('',#2440,.F.);
#2440 = EDGE_LOOP('',(#2441,#2442,#2448,#2449));
#2441 = ORIENTED_EDGE('',*,*,#2368,.F.);
#2442 = ORIENTED_EDGE('',*,*,#2443,.T.);
#2443 = EDGE_CURVE('',#2369,#189,#2444,.T.);
#2444 = LINE('',#2445,#2446);
#2445 = CARTESIAN_POINT('',(145.,206.5,89.7));
#2446 = VECTOR('',#2447,1.);
#2447 = DIRECTION('',(-1.,-0.,-0.));
#2448 = ORIENTED_EDGE('',*,*,#188,.T.);
#2449 = ORIENTED_EDGE('',*,*,#2443,.F.);
#2450 = CYLINDRICAL_SURFACE('',#2451,1.5);
#2451 = AXIS2_PLACEMENT_3D('',#2452,#2453,#2454);
#2452 = CARTESIAN_POINT('',(145.,205.,89.7));
#2453 = DIRECTION('',(1.,0.,0.));
#2454 = DIRECTION('',(0.,1.,0.));
#2455 = ADVANCED_FACE('',(#2456),#2467,.F.);
#2456 = FACE_BOUND('',#2457,.F.);
#2457 = EDGE_LOOP('',(#2458,#2459,#2465,#2466));
#2458 = ORIENTED_EDGE('',*,*,#2425,.F.);
#2459 = ORIENTED_EDGE('',*,*,#2460,.T.);
#2460 = EDGE_CURVE('',#2426,#97,#2461,.T.);
#2461 = LINE('',#2462,#2463);
#2462 = CARTESIAN_POINT('',(145.,206.5,89.7));
#2463 = VECTOR('',#2464,1.);
#2464 = DIRECTION('',(-1.,-0.,-0.));
#2465 = ORIENTED_EDGE('',*,*,#96,.T.);
#2466 = ORIENTED_EDGE('',*,*,#2460,.F.);
#2467 = CYLINDRICAL_SURFACE('',#2468,1.5);
#2468 = AXIS2_PLACEMENT_3D('',#2469,#2470,#2471);
#2469 = CARTESIAN_POINT('',(145.,205.,89.7));
#2470 = DIRECTION('',(1.,0.,0.));
#2471 = DIRECTION('',(0.,1.,0.));
#2472 = ADVANCED_FACE('',(#2473),#2493,.T.);
#2473 = FACE_BOUND('',#2474,.T.);
#2474 = EDGE_LOOP('',(#2475,#2476,#2477,#2478,#2479,#2480,#2481,#2482,
    #2483,#2484,#2485,#2486,#2487,#2488,#2489,#2490,#2491,#2492));
#2475 = ORIENTED_EDGE('',*,*,#1146,.F.);
#2476 = ORIENTED_EDGE('',*,*,#1720,.T.);
#2477 = ORIENTED_EDGE('',*,*,#2178,.T.);
#2478 = ORIENTED_EDGE('',*,*,#179,.F.);
#2479 = ORIENTED_EDGE('',*,*,#139,.F.);
#2480 = ORIENTED_EDGE('',*,*,#2357,.T.);
#2481 = ORIENTED_EDGE('',*,*,#2215,.T.);
#2482 = ORIENTED_EDGE('',*,*,#87,.F.);
#2483 = ORIENTED_EDGE('',*,*,#47,.F.);
#2484 = ORIENTED_EDGE('',*,*,#2414,.T.);
#2485 = ORIENTED_EDGE('',*,*,#2192,.T.);
#2486 = ORIENTED_EDGE('',*,*,#1776,.F.);
#2487 = ORIENTED_EDGE('',*,*,#1119,.F.);
#2488 = ORIENTED_EDGE('',*,*,#1310,.F.);
#2489 = ORIENTED_EDGE('',*,*,#1334,.T.);
#2490 = ORIENTED_EDGE('',*,*,#1359,.F.);
#2491 = ORIENTED_EDGE('',*,*,#1383,.T.);
#2492 = ORIENTED_EDGE('',*,*,#1408,.F.);
#2493 = PLANE('',#2494);
#2494 = AXIS2_PLACEMENT_3D('',#2495,#2496,#2497);
#2495 = CARTESIAN_POINT('',(69.822975813565,200.,48.415440982802));
#2496 = DIRECTION('',(0.,1.,0.));
#2497 = DIRECTION('',(0.,0.,1.));
#2498 = ( GEOMETRIC_REPRESENTATION_CONTEXT(3) 
GLOBAL_UNCERTAINTY_ASSIGNED_CONTEXT((#2502)) 
GLOBAL_UNIT_ASSIGNED_CONTEXT((#2499,#2500,#2501)) REPRESENTATION_CONTEXT
('Context #1','3D Context with UNIT and UNCERTAINTY') );
#2499 = ( LENGTH_UNIT() NAMED_UNIT(*) SI_UNIT(.MILLI.,.METRE.) );
#2500 = ( NAMED_UNIT(*) PLANE_ANGLE_UNIT() SI_UNIT($,.RADIAN.) );
#2501 = ( NAMED_UNIT(*) SI_UNIT($,.STERADIAN.) SOLID_ANGLE_UNIT() );
#2502 = UNCERTAINTY_MEASURE_WITH_UNIT(LENGTH_MEASURE(5.E-05),#2499,
  'distance_accuracy_value','confusion accuracy');
#2503 = PRODUCT_RELATED_PRODUCT_CATEGORY('part',$,(#7));
#2504 = MECHANICAL_DESIGN_GEOMETRIC_PRESENTATION_REPRESENTATION('',(
    #2505),#2498);
#2505 = STYLED_ITEM('color',(#2506),#15);
#2506 = PRESENTATION_STYLE_ASSIGNMENT((#2507,#2513));
#2507 = SURFACE_STYLE_USAGE(.BOTH.,#2508);
#2508 = SURFACE_SIDE_STYLE('',(#2509));
#2509 = SURFACE_STYLE_FILL_AREA(#2510);
#2510 = FILL_AREA_STYLE('',(#2511));
#2511 = FILL_AREA_STYLE_COLOUR('',#2512);
#2512 = COLOUR_RGB('',0.447058818107,0.474509808674,0.501960817233);
#2513 = CURVE_STYLE('',#2514,POSITIVE_LENGTH_MEASURE(0.1),#2515);
#2514 = DRAUGHTING_PRE_DEFINED_CURVE_FONT('continuous');
#2515 = COLOUR_RGB('',9.803921802644E-02,9.803921802644E-02,
  9.803921802644E-02);
ENDSEC;
END-ISO-10303-21;
